ImagePath,Label
Forest/Forest_904.jpg,1
Pasture/Pasture_593.jpg,5
PermanentCrop/PermanentCrop_2252.jpg,6
AnnualCrop/AnnualCrop_394.jpg,0
Residential/Residential_1142.jpg,7
Forest/Forest_892.jpg,1
Industrial/Industrial_1809.jpg,4
River/River_2211.jpg,8
AnnualCrop/AnnualCrop_2050.jpg,0
PermanentCrop/PermanentCrop_2075.jpg,6
Residential/Residential_2290.jpg,7
PermanentCrop/PermanentCrop_1922.jpg,6
River/River_1089.jpg,8
HerbaceousVegetation/HerbaceousVegetation_903.jpg,2
AnnualCrop/AnnualCrop_973.jpg,0
AnnualCrop/AnnualCrop_522.jpg,0
HerbaceousVegetation/HerbaceousVegetation_2322.jpg,2
River/River_983.jpg,8
SeaLake/SeaLake_1942.jpg,9
SeaLake/SeaLake_1605.jpg,9
Industrial/Industrial_761.jpg,4
River/River_237.jpg,8
River/River_2065.jpg,8
Forest/Forest_2819.jpg,1
Forest/Forest_2549.jpg,1
HerbaceousVegetation/HerbaceousVegetation_1764.jpg,2
SeaLake/SeaLake_2912.jpg,9
Pasture/Pasture_972.jpg,5
SeaLake/SeaLake_2652.jpg,9
SeaLake/SeaLake_1137.jpg,9
PermanentCrop/PermanentCrop_2499.jpg,6
Highway/Highway_2199.jpg,3
Industrial/Industrial_389.jpg,4
PermanentCrop/PermanentCrop_2044.jpg,6
PermanentCrop/PermanentCrop_1228.jpg,6
Industrial/Industrial_1209.jpg,4
Industrial/Industrial_1932.jpg,4
River/River_348.jpg,8
PermanentCrop/PermanentCrop_486.jpg,6
Industrial/Industrial_353.jpg,4
River/River_2341.jpg,8
River/River_2416.jpg,8
Pasture/Pasture_1674.jpg,5
PermanentCrop/PermanentCrop_2442.jpg,6
PermanentCrop/PermanentCrop_1656.jpg,6
Pasture/Pasture_1194.jpg,5
River/River_1093.jpg,8
Highway/Highway_776.jpg,3
AnnualCrop/AnnualCrop_274.jpg,0
Highway/Highway_1071.jpg,3
Pasture/Pasture_1948.jpg,5
Residential/Residential_1127.jpg,7
SeaLake/SeaLake_1305.jpg,9
River/River_876.jpg,8
PermanentCrop/PermanentCrop_629.jpg,6
HerbaceousVegetation/HerbaceousVegetation_1878.jpg,2
HerbaceousVegetation/HerbaceousVegetation_2017.jpg,2
River/River_691.jpg,8
Forest/Forest_1854.jpg,1
SeaLake/SeaLake_2120.jpg,9
Pasture/Pasture_1391.jpg,5
Industrial/Industrial_36.jpg,4
AnnualCrop/AnnualCrop_2383.jpg,0
Highway/Highway_1417.jpg,3
AnnualCrop/AnnualCrop_2715.jpg,0
Residential/Residential_2234.jpg,7
River/River_793.jpg,8
River/River_861.jpg,8
SeaLake/SeaLake_2835.jpg,9
Highway/Highway_1769.jpg,3
PermanentCrop/PermanentCrop_1874.jpg,6
AnnualCrop/AnnualCrop_1130.jpg,0
Industrial/Industrial_2110.jpg,4
PermanentCrop/PermanentCrop_48.jpg,6
Highway/Highway_1793.jpg,3
AnnualCrop/AnnualCrop_465.jpg,0
Highway/Highway_1343.jpg,3
Pasture/Pasture_864.jpg,5
Highway/Highway_1342.jpg,3
Pasture/Pasture_1787.jpg,5
River/River_1657.jpg,8
Industrial/Industrial_537.jpg,4
PermanentCrop/PermanentCrop_841.jpg,6
AnnualCrop/AnnualCrop_1067.jpg,0
Forest/Forest_1540.jpg,1
Forest/Forest_976.jpg,1
HerbaceousVegetation/HerbaceousVegetation_1458.jpg,2
AnnualCrop/AnnualCrop_933.jpg,0
SeaLake/SeaLake_2181.jpg,9
River/River_564.jpg,8
River/River_653.jpg,8
Forest/Forest_1087.jpg,1
Residential/Residential_418.jpg,7
SeaLake/SeaLake_2690.jpg,9
River/River_510.jpg,8
Residential/Residential_482.jpg,7
Industrial/Industrial_2173.jpg,4
Forest/Forest_720.jpg,1
Forest/Forest_2858.jpg,1
AnnualCrop/AnnualCrop_122.jpg,0
Residential/Residential_338.jpg,7
AnnualCrop/AnnualCrop_680.jpg,0
HerbaceousVegetation/HerbaceousVegetation_310.jpg,2
Residential/Residential_1913.jpg,7
Industrial/Industrial_1887.jpg,4
Industrial/Industrial_208.jpg,4
Pasture/Pasture_979.jpg,5
River/River_1479.jpg,8
AnnualCrop/AnnualCrop_304.jpg,0
Industrial/Industrial_132.jpg,4
Industrial/Industrial_1122.jpg,4
Residential/Residential_2827.jpg,7
Industrial/Industrial_2175.jpg,4
Residential/Residential_2103.jpg,7
Highway/Highway_2413.jpg,3
HerbaceousVegetation/HerbaceousVegetation_2666.jpg,2
Industrial/Industrial_592.jpg,4
Residential/Residential_2709.jpg,7
Forest/Forest_2471.jpg,1
SeaLake/SeaLake_1196.jpg,9
Highway/Highway_1644.jpg,3
PermanentCrop/PermanentCrop_2065.jpg,6
PermanentCrop/PermanentCrop_2017.jpg,6
Forest/Forest_1224.jpg,1
SeaLake/SeaLake_1710.jpg,9
AnnualCrop/AnnualCrop_997.jpg,0
Highway/Highway_2476.jpg,3
Residential/Residential_1498.jpg,7
HerbaceousVegetation/HerbaceousVegetation_2312.jpg,2
Pasture/Pasture_553.jpg,5
SeaLake/SeaLake_238.jpg,9
HerbaceousVegetation/HerbaceousVegetation_2452.jpg,2
PermanentCrop/PermanentCrop_833.jpg,6
Industrial/Industrial_125.jpg,4
Highway/Highway_968.jpg,3
Residential/Residential_2993.jpg,7
HerbaceousVegetation/HerbaceousVegetation_36.jpg,2
AnnualCrop/AnnualCrop_1638.jpg,0
SeaLake/SeaLake_14.jpg,9
Highway/Highway_159.jpg,3
Highway/Highway_2109.jpg,3
PermanentCrop/PermanentCrop_1077.jpg,6
HerbaceousVegetation/HerbaceousVegetation_886.jpg,2
HerbaceousVegetation/HerbaceousVegetation_106.jpg,2
Forest/Forest_1036.jpg,1
Highway/Highway_1888.jpg,3
Highway/Highway_1026.jpg,3
Industrial/Industrial_1289.jpg,4
PermanentCrop/PermanentCrop_1299.jpg,6
Residential/Residential_721.jpg,7
HerbaceousVegetation/HerbaceousVegetation_360.jpg,2
Industrial/Industrial_73.jpg,4
Industrial/Industrial_620.jpg,4
HerbaceousVegetation/HerbaceousVegetation_1298.jpg,2
PermanentCrop/PermanentCrop_1615.jpg,6
HerbaceousVegetation/HerbaceousVegetation_2682.jpg,2
AnnualCrop/AnnualCrop_1950.jpg,0
Residential/Residential_1787.jpg,7
HerbaceousVegetation/HerbaceousVegetation_2060.jpg,2
Industrial/Industrial_103.jpg,4
Industrial/Industrial_1961.jpg,4
HerbaceousVegetation/HerbaceousVegetation_486.jpg,2
AnnualCrop/AnnualCrop_695.jpg,0
HerbaceousVegetation/HerbaceousVegetation_2091.jpg,2
Residential/Residential_2201.jpg,7
HerbaceousVegetation/HerbaceousVegetation_392.jpg,2
River/River_475.jpg,8
Industrial/Industrial_1573.jpg,4
Forest/Forest_72.jpg,1
HerbaceousVegetation/HerbaceousVegetation_1123.jpg,2
Residential/Residential_907.jpg,7
PermanentCrop/PermanentCrop_338.jpg,6
AnnualCrop/AnnualCrop_2264.jpg,0
River/River_1570.jpg,8
Forest/Forest_417.jpg,1
HerbaceousVegetation/HerbaceousVegetation_745.jpg,2
Forest/Forest_1085.jpg,1
Industrial/Industrial_633.jpg,4
Industrial/Industrial_2133.jpg,4
Highway/Highway_208.jpg,3
PermanentCrop/PermanentCrop_1196.jpg,6
Highway/Highway_251.jpg,3
HerbaceousVegetation/HerbaceousVegetation_1885.jpg,2
SeaLake/SeaLake_620.jpg,9
SeaLake/SeaLake_344.jpg,9
Pasture/Pasture_501.jpg,5
SeaLake/SeaLake_473.jpg,9
PermanentCrop/PermanentCrop_2247.jpg,6
Pasture/Pasture_1588.jpg,5
River/River_1165.jpg,8
River/River_1682.jpg,8
Pasture/Pasture_1012.jpg,5
Forest/Forest_616.jpg,1
Pasture/Pasture_1177.jpg,5
HerbaceousVegetation/HerbaceousVegetation_2751.jpg,2
Residential/Residential_1296.jpg,7
Pasture/Pasture_181.jpg,5
Forest/Forest_1446.jpg,1
SeaLake/SeaLake_1949.jpg,9
SeaLake/SeaLake_360.jpg,9
Highway/Highway_1353.jpg,3
PermanentCrop/PermanentCrop_1193.jpg,6
PermanentCrop/PermanentCrop_626.jpg,6
AnnualCrop/AnnualCrop_2490.jpg,0
River/River_1884.jpg,8
Highway/Highway_891.jpg,3
Pasture/Pasture_831.jpg,5
SeaLake/SeaLake_2826.jpg,9
PermanentCrop/PermanentCrop_1152.jpg,6
Forest/Forest_2681.jpg,1
Pasture/Pasture_1550.jpg,5
PermanentCrop/PermanentCrop_518.jpg,6
HerbaceousVegetation/HerbaceousVegetation_2140.jpg,2
AnnualCrop/AnnualCrop_2536.jpg,0
AnnualCrop/AnnualCrop_863.jpg,0
River/River_2465.jpg,8
PermanentCrop/PermanentCrop_1726.jpg,6
HerbaceousVegetation/HerbaceousVegetation_1948.jpg,2
AnnualCrop/AnnualCrop_2144.jpg,0
AnnualCrop/AnnualCrop_2082.jpg,0
SeaLake/SeaLake_1348.jpg,9
Forest/Forest_711.jpg,1
Residential/Residential_1466.jpg,7
Pasture/Pasture_1716.jpg,5
Highway/Highway_2474.jpg,3
PermanentCrop/PermanentCrop_1456.jpg,6
Forest/Forest_2722.jpg,1
Industrial/Industrial_1700.jpg,4
Forest/Forest_1428.jpg,1
Highway/Highway_356.jpg,3
Forest/Forest_2919.jpg,1
PermanentCrop/PermanentCrop_1169.jpg,6
Highway/Highway_293.jpg,3
River/River_700.jpg,8
Residential/Residential_1824.jpg,7
Industrial/Industrial_607.jpg,4
Forest/Forest_927.jpg,1
SeaLake/SeaLake_1307.jpg,9
Forest/Forest_246.jpg,1
River/River_1263.jpg,8
Industrial/Industrial_1982.jpg,4
AnnualCrop/AnnualCrop_1975.jpg,0
PermanentCrop/PermanentCrop_1645.jpg,6
Forest/Forest_2765.jpg,1
PermanentCrop/PermanentCrop_2309.jpg,6
SeaLake/SeaLake_2129.jpg,9
Forest/Forest_2349.jpg,1
PermanentCrop/PermanentCrop_565.jpg,6
Industrial/Industrial_326.jpg,4
Industrial/Industrial_1859.jpg,4
PermanentCrop/PermanentCrop_2232.jpg,6
Highway/Highway_2266.jpg,3
AnnualCrop/AnnualCrop_2682.jpg,0
Forest/Forest_2903.jpg,1
Highway/Highway_1956.jpg,3
Highway/Highway_1461.jpg,3
Forest/Forest_117.jpg,1
HerbaceousVegetation/HerbaceousVegetation_1284.jpg,2
AnnualCrop/AnnualCrop_510.jpg,0
Residential/Residential_421.jpg,7
Residential/Residential_2961.jpg,7
Highway/Highway_261.jpg,3
Industrial/Industrial_2166.jpg,4
Highway/Highway_466.jpg,3
Industrial/Industrial_2450.jpg,4
Industrial/Industrial_248.jpg,4
Forest/Forest_2214.jpg,1
River/River_1483.jpg,8
River/River_576.jpg,8
Forest/Forest_1045.jpg,1
SeaLake/SeaLake_2143.jpg,9
Residential/Residential_2080.jpg,7
SeaLake/SeaLake_56.jpg,9
SeaLake/SeaLake_1349.jpg,9
Residential/Residential_2645.jpg,7
Highway/Highway_429.jpg,3
Forest/Forest_112.jpg,1
River/River_507.jpg,8
Industrial/Industrial_1571.jpg,4
SeaLake/SeaLake_2668.jpg,9
Forest/Forest_756.jpg,1
Forest/Forest_1903.jpg,1
Highway/Highway_988.jpg,3
HerbaceousVegetation/HerbaceousVegetation_2365.jpg,2
Industrial/Industrial_402.jpg,4
River/River_1409.jpg,8
Forest/Forest_726.jpg,1
Industrial/Industrial_134.jpg,4
River/River_1438.jpg,8
Residential/Residential_2018.jpg,7
Industrial/Industrial_1082.jpg,4
PermanentCrop/PermanentCrop_2049.jpg,6
PermanentCrop/PermanentCrop_1980.jpg,6
SeaLake/SeaLake_430.jpg,9
SeaLake/SeaLake_2999.jpg,9
HerbaceousVegetation/HerbaceousVegetation_1487.jpg,2
Highway/Highway_1669.jpg,3
River/River_423.jpg,8
SeaLake/SeaLake_2892.jpg,9
Forest/Forest_2640.jpg,1
Highway/Highway_2139.jpg,3
HerbaceousVegetation/HerbaceousVegetation_747.jpg,2
Highway/Highway_1524.jpg,3
River/River_1887.jpg,8
Pasture/Pasture_544.jpg,5
HerbaceousVegetation/HerbaceousVegetation_2795.jpg,2
HerbaceousVegetation/HerbaceousVegetation_1046.jpg,2
River/River_2074.jpg,8
AnnualCrop/AnnualCrop_1199.jpg,0
PermanentCrop/PermanentCrop_2373.jpg,6
AnnualCrop/AnnualCrop_18.jpg,0
SeaLake/SeaLake_34.jpg,9
Forest/Forest_2276.jpg,1
PermanentCrop/PermanentCrop_866.jpg,6
PermanentCrop/PermanentCrop_2368.jpg,6
Pasture/Pasture_248.jpg,5
Residential/Residential_2498.jpg,7
HerbaceousVegetation/HerbaceousVegetation_2551.jpg,2
Highway/Highway_1117.jpg,3
Industrial/Industrial_1620.jpg,4
River/River_1012.jpg,8
River/River_937.jpg,8
Forest/Forest_2546.jpg,1
Forest/Forest_131.jpg,1
Forest/Forest_2361.jpg,1
HerbaceousVegetation/HerbaceousVegetation_2613.jpg,2
AnnualCrop/AnnualCrop_2729.jpg,0
SeaLake/SeaLake_655.jpg,9
Pasture/Pasture_887.jpg,5
AnnualCrop/AnnualCrop_188.jpg,0
SeaLake/SeaLake_1791.jpg,9
Forest/Forest_1783.jpg,1
SeaLake/SeaLake_1647.jpg,9
Residential/Residential_144.jpg,7
Highway/Highway_1065.jpg,3
AnnualCrop/AnnualCrop_1522.jpg,0
PermanentCrop/PermanentCrop_2174.jpg,6
Industrial/Industrial_1272.jpg,4
PermanentCrop/PermanentCrop_145.jpg,6
Residential/Residential_632.jpg,7
River/River_535.jpg,8
AnnualCrop/AnnualCrop_158.jpg,0
River/River_1215.jpg,8
PermanentCrop/PermanentCrop_1108.jpg,6
SeaLake/SeaLake_1922.jpg,9
AnnualCrop/AnnualCrop_2306.jpg,0
Industrial/Industrial_764.jpg,4
HerbaceousVegetation/HerbaceousVegetation_515.jpg,2
SeaLake/SeaLake_1310.jpg,9
Highway/Highway_1828.jpg,3
AnnualCrop/AnnualCrop_1666.jpg,0
HerbaceousVegetation/HerbaceousVegetation_2222.jpg,2
River/River_1736.jpg,8
Pasture/Pasture_982.jpg,5
HerbaceousVegetation/HerbaceousVegetation_520.jpg,2
AnnualCrop/AnnualCrop_2813.jpg,0
Industrial/Industrial_417.jpg,4
PermanentCrop/PermanentCrop_1736.jpg,6
Highway/Highway_48.jpg,3
Forest/Forest_489.jpg,1
HerbaceousVegetation/HerbaceousVegetation_809.jpg,2
PermanentCrop/PermanentCrop_203.jpg,6
Industrial/Industrial_2196.jpg,4
PermanentCrop/PermanentCrop_2159.jpg,6
HerbaceousVegetation/HerbaceousVegetation_1796.jpg,2
Industrial/Industrial_2087.jpg,4
Industrial/Industrial_952.jpg,4
PermanentCrop/PermanentCrop_1424.jpg,6
PermanentCrop/PermanentCrop_2227.jpg,6
River/River_730.jpg,8
Pasture/Pasture_1089.jpg,5
PermanentCrop/PermanentCrop_1171.jpg,6
PermanentCrop/PermanentCrop_822.jpg,6
SeaLake/SeaLake_1584.jpg,9
Pasture/Pasture_538.jpg,5
HerbaceousVegetation/HerbaceousVegetation_38.jpg,2
HerbaceousVegetation/HerbaceousVegetation_492.jpg,2
Forest/Forest_2252.jpg,1
Forest/Forest_227.jpg,1
Pasture/Pasture_1897.jpg,5
AnnualCrop/AnnualCrop_529.jpg,0
Highway/Highway_1533.jpg,3
River/River_1148.jpg,8
Residential/Residential_1870.jpg,7
River/River_58.jpg,8
Highway/Highway_1356.jpg,3
Residential/Residential_588.jpg,7
Residential/Residential_2984.jpg,7
Residential/Residential_2092.jpg,7
Pasture/Pasture_148.jpg,5
AnnualCrop/AnnualCrop_106.jpg,0
Highway/Highway_131.jpg,3
Residential/Residential_1517.jpg,7
Residential/Residential_347.jpg,7
Pasture/Pasture_875.jpg,5
River/River_2014.jpg,8
Forest/Forest_1726.jpg,1
Forest/Forest_2072.jpg,1
HerbaceousVegetation/HerbaceousVegetation_2083.jpg,2
HerbaceousVegetation/HerbaceousVegetation_53.jpg,2
PermanentCrop/PermanentCrop_1521.jpg,6
Industrial/Industrial_748.jpg,4
Industrial/Industrial_636.jpg,4
HerbaceousVegetation/HerbaceousVegetation_1508.jpg,2
PermanentCrop/PermanentCrop_1689.jpg,6
SeaLake/SeaLake_1600.jpg,9
Residential/Residential_2675.jpg,7
SeaLake/SeaLake_1744.jpg,9
HerbaceousVegetation/HerbaceousVegetation_2707.jpg,2
AnnualCrop/AnnualCrop_1156.jpg,0
AnnualCrop/AnnualCrop_2175.jpg,0
River/River_640.jpg,8
Residential/Residential_52.jpg,7
River/River_696.jpg,8
SeaLake/SeaLake_1617.jpg,9
PermanentCrop/PermanentCrop_1200.jpg,6
Residential/Residential_353.jpg,7
PermanentCrop/PermanentCrop_2154.jpg,6
HerbaceousVegetation/HerbaceousVegetation_2769.jpg,2
Forest/Forest_2083.jpg,1
River/River_1142.jpg,8
PermanentCrop/PermanentCrop_1380.jpg,6
HerbaceousVegetation/HerbaceousVegetation_666.jpg,2
SeaLake/SeaLake_1164.jpg,9
Industrial/Industrial_2487.jpg,4
Highway/Highway_995.jpg,3
Pasture/Pasture_437.jpg,5
HerbaceousVegetation/HerbaceousVegetation_2736.jpg,2
Pasture/Pasture_414.jpg,5
SeaLake/SeaLake_542.jpg,9
Forest/Forest_400.jpg,1
River/River_456.jpg,8
PermanentCrop/PermanentCrop_1714.jpg,6
Residential/Residential_1311.jpg,7
Forest/Forest_1016.jpg,1
Industrial/Industrial_1040.jpg,4
Forest/Forest_2380.jpg,1
AnnualCrop/AnnualCrop_514.jpg,0
HerbaceousVegetation/HerbaceousVegetation_2502.jpg,2
AnnualCrop/AnnualCrop_2517.jpg,0
SeaLake/SeaLake_2378.jpg,9
HerbaceousVegetation/HerbaceousVegetation_2650.jpg,2
Highway/Highway_2227.jpg,3
HerbaceousVegetation/HerbaceousVegetation_961.jpg,2
Highway/Highway_654.jpg,3
HerbaceousVegetation/HerbaceousVegetation_20.jpg,2
Industrial/Industrial_165.jpg,4
River/River_2357.jpg,8
Highway/Highway_581.jpg,3
Pasture/Pasture_1397.jpg,5
SeaLake/SeaLake_734.jpg,9
PermanentCrop/PermanentCrop_1982.jpg,6
AnnualCrop/AnnualCrop_872.jpg,0
PermanentCrop/PermanentCrop_1872.jpg,6
HerbaceousVegetation/HerbaceousVegetation_2873.jpg,2
AnnualCrop/AnnualCrop_434.jpg,0
River/River_93.jpg,8
Industrial/Industrial_1270.jpg,4
Residential/Residential_863.jpg,7
Highway/Highway_1941.jpg,3
Forest/Forest_2811.jpg,1
Highway/Highway_1982.jpg,3
PermanentCrop/PermanentCrop_259.jpg,6
AnnualCrop/AnnualCrop_1543.jpg,0
Forest/Forest_1459.jpg,1
HerbaceousVegetation/HerbaceousVegetation_2257.jpg,2
Residential/Residential_2621.jpg,7
Residential/Residential_2578.jpg,7
SeaLake/SeaLake_640.jpg,9
Forest/Forest_1107.jpg,1
Highway/Highway_1873.jpg,3
Forest/Forest_1566.jpg,1
Forest/Forest_289.jpg,1
Residential/Residential_569.jpg,7
Residential/Residential_2409.jpg,7
Pasture/Pasture_314.jpg,5
Forest/Forest_1421.jpg,1
AnnualCrop/AnnualCrop_584.jpg,0
HerbaceousVegetation/HerbaceousVegetation_2149.jpg,2
AnnualCrop/AnnualCrop_2748.jpg,0
AnnualCrop/AnnualCrop_2457.jpg,0
Industrial/Industrial_612.jpg,4
Forest/Forest_2298.jpg,1
SeaLake/SeaLake_1693.jpg,9
Highway/Highway_601.jpg,3
Forest/Forest_1145.jpg,1
Industrial/Industrial_2351.jpg,4
PermanentCrop/PermanentCrop_1120.jpg,6
Pasture/Pasture_776.jpg,5
Pasture/Pasture_720.jpg,5
HerbaceousVegetation/HerbaceousVegetation_977.jpg,2
SeaLake/SeaLake_537.jpg,9
Forest/Forest_1272.jpg,1
Industrial/Industrial_1526.jpg,4
Residential/Residential_1312.jpg,7
Forest/Forest_2744.jpg,1
Residential/Residential_677.jpg,7
River/River_2421.jpg,8
Forest/Forest_43.jpg,1
Highway/Highway_1750.jpg,3
Industrial/Industrial_296.jpg,4
River/River_42.jpg,8
AnnualCrop/AnnualCrop_2742.jpg,0
River/River_2135.jpg,8
SeaLake/SeaLake_2110.jpg,9
Forest/Forest_1151.jpg,1
Pasture/Pasture_995.jpg,5
SeaLake/SeaLake_1613.jpg,9
Industrial/Industrial_1136.jpg,4
River/River_1650.jpg,8
SeaLake/SeaLake_1659.jpg,9
River/River_1952.jpg,8
River/River_715.jpg,8
River/River_1135.jpg,8
HerbaceousVegetation/HerbaceousVegetation_1008.jpg,2
Industrial/Industrial_483.jpg,4
Forest/Forest_1423.jpg,1
SeaLake/SeaLake_46.jpg,9
Residential/Residential_2879.jpg,7
Industrial/Industrial_198.jpg,4
Pasture/Pasture_309.jpg,5
Highway/Highway_1322.jpg,3
Residential/Residential_2837.jpg,7
Pasture/Pasture_498.jpg,5
River/River_2451.jpg,8
Forest/Forest_1774.jpg,1
River/River_541.jpg,8
HerbaceousVegetation/HerbaceousVegetation_304.jpg,2
HerbaceousVegetation/HerbaceousVegetation_2163.jpg,2
PermanentCrop/PermanentCrop_915.jpg,6
Highway/Highway_78.jpg,3
SeaLake/SeaLake_1588.jpg,9
SeaLake/SeaLake_711.jpg,9
AnnualCrop/AnnualCrop_985.jpg,0
PermanentCrop/PermanentCrop_688.jpg,6
Forest/Forest_2735.jpg,1
Highway/Highway_790.jpg,3
SeaLake/SeaLake_2785.jpg,9
River/River_717.jpg,8
HerbaceousVegetation/HerbaceousVegetation_1848.jpg,2
HerbaceousVegetation/HerbaceousVegetation_929.jpg,2
SeaLake/SeaLake_2941.jpg,9
PermanentCrop/PermanentCrop_2078.jpg,6
HerbaceousVegetation/HerbaceousVegetation_1856.jpg,2
AnnualCrop/AnnualCrop_2718.jpg,0
Industrial/Industrial_2055.jpg,4
SeaLake/SeaLake_1139.jpg,9
SeaLake/SeaLake_355.jpg,9
Pasture/Pasture_1269.jpg,5
SeaLake/SeaLake_1945.jpg,9
SeaLake/SeaLake_853.jpg,9
AnnualCrop/AnnualCrop_1336.jpg,0
Forest/Forest_786.jpg,1
Residential/Residential_1968.jpg,7
River/River_442.jpg,8
AnnualCrop/AnnualCrop_1669.jpg,0
River/River_2025.jpg,8
SeaLake/SeaLake_994.jpg,9
Forest/Forest_1183.jpg,1
Forest/Forest_816.jpg,1
PermanentCrop/PermanentCrop_188.jpg,6
Industrial/Industrial_716.jpg,4
Residential/Residential_1800.jpg,7
HerbaceousVegetation/HerbaceousVegetation_1278.jpg,2
Residential/Residential_2067.jpg,7
SeaLake/SeaLake_578.jpg,9
HerbaceousVegetation/HerbaceousVegetation_1105.jpg,2
Forest/Forest_1935.jpg,1
HerbaceousVegetation/HerbaceousVegetation_1540.jpg,2
Forest/Forest_101.jpg,1
SeaLake/SeaLake_225.jpg,9
Pasture/Pasture_1195.jpg,5
HerbaceousVegetation/HerbaceousVegetation_2116.jpg,2
SeaLake/SeaLake_1677.jpg,9
River/River_565.jpg,8
AnnualCrop/AnnualCrop_1151.jpg,0
AnnualCrop/AnnualCrop_1369.jpg,0
AnnualCrop/AnnualCrop_1253.jpg,0
AnnualCrop/AnnualCrop_2796.jpg,0
PermanentCrop/PermanentCrop_1364.jpg,6
Industrial/Industrial_534.jpg,4
Residential/Residential_1052.jpg,7
Forest/Forest_1961.jpg,1
Residential/Residential_1784.jpg,7
HerbaceousVegetation/HerbaceousVegetation_2393.jpg,2
Pasture/Pasture_595.jpg,5
SeaLake/SeaLake_1761.jpg,9
SeaLake/SeaLake_758.jpg,9
AnnualCrop/AnnualCrop_1609.jpg,0
River/River_1430.jpg,8
Forest/Forest_1419.jpg,1
Residential/Residential_119.jpg,7
Forest/Forest_2231.jpg,1
Residential/Residential_956.jpg,7
AnnualCrop/AnnualCrop_2793.jpg,0
HerbaceousVegetation/HerbaceousVegetation_676.jpg,2
River/River_2020.jpg,8
HerbaceousVegetation/HerbaceousVegetation_1964.jpg,2
AnnualCrop/AnnualCrop_100.jpg,0
Highway/Highway_40.jpg,3
PermanentCrop/PermanentCrop_2292.jpg,6
Residential/Residential_1546.jpg,7
Forest/Forest_1158.jpg,1
HerbaceousVegetation/HerbaceousVegetation_239.jpg,2
AnnualCrop/AnnualCrop_1118.jpg,0
Residential/Residential_992.jpg,7
HerbaceousVegetation/HerbaceousVegetation_2428.jpg,2
AnnualCrop/AnnualCrop_1537.jpg,0
HerbaceousVegetation/HerbaceousVegetation_150.jpg,2
HerbaceousVegetation/HerbaceousVegetation_1037.jpg,2
Industrial/Industrial_2158.jpg,4
AnnualCrop/AnnualCrop_686.jpg,0
PermanentCrop/PermanentCrop_637.jpg,6
SeaLake/SeaLake_2106.jpg,9
AnnualCrop/AnnualCrop_1621.jpg,0
Highway/Highway_176.jpg,3
AnnualCrop/AnnualCrop_1990.jpg,0
AnnualCrop/AnnualCrop_1265.jpg,0
Pasture/Pasture_856.jpg,5
Pasture/Pasture_303.jpg,5
Industrial/Industrial_2443.jpg,4
HerbaceousVegetation/HerbaceousVegetation_1704.jpg,2
Pasture/Pasture_1887.jpg,5
Industrial/Industrial_445.jpg,4
Forest/Forest_2467.jpg,1
AnnualCrop/AnnualCrop_1711.jpg,0
Forest/Forest_2960.jpg,1
AnnualCrop/AnnualCrop_1455.jpg,0
AnnualCrop/AnnualCrop_2258.jpg,0
AnnualCrop/AnnualCrop_1936.jpg,0
Pasture/Pasture_466.jpg,5
Forest/Forest_2034.jpg,1
AnnualCrop/AnnualCrop_2280.jpg,0
Highway/Highway_554.jpg,3
Residential/Residential_2683.jpg,7
Residential/Residential_2166.jpg,7
Forest/Forest_2309.jpg,1
AnnualCrop/AnnualCrop_2197.jpg,0
SeaLake/SeaLake_137.jpg,9
HerbaceousVegetation/HerbaceousVegetation_2193.jpg,2
Forest/Forest_2924.jpg,1
Highway/Highway_2212.jpg,3
SeaLake/SeaLake_2101.jpg,9
Highway/Highway_1271.jpg,3
Forest/Forest_1396.jpg,1
HerbaceousVegetation/HerbaceousVegetation_1880.jpg,2
SeaLake/SeaLake_790.jpg,9
Industrial/Industrial_1392.jpg,4
Forest/Forest_116.jpg,1
River/River_682.jpg,8
PermanentCrop/PermanentCrop_1489.jpg,6
River/River_839.jpg,8
PermanentCrop/PermanentCrop_368.jpg,6
PermanentCrop/PermanentCrop_739.jpg,6
River/River_1855.jpg,8
Residential/Residential_2886.jpg,7
River/River_536.jpg,8
Forest/Forest_2388.jpg,1
Residential/Residential_820.jpg,7
Pasture/Pasture_1523.jpg,5
Residential/Residential_2077.jpg,7
Highway/Highway_34.jpg,3
SeaLake/SeaLake_784.jpg,9
HerbaceousVegetation/HerbaceousVegetation_1581.jpg,2
SeaLake/SeaLake_759.jpg,9
Residential/Residential_1439.jpg,7
AnnualCrop/AnnualCrop_131.jpg,0
PermanentCrop/PermanentCrop_1314.jpg,6
Residential/Residential_335.jpg,7
River/River_1394.jpg,8
PermanentCrop/PermanentCrop_1648.jpg,6
Pasture/Pasture_769.jpg,5
SeaLake/SeaLake_133.jpg,9
PermanentCrop/PermanentCrop_387.jpg,6
PermanentCrop/PermanentCrop_361.jpg,6
SeaLake/SeaLake_351.jpg,9
Industrial/Industrial_1217.jpg,4
River/River_956.jpg,8
SeaLake/SeaLake_1183.jpg,9
Residential/Residential_2479.jpg,7
HerbaceousVegetation/HerbaceousVegetation_1976.jpg,2
Residential/Residential_515.jpg,7
HerbaceousVegetation/HerbaceousVegetation_1695.jpg,2
Pasture/Pasture_461.jpg,5
River/River_404.jpg,8
AnnualCrop/AnnualCrop_498.jpg,0
PermanentCrop/PermanentCrop_1007.jpg,6
AnnualCrop/AnnualCrop_763.jpg,0
PermanentCrop/PermanentCrop_997.jpg,6
PermanentCrop/PermanentCrop_2409.jpg,6
Residential/Residential_23.jpg,7
River/River_1085.jpg,8
HerbaceousVegetation/HerbaceousVegetation_293.jpg,2
Forest/Forest_717.jpg,1
SeaLake/SeaLake_2532.jpg,9
River/River_986.jpg,8
Residential/Residential_1438.jpg,7
Industrial/Industrial_2073.jpg,4
Industrial/Industrial_424.jpg,4
Residential/Residential_930.jpg,7
River/River_1718.jpg,8
HerbaceousVegetation/HerbaceousVegetation_532.jpg,2
PermanentCrop/PermanentCrop_2190.jpg,6
HerbaceousVegetation/HerbaceousVegetation_1590.jpg,2
Forest/Forest_67.jpg,1
AnnualCrop/AnnualCrop_1770.jpg,0
Residential/Residential_806.jpg,7
River/River_98.jpg,8
Forest/Forest_1303.jpg,1
Pasture/Pasture_147.jpg,5
Industrial/Industrial_1141.jpg,4
AnnualCrop/AnnualCrop_1778.jpg,0
River/River_1454.jpg,8
Industrial/Industrial_2490.jpg,4
River/River_2077.jpg,8
Forest/Forest_2155.jpg,1
HerbaceousVegetation/HerbaceousVegetation_442.jpg,2
Forest/Forest_214.jpg,1
Pasture/Pasture_1786.jpg,5
Residential/Residential_2393.jpg,7
Residential/Residential_209.jpg,7
Pasture/Pasture_830.jpg,5
HerbaceousVegetation/HerbaceousVegetation_1641.jpg,2
Highway/Highway_620.jpg,3
Forest/Forest_2029.jpg,1
Forest/Forest_521.jpg,1
Forest/Forest_2592.jpg,1
Residential/Residential_1165.jpg,7
Highway/Highway_897.jpg,3
AnnualCrop/AnnualCrop_73.jpg,0
Forest/Forest_827.jpg,1
SeaLake/SeaLake_797.jpg,9
Pasture/Pasture_421.jpg,5
Highway/Highway_459.jpg,3
PermanentCrop/PermanentCrop_5.jpg,6
Highway/Highway_1044.jpg,3
River/River_2200.jpg,8
PermanentCrop/PermanentCrop_709.jpg,6
SeaLake/SeaLake_1505.jpg,9
Forest/Forest_2284.jpg,1
Pasture/Pasture_1771.jpg,5
Highway/Highway_656.jpg,3
Industrial/Industrial_714.jpg,4
PermanentCrop/PermanentCrop_281.jpg,6
AnnualCrop/AnnualCrop_1888.jpg,0
PermanentCrop/PermanentCrop_1085.jpg,6
Forest/Forest_2870.jpg,1
Residential/Residential_246.jpg,7
Industrial/Industrial_54.jpg,4
Highway/Highway_1334.jpg,3
Industrial/Industrial_687.jpg,4
HerbaceousVegetation/HerbaceousVegetation_1182.jpg,2
Pasture/Pasture_1969.jpg,5
HerbaceousVegetation/HerbaceousVegetation_2331.jpg,2
Residential/Residential_131.jpg,7
SeaLake/SeaLake_2339.jpg,9
Forest/Forest_2046.jpg,1
Pasture/Pasture_1603.jpg,5
Residential/Residential_1918.jpg,7
Residential/Residential_1092.jpg,7
Forest/Forest_491.jpg,1
River/River_2313.jpg,8
AnnualCrop/AnnualCrop_858.jpg,0
Pasture/Pasture_1337.jpg,5
Highway/Highway_123.jpg,3
Industrial/Industrial_587.jpg,4
Highway/Highway_1274.jpg,3
Residential/Residential_801.jpg,7
Forest/Forest_1765.jpg,1
Industrial/Industrial_1342.jpg,4
Pasture/Pasture_57.jpg,5
AnnualCrop/AnnualCrop_228.jpg,0
AnnualCrop/AnnualCrop_49.jpg,0
SeaLake/SeaLake_2583.jpg,9
AnnualCrop/AnnualCrop_2039.jpg,0
Highway/Highway_1746.jpg,3
HerbaceousVegetation/HerbaceousVegetation_2449.jpg,2
Highway/Highway_2315.jpg,3
SeaLake/SeaLake_2937.jpg,9
Pasture/Pasture_1677.jpg,5
SeaLake/SeaLake_2175.jpg,9
AnnualCrop/AnnualCrop_83.jpg,0
River/River_1947.jpg,8
PermanentCrop/PermanentCrop_429.jpg,6
Highway/Highway_2261.jpg,3
HerbaceousVegetation/HerbaceousVegetation_1605.jpg,2
Pasture/Pasture_1816.jpg,5
Forest/Forest_660.jpg,1
Industrial/Industrial_43.jpg,4
Residential/Residential_2763.jpg,7
Forest/Forest_2851.jpg,1
River/River_1808.jpg,8
River/River_313.jpg,8
SeaLake/SeaLake_2550.jpg,9
Highway/Highway_1324.jpg,3
SeaLake/SeaLake_1273.jpg,9
Forest/Forest_468.jpg,1
River/River_1942.jpg,8
Industrial/Industrial_2136.jpg,4
AnnualCrop/AnnualCrop_2501.jpg,0
River/River_703.jpg,8
Forest/Forest_1377.jpg,1
SeaLake/SeaLake_2862.jpg,9
HerbaceousVegetation/HerbaceousVegetation_2504.jpg,2
Highway/Highway_2364.jpg,3
Forest/Forest_2141.jpg,1
Industrial/Industrial_789.jpg,4
PermanentCrop/PermanentCrop_649.jpg,6
SeaLake/SeaLake_1568.jpg,9
Industrial/Industrial_1307.jpg,4
HerbaceousVegetation/HerbaceousVegetation_1544.jpg,2
Highway/Highway_2114.jpg,3
Residential/Residential_330.jpg,7
SeaLake/SeaLake_644.jpg,9
Highway/Highway_744.jpg,3
Forest/Forest_761.jpg,1
AnnualCrop/AnnualCrop_1679.jpg,0
River/River_2067.jpg,8
HerbaceousVegetation/HerbaceousVegetation_2557.jpg,2
AnnualCrop/AnnualCrop_729.jpg,0
PermanentCrop/PermanentCrop_788.jpg,6
HerbaceousVegetation/HerbaceousVegetation_16.jpg,2
HerbaceousVegetation/HerbaceousVegetation_673.jpg,2
HerbaceousVegetation/HerbaceousVegetation_1697.jpg,2
River/River_1687.jpg,8
AnnualCrop/AnnualCrop_1216.jpg,0
Highway/Highway_1418.jpg,3
PermanentCrop/PermanentCrop_698.jpg,6
Residential/Residential_1846.jpg,7
SeaLake/SeaLake_852.jpg,9
SeaLake/SeaLake_327.jpg,9
PermanentCrop/PermanentCrop_686.jpg,6
Pasture/Pasture_762.jpg,5
Industrial/Industrial_823.jpg,4
River/River_578.jpg,8
Pasture/Pasture_1707.jpg,5
Highway/Highway_1737.jpg,3
SeaLake/SeaLake_2518.jpg,9
Forest/Forest_1734.jpg,1
Forest/Forest_973.jpg,1
Residential/Residential_1555.jpg,7
Highway/Highway_282.jpg,3
Forest/Forest_1102.jpg,1
SeaLake/SeaLake_1879.jpg,9
Industrial/Industrial_27.jpg,4
Forest/Forest_285.jpg,1
HerbaceousVegetation/HerbaceousVegetation_71.jpg,2
HerbaceousVegetation/HerbaceousVegetation_1881.jpg,2
Residential/Residential_477.jpg,7
SeaLake/SeaLake_835.jpg,9
Forest/Forest_662.jpg,1
Highway/Highway_792.jpg,3
Highway/Highway_764.jpg,3
AnnualCrop/AnnualCrop_406.jpg,0
AnnualCrop/AnnualCrop_1970.jpg,0
AnnualCrop/AnnualCrop_2820.jpg,0
Forest/Forest_748.jpg,1
Forest/Forest_182.jpg,1
River/River_1413.jpg,8
River/River_2051.jpg,8
SeaLake/SeaLake_164.jpg,9
Residential/Residential_310.jpg,7
HerbaceousVegetation/HerbaceousVegetation_715.jpg,2
AnnualCrop/AnnualCrop_557.jpg,0
PermanentCrop/PermanentCrop_1235.jpg,6
Pasture/Pasture_371.jpg,5
AnnualCrop/AnnualCrop_2556.jpg,0
Pasture/Pasture_755.jpg,5
Residential/Residential_1685.jpg,7
HerbaceousVegetation/HerbaceousVegetation_1102.jpg,2
Highway/Highway_1743.jpg,3
Forest/Forest_207.jpg,1
AnnualCrop/AnnualCrop_280.jpg,0
Industrial/Industrial_6.jpg,4
Industrial/Industrial_2088.jpg,4
AnnualCrop/AnnualCrop_1372.jpg,0
HerbaceousVegetation/HerbaceousVegetation_982.jpg,2
Forest/Forest_1862.jpg,1
Industrial/Industrial_517.jpg,4
PermanentCrop/PermanentCrop_2245.jpg,6
Pasture/Pasture_180.jpg,5
River/River_2342.jpg,8
AnnualCrop/AnnualCrop_2818.jpg,0
Industrial/Industrial_1971.jpg,4
AnnualCrop/AnnualCrop_689.jpg,0
AnnualCrop/AnnualCrop_2234.jpg,0
Highway/Highway_499.jpg,3
Pasture/Pasture_1870.jpg,5
SeaLake/SeaLake_110.jpg,9
AnnualCrop/AnnualCrop_2028.jpg,0
River/River_1167.jpg,8
Residential/Residential_318.jpg,7
SeaLake/SeaLake_2119.jpg,9
AnnualCrop/AnnualCrop_451.jpg,0
AnnualCrop/AnnualCrop_2161.jpg,0
PermanentCrop/PermanentCrop_1910.jpg,6
Residential/Residential_243.jpg,7
Forest/Forest_2849.jpg,1
AnnualCrop/AnnualCrop_1431.jpg,0
River/River_59.jpg,8
Highway/Highway_1845.jpg,3
River/River_1971.jpg,8
HerbaceousVegetation/HerbaceousVegetation_1208.jpg,2
PermanentCrop/PermanentCrop_719.jpg,6
Pasture/Pasture_1267.jpg,5
River/River_1478.jpg,8
Residential/Residential_700.jpg,7
Highway/Highway_1518.jpg,3
AnnualCrop/AnnualCrop_1213.jpg,0
Residential/Residential_2545.jpg,7
Forest/Forest_1663.jpg,1
River/River_2196.jpg,8
HerbaceousVegetation/HerbaceousVegetation_200.jpg,2
Forest/Forest_1896.jpg,1
SeaLake/SeaLake_83.jpg,9
SeaLake/SeaLake_1457.jpg,9
Residential/Residential_2852.jpg,7
River/River_1429.jpg,8
Residential/Residential_2449.jpg,7
Forest/Forest_2781.jpg,1
Forest/Forest_8.jpg,1
PermanentCrop/PermanentCrop_1265.jpg,6
AnnualCrop/AnnualCrop_2343.jpg,0
HerbaceousVegetation/HerbaceousVegetation_2518.jpg,2
Pasture/Pasture_1347.jpg,5
PermanentCrop/PermanentCrop_1437.jpg,6
Industrial/Industrial_344.jpg,4
Highway/Highway_2156.jpg,3
Highway/Highway_1256.jpg,3
Residential/Residential_1089.jpg,7
HerbaceousVegetation/HerbaceousVegetation_537.jpg,2
PermanentCrop/PermanentCrop_74.jpg,6
HerbaceousVegetation/HerbaceousVegetation_783.jpg,2
Residential/Residential_2474.jpg,7
Residential/Residential_641.jpg,7
PermanentCrop/PermanentCrop_316.jpg,6
Residential/Residential_1308.jpg,7
Residential/Residential_356.jpg,7
Pasture/Pasture_1063.jpg,5
Industrial/Industrial_672.jpg,4
HerbaceousVegetation/HerbaceousVegetation_598.jpg,2
PermanentCrop/PermanentCrop_1753.jpg,6
HerbaceousVegetation/HerbaceousVegetation_1162.jpg,2
PermanentCrop/PermanentCrop_2437.jpg,6
Residential/Residential_1535.jpg,7
Highway/Highway_358.jpg,3
Residential/Residential_1512.jpg,7
HerbaceousVegetation/HerbaceousVegetation_17.jpg,2
River/River_103.jpg,8
Forest/Forest_803.jpg,1
Forest/Forest_1338.jpg,1
HerbaceousVegetation/HerbaceousVegetation_2836.jpg,2
Residential/Residential_410.jpg,7
Industrial/Industrial_1959.jpg,4
AnnualCrop/AnnualCrop_537.jpg,0
Forest/Forest_1334.jpg,1
HerbaceousVegetation/HerbaceousVegetation_2713.jpg,2
HerbaceousVegetation/HerbaceousVegetation_1808.jpg,2
HerbaceousVegetation/HerbaceousVegetation_1231.jpg,2
Highway/Highway_1650.jpg,3
Highway/Highway_920.jpg,3
AnnualCrop/AnnualCrop_2570.jpg,0
PermanentCrop/PermanentCrop_1817.jpg,6
PermanentCrop/PermanentCrop_714.jpg,6
River/River_549.jpg,8
Residential/Residential_2375.jpg,7
Pasture/Pasture_606.jpg,5
Forest/Forest_2409.jpg,1
River/River_1581.jpg,8
SeaLake/SeaLake_900.jpg,9
HerbaceousVegetation/HerbaceousVegetation_554.jpg,2
SeaLake/SeaLake_1784.jpg,9
PermanentCrop/PermanentCrop_1391.jpg,6
Highway/Highway_1942.jpg,3
AnnualCrop/AnnualCrop_2049.jpg,0
PermanentCrop/PermanentCrop_1871.jpg,6
Industrial/Industrial_172.jpg,4
Pasture/Pasture_1366.jpg,5
AnnualCrop/AnnualCrop_2529.jpg,0
AnnualCrop/AnnualCrop_1545.jpg,0
Pasture/Pasture_1775.jpg,5
River/River_762.jpg,8
HerbaceousVegetation/HerbaceousVegetation_2016.jpg,2
PermanentCrop/PermanentCrop_2012.jpg,6
River/River_17.jpg,8
PermanentCrop/PermanentCrop_1712.jpg,6
HerbaceousVegetation/HerbaceousVegetation_1872.jpg,2
Residential/Residential_120.jpg,7
Forest/Forest_93.jpg,1
AnnualCrop/AnnualCrop_1434.jpg,0
HerbaceousVegetation/HerbaceousVegetation_2505.jpg,2
SeaLake/SeaLake_1169.jpg,9
River/River_40.jpg,8
PermanentCrop/PermanentCrop_692.jpg,6
Residential/Residential_403.jpg,7
Residential/Residential_2262.jpg,7
River/River_674.jpg,8
AnnualCrop/AnnualCrop_809.jpg,0
Pasture/Pasture_973.jpg,5
AnnualCrop/AnnualCrop_460.jpg,0
PermanentCrop/PermanentCrop_1767.jpg,6
AnnualCrop/AnnualCrop_2641.jpg,0
Industrial/Industrial_457.jpg,4
Pasture/Pasture_1955.jpg,5
Pasture/Pasture_1016.jpg,5
PermanentCrop/PermanentCrop_934.jpg,6
Residential/Residential_2007.jpg,7
Highway/Highway_1710.jpg,3
SeaLake/SeaLake_571.jpg,9
AnnualCrop/AnnualCrop_2052.jpg,0
PermanentCrop/PermanentCrop_1342.jpg,6
Residential/Residential_2585.jpg,7
PermanentCrop/PermanentCrop_2415.jpg,6
HerbaceousVegetation/HerbaceousVegetation_1047.jpg,2
AnnualCrop/AnnualCrop_1740.jpg,0
AnnualCrop/AnnualCrop_1349.jpg,0
Industrial/Industrial_2187.jpg,4
River/River_807.jpg,8
Forest/Forest_2235.jpg,1
Pasture/Pasture_343.jpg,5
PermanentCrop/PermanentCrop_1755.jpg,6
Residential/Residential_1118.jpg,7
Industrial/Industrial_120.jpg,4
HerbaceousVegetation/HerbaceousVegetation_2199.jpg,2
River/River_2202.jpg,8
River/River_884.jpg,8
River/River_1610.jpg,8
PermanentCrop/PermanentCrop_169.jpg,6
Pasture/Pasture_1184.jpg,5
Highway/Highway_1896.jpg,3
Highway/Highway_754.jpg,3
Industrial/Industrial_323.jpg,4
Residential/Residential_1332.jpg,7
Pasture/Pasture_1849.jpg,5
River/River_2112.jpg,8
SeaLake/SeaLake_1030.jpg,9
AnnualCrop/AnnualCrop_2007.jpg,0
Highway/Highway_262.jpg,3
AnnualCrop/AnnualCrop_2187.jpg,0
Forest/Forest_1953.jpg,1
PermanentCrop/PermanentCrop_196.jpg,6
PermanentCrop/PermanentCrop_255.jpg,6
Highway/Highway_2147.jpg,3
Industrial/Industrial_104.jpg,4
PermanentCrop/PermanentCrop_744.jpg,6
Industrial/Industrial_330.jpg,4
SeaLake/SeaLake_1521.jpg,9
Residential/Residential_1507.jpg,7
SeaLake/SeaLake_1020.jpg,9
PermanentCrop/PermanentCrop_341.jpg,6
HerbaceousVegetation/HerbaceousVegetation_235.jpg,2
Forest/Forest_831.jpg,1
Pasture/Pasture_1173.jpg,5
AnnualCrop/AnnualCrop_900.jpg,0
SeaLake/SeaLake_1633.jpg,9
HerbaceousVegetation/HerbaceousVegetation_2262.jpg,2
Industrial/Industrial_1968.jpg,4
River/River_2016.jpg,8
PermanentCrop/PermanentCrop_724.jpg,6
AnnualCrop/AnnualCrop_1202.jpg,0
Industrial/Industrial_699.jpg,4
Highway/Highway_1035.jpg,3
PermanentCrop/PermanentCrop_960.jpg,6
AnnualCrop/AnnualCrop_2081.jpg,0
SeaLake/SeaLake_1989.jpg,9
Forest/Forest_1454.jpg,1
River/River_65.jpg,8
Pasture/Pasture_1555.jpg,5
PermanentCrop/PermanentCrop_1670.jpg,6
Highway/Highway_2158.jpg,3
Highway/Highway_190.jpg,3
Residential/Residential_2719.jpg,7
Forest/Forest_281.jpg,1
PermanentCrop/PermanentCrop_274.jpg,6
HerbaceousVegetation/HerbaceousVegetation_2087.jpg,2
Industrial/Industrial_1076.jpg,4
River/River_122.jpg,8
Forest/Forest_1518.jpg,1
Forest/Forest_767.jpg,1
SeaLake/SeaLake_2001.jpg,9
Highway/Highway_1699.jpg,3
SeaLake/SeaLake_2799.jpg,9
HerbaceousVegetation/HerbaceousVegetation_192.jpg,2
HerbaceousVegetation/HerbaceousVegetation_455.jpg,2
AnnualCrop/AnnualCrop_82.jpg,0
Highway/Highway_1187.jpg,3
Highway/Highway_1252.jpg,3
Residential/Residential_2633.jpg,7
Forest/Forest_2434.jpg,1
HerbaceousVegetation/HerbaceousVegetation_1621.jpg,2
Forest/Forest_428.jpg,1
River/River_1689.jpg,8
Industrial/Industrial_996.jpg,4
Highway/Highway_1938.jpg,3
Industrial/Industrial_429.jpg,4
AnnualCrop/AnnualCrop_781.jpg,0
AnnualCrop/AnnualCrop_1851.jpg,0
SeaLake/SeaLake_679.jpg,9
Industrial/Industrial_2495.jpg,4
PermanentCrop/PermanentCrop_395.jpg,6
Forest/Forest_1967.jpg,1
AnnualCrop/AnnualCrop_2143.jpg,0
Pasture/Pasture_709.jpg,5
River/River_1525.jpg,8
Highway/Highway_457.jpg,3
Industrial/Industrial_1216.jpg,4
Industrial/Industrial_1695.jpg,4
Forest/Forest_2233.jpg,1
Highway/Highway_1647.jpg,3
AnnualCrop/AnnualCrop_1352.jpg,0
River/River_254.jpg,8
AnnualCrop/AnnualCrop_1674.jpg,0
HerbaceousVegetation/HerbaceousVegetation_1615.jpg,2
Highway/Highway_1621.jpg,3
Highway/Highway_1444.jpg,3
HerbaceousVegetation/HerbaceousVegetation_1720.jpg,2
Industrial/Industrial_1004.jpg,4
AnnualCrop/AnnualCrop_1593.jpg,0
Highway/Highway_1471.jpg,3
Pasture/Pasture_855.jpg,5
SeaLake/SeaLake_2832.jpg,9
Forest/Forest_2653.jpg,1
Industrial/Industrial_234.jpg,4
Residential/Residential_2380.jpg,7
Highway/Highway_2155.jpg,3
Highway/Highway_1098.jpg,3
River/River_2463.jpg,8
Forest/Forest_989.jpg,1
Industrial/Industrial_42.jpg,4
Residential/Residential_542.jpg,7
Forest/Forest_2185.jpg,1
Pasture/Pasture_644.jpg,5
Residential/Residential_1630.jpg,7
Residential/Residential_214.jpg,7
PermanentCrop/PermanentCrop_2100.jpg,6
PermanentCrop/PermanentCrop_360.jpg,6
Forest/Forest_1960.jpg,1
Industrial/Industrial_1623.jpg,4
HerbaceousVegetation/HerbaceousVegetation_1845.jpg,2
Highway/Highway_823.jpg,3
Pasture/Pasture_45.jpg,5
PermanentCrop/PermanentCrop_1037.jpg,6
Forest/Forest_615.jpg,1
Pasture/Pasture_1211.jpg,5
Forest/Forest_2161.jpg,1
AnnualCrop/AnnualCrop_791.jpg,0
Residential/Residential_204.jpg,7
PermanentCrop/PermanentCrop_1419.jpg,6
River/River_873.jpg,8
AnnualCrop/AnnualCrop_2211.jpg,0
HerbaceousVegetation/HerbaceousVegetation_2616.jpg,2
AnnualCrop/AnnualCrop_112.jpg,0
Residential/Residential_2797.jpg,7
Pasture/Pasture_215.jpg,5
Forest/Forest_2600.jpg,1
River/River_1644.jpg,8
Forest/Forest_2861.jpg,1
HerbaceousVegetation/HerbaceousVegetation_2424.jpg,2
Highway/Highway_964.jpg,3
Highway/Highway_1985.jpg,3
River/River_591.jpg,8
Forest/Forest_1647.jpg,1
SeaLake/SeaLake_2702.jpg,9
HerbaceousVegetation/HerbaceousVegetation_739.jpg,2
HerbaceousVegetation/HerbaceousVegetation_810.jpg,2
River/River_473.jpg,8
Industrial/Industrial_1185.jpg,4
AnnualCrop/AnnualCrop_1928.jpg,0
SeaLake/SeaLake_1393.jpg,9
AnnualCrop/AnnualCrop_1615.jpg,0
SeaLake/SeaLake_1657.jpg,9
Forest/Forest_1082.jpg,1
River/River_1107.jpg,8
Residential/Residential_2610.jpg,7
Highway/Highway_1638.jpg,3
PermanentCrop/PermanentCrop_1525.jpg,6
AnnualCrop/AnnualCrop_2601.jpg,0
PermanentCrop/PermanentCrop_683.jpg,6
AnnualCrop/AnnualCrop_2185.jpg,0
SeaLake/SeaLake_407.jpg,9
AnnualCrop/AnnualCrop_2626.jpg,0
AnnualCrop/AnnualCrop_418.jpg,0
River/River_1324.jpg,8
HerbaceousVegetation/HerbaceousVegetation_709.jpg,2
Residential/Residential_1141.jpg,7
Highway/Highway_603.jpg,3
SeaLake/SeaLake_2761.jpg,9
SeaLake/SeaLake_2769.jpg,9
Industrial/Industrial_1336.jpg,4
PermanentCrop/PermanentCrop_1837.jpg,6
PermanentCrop/PermanentCrop_1301.jpg,6
PermanentCrop/PermanentCrop_821.jpg,6
PermanentCrop/PermanentCrop_271.jpg,6
SeaLake/SeaLake_2385.jpg,9
SeaLake/SeaLake_521.jpg,9
AnnualCrop/AnnualCrop_2701.jpg,0
Residential/Residential_1113.jpg,7
River/River_56.jpg,8
Highway/Highway_1520.jpg,3
Residential/Residential_158.jpg,7
AnnualCrop/AnnualCrop_1988.jpg,0
Highway/Highway_1392.jpg,3
Forest/Forest_1849.jpg,1
Forest/Forest_918.jpg,1
AnnualCrop/AnnualCrop_2810.jpg,0
River/River_126.jpg,8
Industrial/Industrial_1574.jpg,4
River/River_113.jpg,8
SeaLake/SeaLake_1229.jpg,9
Industrial/Industrial_1745.jpg,4
River/River_1823.jpg,8
Residential/Residential_2374.jpg,7
SeaLake/SeaLake_2457.jpg,9
Forest/Forest_2092.jpg,1
Forest/Forest_192.jpg,1
Forest/Forest_2532.jpg,1
Residential/Residential_996.jpg,7
SeaLake/SeaLake_967.jpg,9
HerbaceousVegetation/HerbaceousVegetation_2265.jpg,2
Industrial/Industrial_21.jpg,4
AnnualCrop/AnnualCrop_1875.jpg,0
Pasture/Pasture_835.jpg,5
River/River_1724.jpg,8
Residential/Residential_1637.jpg,7
Industrial/Industrial_954.jpg,4
Forest/Forest_1531.jpg,1
River/River_1357.jpg,8
Industrial/Industrial_1439.jpg,4
Highway/Highway_1515.jpg,3
SeaLake/SeaLake_377.jpg,9
Highway/Highway_1841.jpg,3
Forest/Forest_1752.jpg,1
PermanentCrop/PermanentCrop_556.jpg,6
Pasture/Pasture_1371.jpg,5
Industrial/Industrial_1640.jpg,4
HerbaceousVegetation/HerbaceousVegetation_1176.jpg,2
Highway/Highway_375.jpg,3
Forest/Forest_2578.jpg,1
SeaLake/SeaLake_701.jpg,9
SeaLake/SeaLake_1286.jpg,9
HerbaceousVegetation/HerbaceousVegetation_2702.jpg,2
Residential/Residential_2710.jpg,7
HerbaceousVegetation/HerbaceousVegetation_1953.jpg,2
HerbaceousVegetation/HerbaceousVegetation_1032.jpg,2
Pasture/Pasture_275.jpg,5
AnnualCrop/AnnualCrop_2342.jpg,0
Highway/Highway_3.jpg,3
Residential/Residential_665.jpg,7
PermanentCrop/PermanentCrop_33.jpg,6
PermanentCrop/PermanentCrop_1988.jpg,6
Residential/Residential_2061.jpg,7
Residential/Residential_202.jpg,7
River/River_2177.jpg,8
Residential/Residential_1983.jpg,7
AnnualCrop/AnnualCrop_2897.jpg,0
River/River_1661.jpg,8
AnnualCrop/AnnualCrop_963.jpg,0
Forest/Forest_102.jpg,1
SeaLake/SeaLake_1654.jpg,9
SeaLake/SeaLake_930.jpg,9
Pasture/Pasture_636.jpg,5
Highway/Highway_984.jpg,3
PermanentCrop/PermanentCrop_94.jpg,6
River/River_1449.jpg,8
River/River_415.jpg,8
SeaLake/SeaLake_1792.jpg,9
PermanentCrop/PermanentCrop_540.jpg,6
River/River_1532.jpg,8
AnnualCrop/AnnualCrop_2189.jpg,0
PermanentCrop/PermanentCrop_211.jpg,6
Residential/Residential_653.jpg,7
Industrial/Industrial_2227.jpg,4
Pasture/Pasture_670.jpg,5
Forest/Forest_1745.jpg,1
HerbaceousVegetation/HerbaceousVegetation_1715.jpg,2
SeaLake/SeaLake_2245.jpg,9
Highway/Highway_625.jpg,3
Forest/Forest_855.jpg,1
HerbaceousVegetation/HerbaceousVegetation_1864.jpg,2
SeaLake/SeaLake_94.jpg,9
HerbaceousVegetation/HerbaceousVegetation_2012.jpg,2
HerbaceousVegetation/HerbaceousVegetation_118.jpg,2
SeaLake/SeaLake_1143.jpg,9
River/River_1087.jpg,8
Pasture/Pasture_1138.jpg,5
PermanentCrop/PermanentCrop_2179.jpg,6
Highway/Highway_1605.jpg,3
AnnualCrop/AnnualCrop_1629.jpg,0
Industrial/Industrial_310.jpg,4
Forest/Forest_50.jpg,1
Residential/Residential_590.jpg,7
Industrial/Industrial_1798.jpg,4
SeaLake/SeaLake_1520.jpg,9
PermanentCrop/PermanentCrop_1280.jpg,6
HerbaceousVegetation/HerbaceousVegetation_1998.jpg,2
Highway/Highway_1055.jpg,3
Pasture/Pasture_82.jpg,5
Residential/Residential_191.jpg,7
PermanentCrop/PermanentCrop_961.jpg,6
AnnualCrop/AnnualCrop_1414.jpg,0
Forest/Forest_1718.jpg,1
River/River_2291.jpg,8
Pasture/Pasture_768.jpg,5
Pasture/Pasture_706.jpg,5
Highway/Highway_530.jpg,3
Highway/Highway_1084.jpg,3
River/River_1564.jpg,8
PermanentCrop/PermanentCrop_663.jpg,6
PermanentCrop/PermanentCrop_1683.jpg,6
Industrial/Industrial_252.jpg,4
SeaLake/SeaLake_348.jpg,9
AnnualCrop/AnnualCrop_5.jpg,0
AnnualCrop/AnnualCrop_2547.jpg,0
Residential/Residential_405.jpg,7
Residential/Residential_2968.jpg,7
HerbaceousVegetation/HerbaceousVegetation_2606.jpg,2
Forest/Forest_1269.jpg,1
Residential/Residential_1614.jpg,7
PermanentCrop/PermanentCrop_1493.jpg,6
Residential/Residential_2343.jpg,7
Forest/Forest_1462.jpg,1
Industrial/Industrial_2122.jpg,4
Pasture/Pasture_1223.jpg,5
HerbaceousVegetation/HerbaceousVegetation_1329.jpg,2
PermanentCrop/PermanentCrop_1010.jpg,6
Industrial/Industrial_1838.jpg,4
Pasture/Pasture_1987.jpg,5
PermanentCrop/PermanentCrop_647.jpg,6
Forest/Forest_2367.jpg,1
Forest/Forest_2991.jpg,1
SeaLake/SeaLake_2502.jpg,9
Highway/Highway_2079.jpg,3
HerbaceousVegetation/HerbaceousVegetation_731.jpg,2
Forest/Forest_2023.jpg,1
Residential/Residential_1869.jpg,7
HerbaceousVegetation/HerbaceousVegetation_2225.jpg,2
Residential/Residential_1719.jpg,7
Forest/Forest_506.jpg,1
Residential/Residential_113.jpg,7
Industrial/Industrial_1097.jpg,4
AnnualCrop/AnnualCrop_294.jpg,0
Residential/Residential_2436.jpg,7
Forest/Forest_1673.jpg,1
Highway/Highway_873.jpg,3
PermanentCrop/PermanentCrop_313.jpg,6
AnnualCrop/AnnualCrop_2236.jpg,0
SeaLake/SeaLake_1899.jpg,9
Forest/Forest_558.jpg,1
AnnualCrop/AnnualCrop_575.jpg,0
AnnualCrop/AnnualCrop_473.jpg,0
HerbaceousVegetation/HerbaceousVegetation_1080.jpg,2
SeaLake/SeaLake_1943.jpg,9
Forest/Forest_2226.jpg,1
Residential/Residential_2361.jpg,7
PermanentCrop/PermanentCrop_929.jpg,6
River/River_1548.jpg,8
Residential/Residential_2829.jpg,7
Industrial/Industrial_2078.jpg,4
SeaLake/SeaLake_2083.jpg,9
Forest/Forest_2340.jpg,1
AnnualCrop/AnnualCrop_2212.jpg,0
HerbaceousVegetation/HerbaceousVegetation_1882.jpg,2
Industrial/Industrial_1829.jpg,4
AnnualCrop/AnnualCrop_770.jpg,0
Industrial/Industrial_1826.jpg,4
Industrial/Industrial_2308.jpg,4
Highway/Highway_2354.jpg,3
Forest/Forest_1347.jpg,1
HerbaceousVegetation/HerbaceousVegetation_2277.jpg,2
HerbaceousVegetation/HerbaceousVegetation_490.jpg,2
Industrial/Industrial_1448.jpg,4
Forest/Forest_1009.jpg,1
Residential/Residential_2647.jpg,7
Forest/Forest_515.jpg,1
Residential/Residential_1303.jpg,7
HerbaceousVegetation/HerbaceousVegetation_1628.jpg,2
Forest/Forest_1075.jpg,1
Forest/Forest_2478.jpg,1
Highway/Highway_2032.jpg,3
SeaLake/SeaLake_2210.jpg,9
Highway/Highway_347.jpg,3
HerbaceousVegetation/HerbaceousVegetation_2512.jpg,2
Highway/Highway_183.jpg,3
HerbaceousVegetation/HerbaceousVegetation_2050.jpg,2
HerbaceousVegetation/HerbaceousVegetation_212.jpg,2
AnnualCrop/AnnualCrop_143.jpg,0
Pasture/Pasture_1364.jpg,5
River/River_1258.jpg,8
PermanentCrop/PermanentCrop_1202.jpg,6
Forest/Forest_2080.jpg,1
HerbaceousVegetation/HerbaceousVegetation_1366.jpg,2
PermanentCrop/PermanentCrop_1789.jpg,6
HerbaceousVegetation/HerbaceousVegetation_1624.jpg,2
PermanentCrop/PermanentCrop_1836.jpg,6
HerbaceousVegetation/HerbaceousVegetation_2957.jpg,2
SeaLake/SeaLake_1567.jpg,9
SeaLake/SeaLake_664.jpg,9
HerbaceousVegetation/HerbaceousVegetation_662.jpg,2
Industrial/Industrial_407.jpg,4
AnnualCrop/AnnualCrop_2297.jpg,0
Residential/Residential_1778.jpg,7
Industrial/Industrial_114.jpg,4
Forest/Forest_2494.jpg,1
Pasture/Pasture_711.jpg,5
Residential/Residential_1356.jpg,7
Forest/Forest_1491.jpg,1
River/River_467.jpg,8
SeaLake/SeaLake_2954.jpg,9
Pasture/Pasture_641.jpg,5
SeaLake/SeaLake_2545.jpg,9
SeaLake/SeaLake_564.jpg,9
River/River_1464.jpg,8
Industrial/Industrial_1050.jpg,4
Industrial/Industrial_1200.jpg,4
HerbaceousVegetation/HerbaceousVegetation_1146.jpg,2
SeaLake/SeaLake_2153.jpg,9
HerbaceousVegetation/HerbaceousVegetation_2356.jpg,2
Pasture/Pasture_1289.jpg,5
Residential/Residential_2805.jpg,7
River/River_486.jpg,8
Residential/Residential_1571.jpg,7
River/River_998.jpg,8
Residential/Residential_334.jpg,7
AnnualCrop/AnnualCrop_1728.jpg,0
River/River_1355.jpg,8
Forest/Forest_759.jpg,1
SeaLake/SeaLake_1754.jpg,9
HerbaceousVegetation/HerbaceousVegetation_2482.jpg,2
Industrial/Industrial_2368.jpg,4
Forest/Forest_1679.jpg,1
PermanentCrop/PermanentCrop_2387.jpg,6
Industrial/Industrial_1866.jpg,4
AnnualCrop/AnnualCrop_67.jpg,0
Industrial/Industrial_2460.jpg,4
PermanentCrop/PermanentCrop_352.jpg,6
River/River_1708.jpg,8
HerbaceousVegetation/HerbaceousVegetation_2385.jpg,2
HerbaceousVegetation/HerbaceousVegetation_752.jpg,2
Pasture/Pasture_1200.jpg,5
SeaLake/SeaLake_1207.jpg,9
Pasture/Pasture_479.jpg,5
AnnualCrop/AnnualCrop_295.jpg,0
Residential/Residential_868.jpg,7
Pasture/Pasture_1744.jpg,5
HerbaceousVegetation/HerbaceousVegetation_1360.jpg,2
HerbaceousVegetation/HerbaceousVegetation_1091.jpg,2
PermanentCrop/PermanentCrop_2162.jpg,6
SeaLake/SeaLake_297.jpg,9
SeaLake/SeaLake_558.jpg,9
River/River_2446.jpg,8
Residential/Residential_2608.jpg,7
Residential/Residential_3000.jpg,7
SeaLake/SeaLake_1556.jpg,9
SeaLake/SeaLake_873.jpg,9
HerbaceousVegetation/HerbaceousVegetation_2148.jpg,2
AnnualCrop/AnnualCrop_354.jpg,0
Industrial/Industrial_902.jpg,4
SeaLake/SeaLake_546.jpg,9
Industrial/Industrial_1130.jpg,4
Forest/Forest_2182.jpg,1
Industrial/Industrial_891.jpg,4
SeaLake/SeaLake_2771.jpg,9
Forest/Forest_1585.jpg,1
AnnualCrop/AnnualCrop_2353.jpg,0
River/River_600.jpg,8
SeaLake/SeaLake_189.jpg,9
PermanentCrop/PermanentCrop_209.jpg,6
Pasture/Pasture_1468.jpg,5
AnnualCrop/AnnualCrop_2421.jpg,0
Pasture/Pasture_1685.jpg,5
PermanentCrop/PermanentCrop_1263.jpg,6
Residential/Residential_2466.jpg,7
Industrial/Industrial_2427.jpg,4
Forest/Forest_98.jpg,1
Forest/Forest_239.jpg,1
AnnualCrop/AnnualCrop_2604.jpg,0
SeaLake/SeaLake_1222.jpg,9
Highway/Highway_2441.jpg,3
SeaLake/SeaLake_1843.jpg,9
Forest/Forest_1838.jpg,1
Residential/Residential_1527.jpg,7
HerbaceousVegetation/HerbaceousVegetation_814.jpg,2
Residential/Residential_2752.jpg,7
HerbaceousVegetation/HerbaceousVegetation_377.jpg,2
SeaLake/SeaLake_50.jpg,9
Residential/Residential_408.jpg,7
AnnualCrop/AnnualCrop_338.jpg,0
Pasture/Pasture_405.jpg,5
HerbaceousVegetation/HerbaceousVegetation_113.jpg,2
AnnualCrop/AnnualCrop_1155.jpg,0
HerbaceousVegetation/HerbaceousVegetation_1161.jpg,2
SeaLake/SeaLake_2830.jpg,9
SeaLake/SeaLake_2617.jpg,9
SeaLake/SeaLake_1811.jpg,9
HerbaceousVegetation/HerbaceousVegetation_619.jpg,2
Highway/Highway_478.jpg,3
HerbaceousVegetation/HerbaceousVegetation_2264.jpg,2
Highway/Highway_1694.jpg,3
PermanentCrop/PermanentCrop_76.jpg,6
PermanentCrop/PermanentCrop_1752.jpg,6
Industrial/Industrial_503.jpg,4
Industrial/Industrial_1722.jpg,4
Industrial/Industrial_2190.jpg,4
SeaLake/SeaLake_962.jpg,9
Residential/Residential_2403.jpg,7
PermanentCrop/PermanentCrop_150.jpg,6
Residential/Residential_2838.jpg,7
Forest/Forest_1632.jpg,1
River/River_1926.jpg,8
PermanentCrop/PermanentCrop_2029.jpg,6
AnnualCrop/AnnualCrop_293.jpg,0
Highway/Highway_1175.jpg,3
PermanentCrop/PermanentCrop_845.jpg,6
Forest/Forest_2109.jpg,1
River/River_680.jpg,8
Forest/Forest_1775.jpg,1
SeaLake/SeaLake_2926.jpg,9
Residential/Residential_106.jpg,7
PermanentCrop/PermanentCrop_2265.jpg,6
Pasture/Pasture_909.jpg,5
PermanentCrop/PermanentCrop_1740.jpg,6
Industrial/Industrial_2174.jpg,4
Industrial/Industrial_666.jpg,4
AnnualCrop/AnnualCrop_2769.jpg,0
SeaLake/SeaLake_1722.jpg,9
Pasture/Pasture_1702.jpg,5
AnnualCrop/AnnualCrop_811.jpg,0
Residential/Residential_2563.jpg,7
Forest/Forest_457.jpg,1
PermanentCrop/PermanentCrop_657.jpg,6
Highway/Highway_1018.jpg,3
Highway/Highway_510.jpg,3
River/River_666.jpg,8
Residential/Residential_1440.jpg,7
AnnualCrop/AnnualCrop_1738.jpg,0
Pasture/Pasture_7.jpg,5
AnnualCrop/AnnualCrop_2387.jpg,0
River/River_1315.jpg,8
SeaLake/SeaLake_727.jpg,9
River/River_756.jpg,8
AnnualCrop/AnnualCrop_215.jpg,0
Industrial/Industrial_1651.jpg,4
River/River_2092.jpg,8
Forest/Forest_1212.jpg,1
PermanentCrop/PermanentCrop_210.jpg,6
River/River_1543.jpg,8
Highway/Highway_2122.jpg,3
Forest/Forest_2379.jpg,1
Residential/Residential_34.jpg,7
Forest/Forest_981.jpg,1
River/River_1153.jpg,8
Pasture/Pasture_1978.jpg,5
Residential/Residential_977.jpg,7
AnnualCrop/AnnualCrop_2207.jpg,0
Industrial/Industrial_889.jpg,4
HerbaceousVegetation/HerbaceousVegetation_805.jpg,2
Residential/Residential_2231.jpg,7
River/River_1082.jpg,8
Highway/Highway_60.jpg,3
River/River_1694.jpg,8
Residential/Residential_2314.jpg,7
River/River_1530.jpg,8
HerbaceousVegetation/HerbaceousVegetation_2056.jpg,2
Residential/Residential_10.jpg,7
SeaLake/SeaLake_2567.jpg,9
HerbaceousVegetation/HerbaceousVegetation_1974.jpg,2
Forest/Forest_317.jpg,1
River/River_1244.jpg,8
SeaLake/SeaLake_1268.jpg,9
Forest/Forest_212.jpg,1
Pasture/Pasture_1094.jpg,5
River/River_1809.jpg,8
Residential/Residential_1207.jpg,7
River/River_2452.jpg,8
Residential/Residential_254.jpg,7
Industrial/Industrial_1716.jpg,4
Residential/Residential_1281.jpg,7
PermanentCrop/PermanentCrop_1237.jpg,6
Forest/Forest_1513.jpg,1
River/River_240.jpg,8
Pasture/Pasture_1947.jpg,5
Industrial/Industrial_870.jpg,4
Industrial/Industrial_1708.jpg,4
SeaLake/SeaLake_1472.jpg,9
AnnualCrop/AnnualCrop_530.jpg,0
HerbaceousVegetation/HerbaceousVegetation_2752.jpg,2
River/River_306.jpg,8
Forest/Forest_861.jpg,1
Forest/Forest_1065.jpg,1
HerbaceousVegetation/HerbaceousVegetation_1551.jpg,2
AnnualCrop/AnnualCrop_409.jpg,0
River/River_753.jpg,8
AnnualCrop/AnnualCrop_2461.jpg,0
Residential/Residential_2381.jpg,7
Highway/Highway_2240.jpg,3
Residential/Residential_115.jpg,7
Industrial/Industrial_2148.jpg,4
Highway/Highway_2232.jpg,3
Pasture/Pasture_1359.jpg,5
HerbaceousVegetation/HerbaceousVegetation_819.jpg,2
Highway/Highway_1254.jpg,3
SeaLake/SeaLake_2303.jpg,9
AnnualCrop/AnnualCrop_1843.jpg,0
Industrial/Industrial_1907.jpg,4
Industrial/Industrial_1589.jpg,4
SeaLake/SeaLake_1417.jpg,9
Industrial/Industrial_2035.jpg,4
Residential/Residential_1628.jpg,7
Pasture/Pasture_1956.jpg,5
Highway/Highway_1661.jpg,3
PermanentCrop/PermanentCrop_1310.jpg,6
Residential/Residential_1871.jpg,7
Residential/Residential_680.jpg,7
HerbaceousVegetation/HerbaceousVegetation_2522.jpg,2
Pasture/Pasture_432.jpg,5
Pasture/Pasture_871.jpg,5
Forest/Forest_421.jpg,1
PermanentCrop/PermanentCrop_330.jpg,6
Highway/Highway_736.jpg,3
SeaLake/SeaLake_1977.jpg,9
PermanentCrop/PermanentCrop_1338.jpg,6
Pasture/Pasture_904.jpg,5
SeaLake/SeaLake_354.jpg,9
Highway/Highway_1754.jpg,3
Industrial/Industrial_2367.jpg,4
AnnualCrop/AnnualCrop_1610.jpg,0
HerbaceousVegetation/HerbaceousVegetation_1453.jpg,2
Highway/Highway_2279.jpg,3
AnnualCrop/AnnualCrop_1212.jpg,0
Industrial/Industrial_1779.jpg,4
HerbaceousVegetation/HerbaceousVegetation_863.jpg,2
Residential/Residential_313.jpg,7
Highway/Highway_484.jpg,3
Highway/Highway_1132.jpg,3
Forest/Forest_257.jpg,1
HerbaceousVegetation/HerbaceousVegetation_1073.jpg,2
Forest/Forest_621.jpg,1
Industrial/Industrial_524.jpg,4
AnnualCrop/AnnualCrop_330.jpg,0
Residential/Residential_2644.jpg,7
SeaLake/SeaLake_663.jpg,9
Forest/Forest_2007.jpg,1
PermanentCrop/PermanentCrop_2316.jpg,6
River/River_111.jpg,8
Forest/Forest_2477.jpg,1
River/River_754.jpg,8
HerbaceousVegetation/HerbaceousVegetation_1256.jpg,2
AnnualCrop/AnnualCrop_2485.jpg,0
AnnualCrop/AnnualCrop_2933.jpg,0
PermanentCrop/PermanentCrop_543.jpg,6
PermanentCrop/PermanentCrop_1784.jpg,6
Forest/Forest_1628.jpg,1
PermanentCrop/PermanentCrop_471.jpg,6
River/River_643.jpg,8
Pasture/Pasture_1145.jpg,5
AnnualCrop/AnnualCrop_2184.jpg,0
SeaLake/SeaLake_703.jpg,9
Pasture/Pasture_364.jpg,5
Industrial/Industrial_2291.jpg,4
Forest/Forest_10.jpg,1
SeaLake/SeaLake_2090.jpg,9
AnnualCrop/AnnualCrop_263.jpg,0
Forest/Forest_1524.jpg,1
HerbaceousVegetation/HerbaceousVegetation_1740.jpg,2
Industrial/Industrial_1457.jpg,4
Forest/Forest_2996.jpg,1
AnnualCrop/AnnualCrop_633.jpg,0
Industrial/Industrial_131.jpg,4
Highway/Highway_1637.jpg,3
Residential/Residential_148.jpg,7
SeaLake/SeaLake_2599.jpg,9
Highway/Highway_1788.jpg,3
Highway/Highway_2226.jpg,3
River/River_1228.jpg,8
Industrial/Industrial_966.jpg,4
SeaLake/SeaLake_199.jpg,9
AnnualCrop/AnnualCrop_1454.jpg,0
Forest/Forest_715.jpg,1
SeaLake/SeaLake_2185.jpg,9
River/River_972.jpg,8
SeaLake/SeaLake_2297.jpg,9
AnnualCrop/AnnualCrop_269.jpg,0
AnnualCrop/AnnualCrop_39.jpg,0
River/River_1268.jpg,8
Pasture/Pasture_1785.jpg,5
PermanentCrop/PermanentCrop_1987.jpg,6
SeaLake/SeaLake_1998.jpg,9
SeaLake/SeaLake_2827.jpg,9
Highway/Highway_781.jpg,3
SeaLake/SeaLake_2472.jpg,9
Residential/Residential_2308.jpg,7
River/River_763.jpg,8
River/River_1105.jpg,8
HerbaceousVegetation/HerbaceousVegetation_2940.jpg,2
HerbaceousVegetation/HerbaceousVegetation_2047.jpg,2
SeaLake/SeaLake_1081.jpg,9
Highway/Highway_64.jpg,3
SeaLake/SeaLake_2160.jpg,9
Highway/Highway_595.jpg,3
SeaLake/SeaLake_1515.jpg,9
Industrial/Industrial_601.jpg,4
Forest/Forest_702.jpg,1
PermanentCrop/PermanentCrop_2191.jpg,6
Pasture/Pasture_1530.jpg,5
Pasture/Pasture_629.jpg,5
Forest/Forest_1120.jpg,1
Residential/Residential_1967.jpg,7
Forest/Forest_1390.jpg,1
Highway/Highway_143.jpg,3
HerbaceousVegetation/HerbaceousVegetation_1281.jpg,2
PermanentCrop/PermanentCrop_2158.jpg,6
SeaLake/SeaLake_1674.jpg,9
SeaLake/SeaLake_293.jpg,9
AnnualCrop/AnnualCrop_2799.jpg,0
Pasture/Pasture_1662.jpg,5
Highway/Highway_189.jpg,3
AnnualCrop/AnnualCrop_2968.jpg,0
SeaLake/SeaLake_2781.jpg,9
Pasture/Pasture_807.jpg,5
Forest/Forest_23.jpg,1
River/River_1041.jpg,8
Residential/Residential_121.jpg,7
Residential/Residential_1751.jpg,7
Residential/Residential_1709.jpg,7
Residential/Residential_2898.jpg,7
River/River_231.jpg,8
Forest/Forest_1195.jpg,1
Industrial/Industrial_2109.jpg,4
Industrial/Industrial_2064.jpg,4
HerbaceousVegetation/HerbaceousVegetation_31.jpg,2
AnnualCrop/AnnualCrop_368.jpg,0
Residential/Residential_808.jpg,7
Residential/Residential_1992.jpg,7
PermanentCrop/PermanentCrop_407.jpg,6
SeaLake/SeaLake_335.jpg,9
Residential/Residential_1529.jpg,7
Residential/Residential_1547.jpg,7
Highway/Highway_323.jpg,3
Residential/Residential_2980.jpg,7
Forest/Forest_1155.jpg,1
AnnualCrop/AnnualCrop_2288.jpg,0
Forest/Forest_31.jpg,1
Pasture/Pasture_1853.jpg,5
River/River_1238.jpg,8
AnnualCrop/AnnualCrop_236.jpg,0
River/River_2132.jpg,8
Highway/Highway_1054.jpg,3
SeaLake/SeaLake_2985.jpg,9
HerbaceousVegetation/HerbaceousVegetation_1224.jpg,2
AnnualCrop/AnnualCrop_429.jpg,0
Residential/Residential_998.jpg,7
PermanentCrop/PermanentCrop_1721.jpg,6
River/River_1990.jpg,8
AnnualCrop/AnnualCrop_2816.jpg,0
PermanentCrop/PermanentCrop_182.jpg,6
SeaLake/SeaLake_2695.jpg,9
Highway/Highway_1745.jpg,3
Residential/Residential_2500.jpg,7
Forest/Forest_2135.jpg,1
SeaLake/SeaLake_2012.jpg,9
Forest/Forest_601.jpg,1
PermanentCrop/PermanentCrop_174.jpg,6
PermanentCrop/PermanentCrop_79.jpg,6
SeaLake/SeaLake_1768.jpg,9
Forest/Forest_1305.jpg,1
AnnualCrop/AnnualCrop_1389.jpg,0
SeaLake/SeaLake_425.jpg,9
River/River_2009.jpg,8
HerbaceousVegetation/HerbaceousVegetation_2817.jpg,2
SeaLake/SeaLake_2883.jpg,9
PermanentCrop/PermanentCrop_258.jpg,6
PermanentCrop/PermanentCrop_1907.jpg,6
Industrial/Industrial_850.jpg,4
Industrial/Industrial_2129.jpg,4
PermanentCrop/PermanentCrop_1935.jpg,6
AnnualCrop/AnnualCrop_325.jpg,0
AnnualCrop/AnnualCrop_34.jpg,0
PermanentCrop/PermanentCrop_1660.jpg,6
PermanentCrop/PermanentCrop_1745.jpg,6
HerbaceousVegetation/HerbaceousVegetation_890.jpg,2
Residential/Residential_1658.jpg,7
SeaLake/SeaLake_1184.jpg,9
Residential/Residential_2774.jpg,7
Highway/Highway_772.jpg,3
Highway/Highway_2107.jpg,3
Highway/Highway_1792.jpg,3
Pasture/Pasture_1144.jpg,5
River/River_635.jpg,8
SeaLake/SeaLake_417.jpg,9
Pasture/Pasture_1119.jpg,5
Forest/Forest_690.jpg,1
Highway/Highway_1186.jpg,3
Highway/Highway_1169.jpg,3
HerbaceousVegetation/HerbaceousVegetation_125.jpg,2
Forest/Forest_2727.jpg,1
River/River_1482.jpg,8
HerbaceousVegetation/HerbaceousVegetation_1906.jpg,2
Residential/Residential_1861.jpg,7
Residential/Residential_9.jpg,7
River/River_392.jpg,8
SeaLake/SeaLake_2882.jpg,9
AnnualCrop/AnnualCrop_2330.jpg,0
HerbaceousVegetation/HerbaceousVegetation_2845.jpg,2
Highway/Highway_1678.jpg,3
Forest/Forest_1127.jpg,1
Industrial/Industrial_72.jpg,4
AnnualCrop/AnnualCrop_1393.jpg,0
River/River_924.jpg,8
Pasture/Pasture_1282.jpg,5
Residential/Residential_654.jpg,7
Industrial/Industrial_2446.jpg,4
Highway/Highway_1377.jpg,3
PermanentCrop/PermanentCrop_2018.jpg,6
SeaLake/SeaLake_2991.jpg,9
HerbaceousVegetation/HerbaceousVegetation_323.jpg,2
AnnualCrop/AnnualCrop_1947.jpg,0
AnnualCrop/AnnualCrop_2877.jpg,0
Industrial/Industrial_2376.jpg,4
HerbaceousVegetation/HerbaceousVegetation_2759.jpg,2
PermanentCrop/PermanentCrop_1366.jpg,6
River/River_2356.jpg,8
SeaLake/SeaLake_2460.jpg,9
SeaLake/SeaLake_271.jpg,9
Forest/Forest_1584.jpg,1
River/River_2004.jpg,8
SeaLake/SeaLake_648.jpg,9
SeaLake/SeaLake_257.jpg,9
Forest/Forest_2973.jpg,1
PermanentCrop/PermanentCrop_1991.jpg,6
Pasture/Pasture_569.jpg,5
River/River_2351.jpg,8
Forest/Forest_241.jpg,1
Pasture/Pasture_882.jpg,5
PermanentCrop/PermanentCrop_497.jpg,6
Highway/Highway_257.jpg,3
Highway/Highway_730.jpg,3
HerbaceousVegetation/HerbaceousVegetation_798.jpg,2
Industrial/Industrial_2212.jpg,4
PermanentCrop/PermanentCrop_2404.jpg,6
SeaLake/SeaLake_500.jpg,9
SeaLake/SeaLake_2590.jpg,9
PermanentCrop/PermanentCrop_432.jpg,6
Highway/Highway_2291.jpg,3
Highway/Highway_2359.jpg,3
Highway/Highway_1729.jpg,3
Highway/Highway_2482.jpg,3
PermanentCrop/PermanentCrop_861.jpg,6
HerbaceousVegetation/HerbaceousVegetation_1056.jpg,2
SeaLake/SeaLake_755.jpg,9
Forest/Forest_732.jpg,1
Highway/Highway_382.jpg,3
AnnualCrop/AnnualCrop_321.jpg,0
Industrial/Industrial_518.jpg,4
Industrial/Industrial_1212.jpg,4
AnnualCrop/AnnualCrop_671.jpg,0
PermanentCrop/PermanentCrop_2172.jpg,6
HerbaceousVegetation/HerbaceousVegetation_1847.jpg,2
Forest/Forest_2009.jpg,1
AnnualCrop/AnnualCrop_1513.jpg,0
Residential/Residential_2396.jpg,7
HerbaceousVegetation/HerbaceousVegetation_1345.jpg,2
AnnualCrop/AnnualCrop_17.jpg,0
Pasture/Pasture_1383.jpg,5
Residential/Residential_36.jpg,7
Residential/Residential_384.jpg,7
PermanentCrop/PermanentCrop_784.jpg,6
Industrial/Industrial_724.jpg,4
SeaLake/SeaLake_992.jpg,9
Highway/Highway_341.jpg,3
PermanentCrop/PermanentCrop_750.jpg,6
Pasture/Pasture_774.jpg,5
Pasture/Pasture_1268.jpg,5
Industrial/Industrial_1940.jpg,4
SeaLake/SeaLake_1983.jpg,9
AnnualCrop/AnnualCrop_604.jpg,0
Forest/Forest_913.jpg,1
Highway/Highway_868.jpg,3
Forest/Forest_2164.jpg,1
River/River_1963.jpg,8
Pasture/Pasture_1113.jpg,5
Industrial/Industrial_1280.jpg,4
Highway/Highway_2128.jpg,3
Industrial/Industrial_1382.jpg,4
SeaLake/SeaLake_1660.jpg,9
Forest/Forest_790.jpg,1
Industrial/Industrial_399.jpg,4
HerbaceousVegetation/HerbaceousVegetation_1104.jpg,2
PermanentCrop/PermanentCrop_2086.jpg,6
AnnualCrop/AnnualCrop_1172.jpg,0
Pasture/Pasture_1830.jpg,5
PermanentCrop/PermanentCrop_1887.jpg,6
Residential/Residential_490.jpg,7
PermanentCrop/PermanentCrop_113.jpg,6
Forest/Forest_1904.jpg,1
Residential/Residential_2155.jpg,7
Forest/Forest_465.jpg,1
HerbaceousVegetation/HerbaceousVegetation_1399.jpg,2
AnnualCrop/AnnualCrop_1565.jpg,0
AnnualCrop/AnnualCrop_1144.jpg,0
Pasture/Pasture_273.jpg,5
Forest/Forest_2184.jpg,1
HerbaceousVegetation/HerbaceousVegetation_1698.jpg,2
PermanentCrop/PermanentCrop_747.jpg,6
SeaLake/SeaLake_576.jpg,9
PermanentCrop/PermanentCrop_1562.jpg,6
Forest/Forest_2504.jpg,1
Pasture/Pasture_580.jpg,5
AnnualCrop/AnnualCrop_738.jpg,0
Pasture/Pasture_1649.jpg,5
PermanentCrop/PermanentCrop_2118.jpg,6
HerbaceousVegetation/HerbaceousVegetation_1660.jpg,2
River/River_614.jpg,8
Pasture/Pasture_1767.jpg,5
PermanentCrop/PermanentCrop_204.jpg,6
Highway/Highway_938.jpg,3
Industrial/Industrial_857.jpg,4
Forest/Forest_2949.jpg,1
PermanentCrop/PermanentCrop_1884.jpg,6
Highway/Highway_700.jpg,3
AnnualCrop/AnnualCrop_2177.jpg,0
AnnualCrop/AnnualCrop_1185.jpg,0
Forest/Forest_2137.jpg,1
River/River_2231.jpg,8
River/River_2072.jpg,8
River/River_744.jpg,8
Industrial/Industrial_1730.jpg,4
River/River_169.jpg,8
Highway/Highway_1892.jpg,3
Residential/Residential_2948.jpg,7
Pasture/Pasture_252.jpg,5
PermanentCrop/PermanentCrop_2204.jpg,6
PermanentCrop/PermanentCrop_2329.jpg,6
SeaLake/SeaLake_2772.jpg,9
Highway/Highway_1449.jpg,3
Residential/Residential_925.jpg,7
PermanentCrop/PermanentCrop_406.jpg,6
Residential/Residential_223.jpg,7
Industrial/Industrial_314.jpg,4
Forest/Forest_664.jpg,1
Industrial/Industrial_2147.jpg,4
PermanentCrop/PermanentCrop_849.jpg,6
Forest/Forest_1351.jpg,1
Forest/Forest_804.jpg,1
PermanentCrop/PermanentCrop_41.jpg,6
River/River_1043.jpg,8
Pasture/Pasture_1358.jpg,5
SeaLake/SeaLake_2038.jpg,9
Pasture/Pasture_263.jpg,5
PermanentCrop/PermanentCrop_1444.jpg,6
AnnualCrop/AnnualCrop_592.jpg,0
Forest/Forest_124.jpg,1
Forest/Forest_2177.jpg,1
SeaLake/SeaLake_2419.jpg,9
Residential/Residential_197.jpg,7
HerbaceousVegetation/HerbaceousVegetation_2773.jpg,2
Forest/Forest_169.jpg,1
AnnualCrop/AnnualCrop_2314.jpg,0
Forest/Forest_167.jpg,1
Forest/Forest_1489.jpg,1
Residential/Residential_358.jpg,7
PermanentCrop/PermanentCrop_1655.jpg,6
AnnualCrop/AnnualCrop_1663.jpg,0
Residential/Residential_1359.jpg,7
SeaLake/SeaLake_2222.jpg,9
AnnualCrop/AnnualCrop_2839.jpg,0
Residential/Residential_1991.jpg,7
HerbaceousVegetation/HerbaceousVegetation_233.jpg,2
Residential/Residential_874.jpg,7
Industrial/Industrial_521.jpg,4
Industrial/Industrial_557.jpg,4
SeaLake/SeaLake_1381.jpg,9
Industrial/Industrial_186.jpg,4
Residential/Residential_1532.jpg,7
AnnualCrop/AnnualCrop_1119.jpg,0
AnnualCrop/AnnualCrop_1241.jpg,0
Residential/Residential_2600.jpg,7
River/River_830.jpg,8
Pasture/Pasture_571.jpg,5
PermanentCrop/PermanentCrop_1260.jpg,6
Industrial/Industrial_85.jpg,4
Highway/Highway_593.jpg,3
Pasture/Pasture_1028.jpg,5
Highway/Highway_1123.jpg,3
Residential/Residential_1457.jpg,7
HerbaceousVegetation/HerbaceousVegetation_2364.jpg,2
SeaLake/SeaLake_2316.jpg,9
Forest/Forest_370.jpg,1
River/River_2107.jpg,8
Forest/Forest_1916.jpg,1
River/River_2225.jpg,8
Highway/Highway_1002.jpg,3
Forest/Forest_915.jpg,1
Residential/Residential_1162.jpg,7
HerbaceousVegetation/HerbaceousVegetation_1070.jpg,2
PermanentCrop/PermanentCrop_1154.jpg,6
River/River_278.jpg,8
Highway/Highway_343.jpg,3
HerbaceousVegetation/HerbaceousVegetation_84.jpg,2
HerbaceousVegetation/HerbaceousVegetation_2718.jpg,2
Forest/Forest_1027.jpg,1
HerbaceousVegetation/HerbaceousVegetation_2003.jpg,2
Highway/Highway_678.jpg,3
Highway/Highway_1310.jpg,3
Forest/Forest_2400.jpg,1
SeaLake/SeaLake_861.jpg,9
SeaLake/SeaLake_1127.jpg,9
Forest/Forest_2655.jpg,1
SeaLake/SeaLake_239.jpg,9
Pasture/Pasture_1809.jpg,5
PermanentCrop/PermanentCrop_1005.jpg,6
SeaLake/SeaLake_607.jpg,9
River/River_1981.jpg,8
HerbaceousVegetation/HerbaceousVegetation_319.jpg,2
Industrial/Industrial_2115.jpg,4
HerbaceousVegetation/HerbaceousVegetation_534.jpg,2
AnnualCrop/AnnualCrop_1589.jpg,0
PermanentCrop/PermanentCrop_1466.jpg,6
Residential/Residential_973.jpg,7
Highway/Highway_731.jpg,3
Pasture/Pasture_512.jpg,5
AnnualCrop/AnnualCrop_2965.jpg,0
Industrial/Industrial_1096.jpg,4
SeaLake/SeaLake_651.jpg,9
Residential/Residential_2364.jpg,7
PermanentCrop/PermanentCrop_1498.jpg,6
PermanentCrop/PermanentCrop_736.jpg,6
HerbaceousVegetation/HerbaceousVegetation_184.jpg,2
PermanentCrop/PermanentCrop_1212.jpg,6
River/River_2085.jpg,8
SeaLake/SeaLake_276.jpg,9
Highway/Highway_635.jpg,3
Residential/Residential_534.jpg,7
Pasture/Pasture_880.jpg,5
Forest/Forest_2716.jpg,1
Residential/Residential_2693.jpg,7
Pasture/Pasture_140.jpg,5
River/River_1684.jpg,8
Residential/Residential_1051.jpg,7
River/River_1552.jpg,8
Industrial/Industrial_2229.jpg,4
Industrial/Industrial_87.jpg,4
PermanentCrop/PermanentCrop_2327.jpg,6
AnnualCrop/AnnualCrop_2238.jpg,0
River/River_2096.jpg,8
Industrial/Industrial_1252.jpg,4
Forest/Forest_1385.jpg,1
PermanentCrop/PermanentCrop_1445.jpg,6
AnnualCrop/AnnualCrop_1044.jpg,0
Pasture/Pasture_476.jpg,5
SeaLake/SeaLake_1640.jpg,9
Residential/Residential_1979.jpg,7
Industrial/Industrial_45.jpg,4
Pasture/Pasture_256.jpg,5
Highway/Highway_548.jpg,3
Highway/Highway_1724.jpg,3
Residential/Residential_693.jpg,7
River/River_2433.jpg,8
PermanentCrop/PermanentCrop_348.jpg,6
AnnualCrop/AnnualCrop_1278.jpg,0
HerbaceousVegetation/HerbaceousVegetation_2503.jpg,2
River/River_1241.jpg,8
Pasture/Pasture_1302.jpg,5
River/River_1155.jpg,8
Pasture/Pasture_651.jpg,5
HerbaceousVegetation/HerbaceousVegetation_2868.jpg,2
Residential/Residential_2215.jpg,7
Forest/Forest_1026.jpg,1
Forest/Forest_1494.jpg,1
AnnualCrop/AnnualCrop_53.jpg,0
SeaLake/SeaLake_2338.jpg,9
Forest/Forest_2962.jpg,1
Residential/Residential_2190.jpg,7
SeaLake/SeaLake_2595.jpg,9
Industrial/Industrial_718.jpg,4
SeaLake/SeaLake_749.jpg,9
SeaLake/SeaLake_2663.jpg,9
Industrial/Industrial_1602.jpg,4
AnnualCrop/AnnualCrop_2067.jpg,0
PermanentCrop/PermanentCrop_1379.jpg,6
HerbaceousVegetation/HerbaceousVegetation_2144.jpg,2
AnnualCrop/AnnualCrop_1745.jpg,0
PermanentCrop/PermanentCrop_1343.jpg,6
River/River_316.jpg,8
Forest/Forest_1710.jpg,1
PermanentCrop/PermanentCrop_832.jpg,6
Industrial/Industrial_96.jpg,4
Residential/Residential_2469.jpg,7
SeaLake/SeaLake_2145.jpg,9
AnnualCrop/AnnualCrop_599.jpg,0
Industrial/Industrial_668.jpg,4
SeaLake/SeaLake_2828.jpg,9
Residential/Residential_1691.jpg,7
Residential/Residential_1677.jpg,7
PermanentCrop/PermanentCrop_371.jpg,6
Residential/Residential_1315.jpg,7
SeaLake/SeaLake_2802.jpg,9
SeaLake/SeaLake_472.jpg,9
HerbaceousVegetation/HerbaceousVegetation_1279.jpg,2
PermanentCrop/PermanentCrop_702.jpg,6
Pasture/Pasture_482.jpg,5
PermanentCrop/PermanentCrop_1743.jpg,6
River/River_399.jpg,8
Highway/Highway_803.jpg,3
SeaLake/SeaLake_1769.jpg,9
Industrial/Industrial_2208.jpg,4
AnnualCrop/AnnualCrop_2462.jpg,0
Highway/Highway_1670.jpg,3
Residential/Residential_2388.jpg,7
Forest/Forest_849.jpg,1
AnnualCrop/AnnualCrop_2371.jpg,0
Industrial/Industrial_2172.jpg,4
Forest/Forest_2571.jpg,1
Forest/Forest_1669.jpg,1
Forest/Forest_1528.jpg,1
HerbaceousVegetation/HerbaceousVegetation_2753.jpg,2
Residential/Residential_2324.jpg,7
AnnualCrop/AnnualCrop_730.jpg,0
Residential/Residential_1395.jpg,7
Pasture/Pasture_1517.jpg,5
Highway/Highway_307.jpg,3
River/River_1463.jpg,8
Industrial/Industrial_1221.jpg,4
Residential/Residential_2263.jpg,7
Residential/Residential_1149.jpg,7
AnnualCrop/AnnualCrop_2188.jpg,0
Industrial/Industrial_2278.jpg,4
Highway/Highway_1913.jpg,3
PermanentCrop/PermanentCrop_329.jpg,6
Residential/Residential_2620.jpg,7
HerbaceousVegetation/HerbaceousVegetation_1975.jpg,2
HerbaceousVegetation/HerbaceousVegetation_1447.jpg,2
AnnualCrop/AnnualCrop_1764.jpg,0
HerbaceousVegetation/HerbaceousVegetation_199.jpg,2
Forest/Forest_2987.jpg,1
Pasture/Pasture_965.jpg,5
PermanentCrop/PermanentCrop_42.jpg,6
Pasture/Pasture_529.jpg,5
Residential/Residential_2379.jpg,7
Highway/Highway_1028.jpg,3
Forest/Forest_2267.jpg,1
HerbaceousVegetation/HerbaceousVegetation_2327.jpg,2
PermanentCrop/PermanentCrop_1036.jpg,6
Residential/Residential_2601.jpg,7
AnnualCrop/AnnualCrop_59.jpg,0
Highway/Highway_896.jpg,3
SeaLake/SeaLake_255.jpg,9
HerbaceousVegetation/HerbaceousVegetation_2920.jpg,2
Residential/Residential_2249.jpg,7
AnnualCrop/AnnualCrop_1181.jpg,0
Highway/Highway_1495.jpg,3
HerbaceousVegetation/HerbaceousVegetation_2363.jpg,2
Pasture/Pasture_1340.jpg,5
Highway/Highway_552.jpg,3
Highway/Highway_1698.jpg,3
Forest/Forest_496.jpg,1
SeaLake/SeaLake_2938.jpg,9
Forest/Forest_504.jpg,1
Highway/Highway_2078.jpg,3
AnnualCrop/AnnualCrop_1925.jpg,0
Highway/Highway_1213.jpg,3
Highway/Highway_9.jpg,3
PermanentCrop/PermanentCrop_106.jpg,6
Residential/Residential_1827.jpg,7
Pasture/Pasture_221.jpg,5
Residential/Residential_352.jpg,7
Forest/Forest_1709.jpg,1
AnnualCrop/AnnualCrop_632.jpg,0
Pasture/Pasture_1101.jpg,5
PermanentCrop/PermanentCrop_187.jpg,6
PermanentCrop/PermanentCrop_359.jpg,6
HerbaceousVegetation/HerbaceousVegetation_568.jpg,2
AnnualCrop/AnnualCrop_120.jpg,0
AnnualCrop/AnnualCrop_1326.jpg,0
Forest/Forest_2169.jpg,1
Residential/Residential_2622.jpg,7
HerbaceousVegetation/HerbaceousVegetation_1194.jpg,2
Pasture/Pasture_1258.jpg,5
PermanentCrop/PermanentCrop_449.jpg,6
Pasture/Pasture_1398.jpg,5
SeaLake/SeaLake_1243.jpg,9
PermanentCrop/PermanentCrop_2165.jpg,6
Highway/Highway_1260.jpg,3
Residential/Residential_2347.jpg,7
SeaLake/SeaLake_1329.jpg,9
Residential/Residential_1284.jpg,7
HerbaceousVegetation/HerbaceousVegetation_2801.jpg,2
HerbaceousVegetation/HerbaceousVegetation_543.jpg,2
Highway/Highway_2077.jpg,3
PermanentCrop/PermanentCrop_1323.jpg,6
PermanentCrop/PermanentCrop_1762.jpg,6
PermanentCrop/PermanentCrop_109.jpg,6
Residential/Residential_2841.jpg,7
Highway/Highway_1338.jpg,3
PermanentCrop/PermanentCrop_244.jpg,6
River/River_176.jpg,8
SeaLake/SeaLake_2932.jpg,9
SeaLake/SeaLake_2565.jpg,9
PermanentCrop/PermanentCrop_179.jpg,6
HerbaceousVegetation/HerbaceousVegetation_2852.jpg,2
SeaLake/SeaLake_641.jpg,9
SeaLake/SeaLake_2784.jpg,9
PermanentCrop/PermanentCrop_1070.jpg,6
Pasture/Pasture_1958.jpg,5
PermanentCrop/PermanentCrop_2060.jpg,6
Industrial/Industrial_1268.jpg,4
Pasture/Pasture_1032.jpg,5
HerbaceousVegetation/HerbaceousVegetation_1638.jpg,2
HerbaceousVegetation/HerbaceousVegetation_934.jpg,2
SeaLake/SeaLake_952.jpg,9
River/River_2289.jpg,8
Pasture/Pasture_1408.jpg,5
Highway/Highway_1916.jpg,3
Residential/Residential_2698.jpg,7
Pasture/Pasture_471.jpg,5
Residential/Residential_1717.jpg,7
Highway/Highway_135.jpg,3
HerbaceousVegetation/HerbaceousVegetation_1889.jpg,2
Industrial/Industrial_2448.jpg,4
Residential/Residential_1746.jpg,7
River/River_2023.jpg,8
SeaLake/SeaLake_891.jpg,9
Residential/Residential_1478.jpg,7
Residential/Residential_1782.jpg,7
Industrial/Industrial_599.jpg,4
Pasture/Pasture_491.jpg,5
AnnualCrop/AnnualCrop_2247.jpg,0
Forest/Forest_2793.jpg,1
AnnualCrop/AnnualCrop_2616.jpg,0
Highway/Highway_1412.jpg,3
Industrial/Industrial_496.jpg,4
SeaLake/SeaLake_272.jpg,9
SeaLake/SeaLake_88.jpg,9
Residential/Residential_1112.jpg,7
AnnualCrop/AnnualCrop_1688.jpg,0
Pasture/Pasture_398.jpg,5
Forest/Forest_348.jpg,1
HerbaceousVegetation/HerbaceousVegetation_2134.jpg,2
Industrial/Industrial_2401.jpg,4
Residential/Residential_2940.jpg,7
Highway/Highway_2062.jpg,3
Residential/Residential_1791.jpg,7
River/River_60.jpg,8
River/River_1603.jpg,8
AnnualCrop/AnnualCrop_2470.jpg,0
SeaLake/SeaLake_1771.jpg,9
Forest/Forest_2701.jpg,1
SeaLake/SeaLake_2786.jpg,9
Highway/Highway_1906.jpg,3
Residential/Residential_1343.jpg,7
PermanentCrop/PermanentCrop_1002.jpg,6
PermanentCrop/PermanentCrop_1793.jpg,6
Pasture/Pasture_1845.jpg,5
AnnualCrop/AnnualCrop_1840.jpg,0
Forest/Forest_445.jpg,1
River/River_1919.jpg,8
HerbaceousVegetation/HerbaceousVegetation_1918.jpg,2
Residential/Residential_757.jpg,7
Forest/Forest_1845.jpg,1
Highway/Highway_541.jpg,3
PermanentCrop/PermanentCrop_1232.jpg,6
Industrial/Industrial_2080.jpg,4
River/River_305.jpg,8
PermanentCrop/PermanentCrop_1768.jpg,6
River/River_1898.jpg,8
Highway/Highway_1807.jpg,3
Residential/Residential_2962.jpg,7
Highway/Highway_1319.jpg,3
SeaLake/SeaLake_1203.jpg,9
Forest/Forest_480.jpg,1
SeaLake/SeaLake_2696.jpg,9
Pasture/Pasture_1442.jpg,5
PermanentCrop/PermanentCrop_2401.jpg,6
AnnualCrop/AnnualCrop_751.jpg,0
PermanentCrop/PermanentCrop_2041.jpg,6
Highway/Highway_538.jpg,3
Forest/Forest_1667.jpg,1
Residential/Residential_1066.jpg,7
Residential/Residential_1223.jpg,7
Residential/Residential_2918.jpg,7
River/River_266.jpg,8
Highway/Highway_910.jpg,3
Industrial/Industrial_269.jpg,4
Industrial/Industrial_2483.jpg,4
HerbaceousVegetation/HerbaceousVegetation_1261.jpg,2
Industrial/Industrial_1366.jpg,4
PermanentCrop/PermanentCrop_104.jpg,6
Residential/Residential_2807.jpg,7
HerbaceousVegetation/HerbaceousVegetation_1150.jpg,2
Forest/Forest_155.jpg,1
HerbaceousVegetation/HerbaceousVegetation_1221.jpg,2
SeaLake/SeaLake_474.jpg,9
PermanentCrop/PermanentCrop_2396.jpg,6
Forest/Forest_2986.jpg,1
Industrial/Industrial_1864.jpg,4
HerbaceousVegetation/HerbaceousVegetation_1083.jpg,2
Residential/Residential_2223.jpg,7
River/River_886.jpg,8
HerbaceousVegetation/HerbaceousVegetation_155.jpg,2
AnnualCrop/AnnualCrop_1154.jpg,0
Residential/Residential_1148.jpg,7
Highway/Highway_1432.jpg,3
HerbaceousVegetation/HerbaceousVegetation_541.jpg,2
Highway/Highway_782.jpg,3
SeaLake/SeaLake_2494.jpg,9
PermanentCrop/PermanentCrop_1785.jpg,6
Pasture/Pasture_1861.jpg,5
AnnualCrop/AnnualCrop_1347.jpg,0
AnnualCrop/AnnualCrop_1481.jpg,0
AnnualCrop/AnnualCrop_7.jpg,0
HerbaceousVegetation/HerbaceousVegetation_2774.jpg,2
HerbaceousVegetation/HerbaceousVegetation_1665.jpg,2
SeaLake/SeaLake_486.jpg,9
AnnualCrop/AnnualCrop_2054.jpg,0
SeaLake/SeaLake_356.jpg,9
Forest/Forest_1031.jpg,1
SeaLake/SeaLake_519.jpg,9
SeaLake/SeaLake_1747.jpg,9
AnnualCrop/AnnualCrop_2731.jpg,0
Industrial/Industrial_914.jpg,4
HerbaceousVegetation/HerbaceousVegetation_327.jpg,2
PermanentCrop/PermanentCrop_584.jpg,6
Forest/Forest_2472.jpg,1
Highway/Highway_1120.jpg,3
AnnualCrop/AnnualCrop_1726.jpg,0
Industrial/Industrial_1943.jpg,4
AnnualCrop/AnnualCrop_1769.jpg,0
SeaLake/SeaLake_1435.jpg,9
River/River_2284.jpg,8
Forest/Forest_97.jpg,1
Highway/Highway_1999.jpg,3
Industrial/Industrial_137.jpg,4
River/River_1902.jpg,8
Pasture/Pasture_944.jpg,5
Industrial/Industrial_1146.jpg,4
Highway/Highway_392.jpg,3
Industrial/Industrial_371.jpg,4
SeaLake/SeaLake_2810.jpg,9
HerbaceousVegetation/HerbaceousVegetation_3.jpg,2
River/River_931.jpg,8
PermanentCrop/PermanentCrop_1012.jpg,6
River/River_327.jpg,8
Industrial/Industrial_17.jpg,4
AnnualCrop/AnnualCrop_524.jpg,0
Highway/Highway_1607.jpg,3
HerbaceousVegetation/HerbaceousVegetation_2829.jpg,2
Forest/Forest_1843.jpg,1
Highway/Highway_1488.jpg,3
River/River_1057.jpg,8
Forest/Forest_514.jpg,1
Residential/Residential_1528.jpg,7
HerbaceousVegetation/HerbaceousVegetation_939.jpg,2
Highway/Highway_1151.jpg,3
SeaLake/SeaLake_545.jpg,9
Pasture/Pasture_1553.jpg,5
Highway/Highway_1326.jpg,3
HerbaceousVegetation/HerbaceousVegetation_153.jpg,2
AnnualCrop/AnnualCrop_639.jpg,0
AnnualCrop/AnnualCrop_2609.jpg,0
AnnualCrop/AnnualCrop_1370.jpg,0
AnnualCrop/AnnualCrop_2817.jpg,0
AnnualCrop/AnnualCrop_333.jpg,0
SeaLake/SeaLake_17.jpg,9
Industrial/Industrial_123.jpg,4
River/River_1136.jpg,8
SeaLake/SeaLake_742.jpg,9
Pasture/Pasture_1416.jpg,5
PermanentCrop/PermanentCrop_1664.jpg,6
Industrial/Industrial_2037.jpg,4
AnnualCrop/AnnualCrop_1439.jpg,0
SeaLake/SeaLake_2400.jpg,9
Forest/Forest_2466.jpg,1
Forest/Forest_1112.jpg,1
AnnualCrop/AnnualCrop_2539.jpg,0
Highway/Highway_1033.jpg,3
River/River_2431.jpg,8
Highway/Highway_1137.jpg,3
River/River_401.jpg,8
AnnualCrop/AnnualCrop_313.jpg,0
Residential/Residential_1769.jpg,7
PermanentCrop/PermanentCrop_2333.jpg,6
AnnualCrop/AnnualCrop_1080.jpg,0
SeaLake/SeaLake_997.jpg,9
Industrial/Industrial_139.jpg,4
HerbaceousVegetation/HerbaceousVegetation_1355.jpg,2
AnnualCrop/AnnualCrop_616.jpg,0
PermanentCrop/PermanentCrop_438.jpg,6
Highway/Highway_2007.jpg,3
Residential/Residential_2697.jpg,7
HerbaceousVegetation/HerbaceousVegetation_312.jpg,2
HerbaceousVegetation/HerbaceousVegetation_1506.jpg,2
HerbaceousVegetation/HerbaceousVegetation_683.jpg,2
SeaLake/SeaLake_1223.jpg,9
Pasture/Pasture_1431.jpg,5
Residential/Residential_1634.jpg,7
Forest/Forest_2826.jpg,1
Residential/Residential_2916.jpg,7
PermanentCrop/PermanentCrop_723.jpg,6
HerbaceousVegetation/HerbaceousVegetation_2246.jpg,2
SeaLake/SeaLake_1414.jpg,9
Pasture/Pasture_39.jpg,5
Residential/Residential_1573.jpg,7
HerbaceousVegetation/HerbaceousVegetation_2840.jpg,2
SeaLake/SeaLake_295.jpg,9
AnnualCrop/AnnualCrop_254.jpg,0
Forest/Forest_2953.jpg,1
Forest/Forest_1638.jpg,1
SeaLake/SeaLake_1908.jpg,9
SeaLake/SeaLake_963.jpg,9
AnnualCrop/AnnualCrop_1099.jpg,0
HerbaceousVegetation/HerbaceousVegetation_134.jpg,2
HerbaceousVegetation/HerbaceousVegetation_1606.jpg,2
Forest/Forest_379.jpg,1
SeaLake/SeaLake_2741.jpg,9
River/River_769.jpg,8
Pasture/Pasture_1411.jpg,5
Forest/Forest_1440.jpg,1
Industrial/Industrial_933.jpg,4
HerbaceousVegetation/HerbaceousVegetation_57.jpg,2
Forest/Forest_2830.jpg,1
Pasture/Pasture_745.jpg,5
Residential/Residential_517.jpg,7
Pasture/Pasture_251.jpg,5
Forest/Forest_104.jpg,1
River/River_62.jpg,8
AnnualCrop/AnnualCrop_2199.jpg,0
Highway/Highway_644.jpg,3
Industrial/Industrial_747.jpg,4
HerbaceousVegetation/HerbaceousVegetation_1749.jpg,2
PermanentCrop/PermanentCrop_1335.jpg,6
Highway/Highway_905.jpg,3
Residential/Residential_798.jpg,7
River/River_2017.jpg,8
Highway/Highway_1587.jpg,3
PermanentCrop/PermanentCrop_1927.jpg,6
PermanentCrop/PermanentCrop_219.jpg,6
HerbaceousVegetation/HerbaceousVegetation_691.jpg,2
Residential/Residential_37.jpg,7
River/River_95.jpg,8
Highway/Highway_1833.jpg,3
Highway/Highway_1296.jpg,3
PermanentCrop/PermanentCrop_2414.jpg,6
Industrial/Industrial_1145.jpg,4
HerbaceousVegetation/HerbaceousVegetation_1485.jpg,2
SeaLake/SeaLake_2065.jpg,9
Pasture/Pasture_627.jpg,5
AnnualCrop/AnnualCrop_533.jpg,0
Highway/Highway_634.jpg,3
River/River_270.jpg,8
AnnualCrop/AnnualCrop_2405.jpg,0
River/River_463.jpg,8
River/River_416.jpg,8
HerbaceousVegetation/HerbaceousVegetation_2966.jpg,2
Industrial/Industrial_2097.jpg,4
PermanentCrop/PermanentCrop_165.jpg,6
Industrial/Industrial_550.jpg,4
Forest/Forest_1747.jpg,1
Forest/Forest_2115.jpg,1
Industrial/Industrial_2380.jpg,4
Industrial/Industrial_316.jpg,4
Industrial/Industrial_1070.jpg,4
Pasture/Pasture_380.jpg,5
River/River_1555.jpg,8
Residential/Residential_420.jpg,7
PermanentCrop/PermanentCrop_2395.jpg,6
HerbaceousVegetation/HerbaceousVegetation_1005.jpg,2
SeaLake/SeaLake_522.jpg,9
Pasture/Pasture_166.jpg,5
SeaLake/SeaLake_1776.jpg,9
PermanentCrop/PermanentCrop_238.jpg,6
HerbaceousVegetation/HerbaceousVegetation_287.jpg,2
Residential/Residential_2244.jpg,7
PermanentCrop/PermanentCrop_1233.jpg,6
HerbaceousVegetation/HerbaceousVegetation_1088.jpg,2
River/River_81.jpg,8
River/River_366.jpg,8
HerbaceousVegetation/HerbaceousVegetation_1945.jpg,2
Forest/Forest_2889.jpg,1
Highway/Highway_187.jpg,3
SeaLake/SeaLake_2252.jpg,9
SeaLake/SeaLake_594.jpg,9
PermanentCrop/PermanentCrop_220.jpg,6
Industrial/Industrial_1258.jpg,4
Highway/Highway_2016.jpg,3
SeaLake/SeaLake_36.jpg,9
AnnualCrop/AnnualCrop_1252.jpg,0
Residential/Residential_513.jpg,7
Highway/Highway_1236.jpg,3
PermanentCrop/PermanentCrop_2308.jpg,6
PermanentCrop/PermanentCrop_860.jpg,6
Pasture/Pasture_1064.jpg,5
AnnualCrop/AnnualCrop_2830.jpg,0
Industrial/Industrial_674.jpg,4
Forest/Forest_2952.jpg,1
AnnualCrop/AnnualCrop_2663.jpg,0
Forest/Forest_2723.jpg,1
Highway/Highway_1315.jpg,3
Forest/Forest_2866.jpg,1
SeaLake/SeaLake_270.jpg,9
Forest/Forest_1329.jpg,1
PermanentCrop/PermanentCrop_2050.jpg,6
Forest/Forest_2874.jpg,1
Pasture/Pasture_1374.jpg,5
SeaLake/SeaLake_2324.jpg,9
Industrial/Industrial_1911.jpg,4
Pasture/Pasture_1963.jpg,5
Forest/Forest_1581.jpg,1
Industrial/Industrial_2050.jpg,4
AnnualCrop/AnnualCrop_2883.jpg,0
SeaLake/SeaLake_86.jpg,9
AnnualCrop/AnnualCrop_699.jpg,0
HerbaceousVegetation/HerbaceousVegetation_1903.jpg,2
River/River_214.jpg,8
Residential/Residential_2627.jpg,7
River/River_2441.jpg,8
AnnualCrop/AnnualCrop_1558.jpg,0
AnnualCrop/AnnualCrop_50.jpg,0
Highway/Highway_1438.jpg,3
PermanentCrop/PermanentCrop_1849.jpg,6
Industrial/Industrial_386.jpg,4
HerbaceousVegetation/HerbaceousVegetation_603.jpg,2
SeaLake/SeaLake_1935.jpg,9
HerbaceousVegetation/HerbaceousVegetation_2066.jpg,2
River/River_1586.jpg,8
SeaLake/SeaLake_459.jpg,9
Highway/Highway_2164.jpg,3
River/River_890.jpg,8
SeaLake/SeaLake_1303.jpg,9
Pasture/Pasture_100.jpg,5
Industrial/Industrial_736.jpg,4
PermanentCrop/PermanentCrop_350.jpg,6
Industrial/Industrial_180.jpg,4
Forest/Forest_431.jpg,1
Highway/Highway_68.jpg,3
Forest/Forest_2402.jpg,1
Pasture/Pasture_795.jpg,5
Industrial/Industrial_988.jpg,4
Industrial/Industrial_713.jpg,4
PermanentCrop/PermanentCrop_2208.jpg,6
Forest/Forest_1501.jpg,1
Pasture/Pasture_1071.jpg,5
Residential/Residential_51.jpg,7
River/River_1386.jpg,8
SeaLake/SeaLake_2608.jpg,9
AnnualCrop/AnnualCrop_203.jpg,0
AnnualCrop/AnnualCrop_864.jpg,0
Residential/Residential_2400.jpg,7
SeaLake/SeaLake_2321.jpg,9
PermanentCrop/PermanentCrop_1846.jpg,6
Residential/Residential_2000.jpg,7
AnnualCrop/AnnualCrop_2942.jpg,0
PermanentCrop/PermanentCrop_652.jpg,6
Forest/Forest_648.jpg,1
Residential/Residential_2729.jpg,7
SeaLake/SeaLake_2461.jpg,9
SeaLake/SeaLake_172.jpg,9
PermanentCrop/PermanentCrop_2330.jpg,6
Industrial/Industrial_1614.jpg,4
Highway/Highway_8.jpg,3
SeaLake/SeaLake_614.jpg,9
PermanentCrop/PermanentCrop_1483.jpg,6
Highway/Highway_82.jpg,3
SeaLake/SeaLake_452.jpg,9
HerbaceousVegetation/HerbaceousVegetation_2323.jpg,2
SeaLake/SeaLake_104.jpg,9
SeaLake/SeaLake_1743.jpg,9
River/River_457.jpg,8
SeaLake/SeaLake_1403.jpg,9
PermanentCrop/PermanentCrop_660.jpg,6
HerbaceousVegetation/HerbaceousVegetation_1914.jpg,2
Forest/Forest_2985.jpg,1
Forest/Forest_141.jpg,1
Highway/Highway_1167.jpg,3
PermanentCrop/PermanentCrop_1632.jpg,6
HerbaceousVegetation/HerbaceousVegetation_611.jpg,2
Pasture/Pasture_1392.jpg,5
Highway/Highway_1614.jpg,3
SeaLake/SeaLake_2286.jpg,9
PermanentCrop/PermanentCrop_1588.jpg,6
Residential/Residential_687.jpg,7
PermanentCrop/PermanentCrop_2315.jpg,6
SeaLake/SeaLake_2660.jpg,9
Industrial/Industrial_705.jpg,4
AnnualCrop/AnnualCrop_1597.jpg,0
SeaLake/SeaLake_2025.jpg,9
HerbaceousVegetation/HerbaceousVegetation_368.jpg,2
Pasture/Pasture_1868.jpg,5
AnnualCrop/AnnualCrop_2872.jpg,0
Residential/Residential_2843.jpg,7
Industrial/Industrial_1292.jpg,4
River/River_28.jpg,8
Forest/Forest_2789.jpg,1
HerbaceousVegetation/HerbaceousVegetation_2273.jpg,2
Highway/Highway_259.jpg,3
PermanentCrop/PermanentCrop_746.jpg,6
Industrial/Industrial_1001.jpg,4
River/River_2199.jpg,8
River/River_664.jpg,8
Residential/Residential_2665.jpg,7
SeaLake/SeaLake_1585.jpg,9
HerbaceousVegetation/HerbaceousVegetation_580.jpg,2
PermanentCrop/PermanentCrop_839.jpg,6
HerbaceousVegetation/HerbaceousVegetation_1215.jpg,2
Residential/Residential_1975.jpg,7
SeaLake/SeaLake_1344.jpg,9
HerbaceousVegetation/HerbaceousVegetation_730.jpg,2
SeaLake/SeaLake_956.jpg,9
Residential/Residential_1019.jpg,7
Industrial/Industrial_1186.jpg,4
SeaLake/SeaLake_3000.jpg,9
River/River_2427.jpg,8
Pasture/Pasture_894.jpg,5
HerbaceousVegetation/HerbaceousVegetation_378.jpg,2
Pasture/Pasture_104.jpg,5
AnnualCrop/AnnualCrop_1390.jpg,0
River/River_2445.jpg,8
River/River_2460.jpg,8
River/River_464.jpg,8
SeaLake/SeaLake_1845.jpg,9
HerbaceousVegetation/HerbaceousVegetation_2775.jpg,2
Industrial/Industrial_1590.jpg,4
SeaLake/SeaLake_1277.jpg,9
River/River_2301.jpg,8
Highway/Highway_2325.jpg,3
PermanentCrop/PermanentCrop_1661.jpg,6
Highway/Highway_1320.jpg,3
PermanentCrop/PermanentCrop_1189.jpg,6
River/River_1854.jpg,8
SeaLake/SeaLake_1513.jpg,9
SeaLake/SeaLake_170.jpg,9
AnnualCrop/AnnualCrop_1280.jpg,0
Highway/Highway_2004.jpg,3
Highway/Highway_568.jpg,3
Pasture/Pasture_576.jpg,5
River/River_2383.jpg,8
SeaLake/SeaLake_1411.jpg,9
HerbaceousVegetation/HerbaceousVegetation_696.jpg,2
Residential/Residential_112.jpg,7
Pasture/Pasture_91.jpg,5
Highway/Highway_557.jpg,3
HerbaceousVegetation/HerbaceousVegetation_1212.jpg,2
PermanentCrop/PermanentCrop_1044.jpg,6
SeaLake/SeaLake_290.jpg,9
Forest/Forest_100.jpg,1
River/River_752.jpg,8
HerbaceousVegetation/HerbaceousVegetation_985.jpg,2
Forest/Forest_470.jpg,1
PermanentCrop/PermanentCrop_609.jpg,6
Forest/Forest_1542.jpg,1
Pasture/Pasture_149.jpg,5
Highway/Highway_1221.jpg,3
SeaLake/SeaLake_427.jpg,9
PermanentCrop/PermanentCrop_122.jpg,6
SeaLake/SeaLake_508.jpg,9
Pasture/Pasture_1422.jpg,5
Pasture/Pasture_1850.jpg,5
Residential/Residential_1885.jpg,7
Residential/Residential_1032.jpg,7
Forest/Forest_2918.jpg,1
Pasture/Pasture_186.jpg,5
Highway/Highway_757.jpg,3
Highway/Highway_2443.jpg,3
Pasture/Pasture_986.jpg,5
River/River_954.jpg,8
SeaLake/SeaLake_2046.jpg,9
Residential/Residential_595.jpg,7
SeaLake/SeaLake_126.jpg,9
HerbaceousVegetation/HerbaceousVegetation_1791.jpg,2
Forest/Forest_2075.jpg,1
SeaLake/SeaLake_2176.jpg,9
HerbaceousVegetation/HerbaceousVegetation_1700.jpg,2
HerbaceousVegetation/HerbaceousVegetation_650.jpg,2
HerbaceousVegetation/HerbaceousVegetation_1413.jpg,2
SeaLake/SeaLake_1312.jpg,9
Highway/Highway_1875.jpg,3
HerbaceousVegetation/HerbaceousVegetation_1253.jpg,2
AnnualCrop/AnnualCrop_1147.jpg,0
PermanentCrop/PermanentCrop_346.jpg,6
Industrial/Industrial_1831.jpg,4
Residential/Residential_1936.jpg,7
SeaLake/SeaLake_832.jpg,9
Highway/Highway_922.jpg,3
Forest/Forest_824.jpg,1
Pasture/Pasture_1220.jpg,5
Residential/Residential_1388.jpg,7
HerbaceousVegetation/HerbaceousVegetation_776.jpg,2
River/River_229.jpg,8
SeaLake/SeaLake_397.jpg,9
River/River_849.jpg,8
River/River_1392.jpg,8
SeaLake/SeaLake_1836.jpg,9
HerbaceousVegetation/HerbaceousVegetation_918.jpg,2
SeaLake/SeaLake_1527.jpg,9
Pasture/Pasture_330.jpg,5
Highway/Highway_940.jpg,3
AnnualCrop/AnnualCrop_1249.jpg,0
Industrial/Industrial_774.jpg,4
River/River_1052.jpg,8
Residential/Residential_1986.jpg,7
HerbaceousVegetation/HerbaceousVegetation_843.jpg,2
Residential/Residential_2839.jpg,7
Industrial/Industrial_1023.jpg,4
River/River_96.jpg,8
SeaLake/SeaLake_1481.jpg,9
Forest/Forest_1869.jpg,1
HerbaceousVegetation/HerbaceousVegetation_2383.jpg,2
AnnualCrop/AnnualCrop_1062.jpg,0
Pasture/Pasture_1672.jpg,5
HerbaceousVegetation/HerbaceousVegetation_178.jpg,2
Highway/Highway_1933.jpg,3
Highway/Highway_1662.jpg,3
Industrial/Industrial_2224.jpg,4
Forest/Forest_158.jpg,1
Forest/Forest_2775.jpg,1
Pasture/Pasture_1230.jpg,5
Highway/Highway_12.jpg,3
AnnualCrop/AnnualCrop_1777.jpg,0
River/River_2215.jpg,8
River/River_1549.jpg,8
Forest/Forest_1141.jpg,1
SeaLake/SeaLake_782.jpg,9
Forest/Forest_414.jpg,1
River/River_94.jpg,8
SeaLake/SeaLake_2589.jpg,9
Pasture/Pasture_32.jpg,5
Residential/Residential_1080.jpg,7
SeaLake/SeaLake_323.jpg,9
Pasture/Pasture_898.jpg,5
Pasture/Pasture_1633.jpg,5
PermanentCrop/PermanentCrop_1624.jpg,6
HerbaceousVegetation/HerbaceousVegetation_491.jpg,2
SeaLake/SeaLake_346.jpg,9
Residential/Residential_871.jpg,7
Industrial/Industrial_2328.jpg,4
Residential/Residential_817.jpg,7
AnnualCrop/AnnualCrop_2716.jpg,0
HerbaceousVegetation/HerbaceousVegetation_2063.jpg,2
HerbaceousVegetation/HerbaceousVegetation_685.jpg,2
Forest/Forest_782.jpg,1
Highway/Highway_237.jpg,3
Forest/Forest_366.jpg,1
Highway/Highway_94.jpg,3
Residential/Residential_145.jpg,7
HerbaceousVegetation/HerbaceousVegetation_732.jpg,2
HerbaceousVegetation/HerbaceousVegetation_1663.jpg,2
AnnualCrop/AnnualCrop_2094.jpg,0
PermanentCrop/PermanentCrop_653.jpg,6
River/River_182.jpg,8
Industrial/Industrial_202.jpg,4
Forest/Forest_1833.jpg,1
Residential/Residential_1926.jpg,7
Pasture/Pasture_1781.jpg,5
SeaLake/SeaLake_1954.jpg,9
River/River_1667.jpg,8
AnnualCrop/AnnualCrop_2907.jpg,0
HerbaceousVegetation/HerbaceousVegetation_517.jpg,2
HerbaceousVegetation/HerbaceousVegetation_277.jpg,2
Residential/Residential_2063.jpg,7
Forest/Forest_1400.jpg,1
Industrial/Industrial_409.jpg,4
AnnualCrop/AnnualCrop_1682.jpg,0
Industrial/Industrial_1384.jpg,4
HerbaceousVegetation/HerbaceousVegetation_2330.jpg,2
Pasture/Pasture_564.jpg,5
Residential/Residential_217.jpg,7
River/River_1197.jpg,8
HerbaceousVegetation/HerbaceousVegetation_1457.jpg,2
AnnualCrop/AnnualCrop_2453.jpg,0
River/River_597.jpg,8
PermanentCrop/PermanentCrop_2345.jpg,6
Highway/Highway_59.jpg,3
SeaLake/SeaLake_1003.jpg,9
Forest/Forest_1455.jpg,1
Pasture/Pasture_68.jpg,5
AnnualCrop/AnnualCrop_2123.jpg,0
Pasture/Pasture_179.jpg,5
Forest/Forest_2263.jpg,1
Highway/Highway_273.jpg,3
Pasture/Pasture_1646.jpg,5
Pasture/Pasture_232.jpg,5
HerbaceousVegetation/HerbaceousVegetation_2777.jpg,2
River/River_2399.jpg,8
Highway/Highway_1398.jpg,3
River/River_596.jpg,8
River/River_2081.jpg,8
SeaLake/SeaLake_220.jpg,9
Industrial/Industrial_2455.jpg,4
Forest/Forest_1207.jpg,1
Industrial/Industrial_2250.jpg,4
Forest/Forest_1642.jpg,1
Residential/Residential_429.jpg,7
Highway/Highway_2204.jpg,3
River/River_23.jpg,8
Highway/Highway_546.jpg,3
Pasture/Pasture_96.jpg,5
Industrial/Industrial_243.jpg,4
River/River_1577.jpg,8
River/River_328.jpg,8
AnnualCrop/AnnualCrop_685.jpg,0
PermanentCrop/PermanentCrop_526.jpg,6
Highway/Highway_786.jpg,3
Industrial/Industrial_851.jpg,4
AnnualCrop/AnnualCrop_1816.jpg,0
Industrial/Industrial_261.jpg,4
Forest/Forest_334.jpg,1
HerbaceousVegetation/HerbaceousVegetation_2459.jpg,2
SeaLake/SeaLake_534.jpg,9
Pasture/Pasture_659.jpg,5
Industrial/Industrial_1453.jpg,4
Pasture/Pasture_1613.jpg,5
Forest/Forest_2227.jpg,1
Forest/Forest_1074.jpg,1
River/River_2169.jpg,8
Industrial/Industrial_374.jpg,4
PermanentCrop/PermanentCrop_1507.jpg,6
River/River_1728.jpg,8
AnnualCrop/AnnualCrop_2053.jpg,0
HerbaceousVegetation/HerbaceousVegetation_2027.jpg,2
River/River_511.jpg,8
Pasture/Pasture_365.jpg,5
PermanentCrop/PermanentCrop_2456.jpg,6
HerbaceousVegetation/HerbaceousVegetation_661.jpg,2
AnnualCrop/AnnualCrop_504.jpg,0
AnnualCrop/AnnualCrop_668.jpg,0
PermanentCrop/PermanentCrop_1267.jpg,6
River/River_1614.jpg,8
Industrial/Industrial_155.jpg,4
River/River_2114.jpg,8
SeaLake/SeaLake_637.jpg,9
Highway/Highway_137.jpg,3
HerbaceousVegetation/HerbaceousVegetation_2038.jpg,2
HerbaceousVegetation/HerbaceousVegetation_609.jpg,2
Pasture/Pasture_328.jpg,5
Residential/Residential_1781.jpg,7
Pasture/Pasture_1435.jpg,5
Pasture/Pasture_1067.jpg,5
Pasture/Pasture_164.jpg,5
SeaLake/SeaLake_751.jpg,9
Pasture/Pasture_704.jpg,5
Residential/Residential_423.jpg,7
PermanentCrop/PermanentCrop_403.jpg,6
Pasture/Pasture_433.jpg,5
River/River_1804.jpg,8
PermanentCrop/PermanentCrop_2317.jpg,6
Highway/Highway_194.jpg,3
PermanentCrop/PermanentCrop_1066.jpg,6
Industrial/Industrial_1912.jpg,4
HerbaceousVegetation/HerbaceousVegetation_2679.jpg,2
HerbaceousVegetation/HerbaceousVegetation_1379.jpg,2
River/River_1931.jpg,8
AnnualCrop/AnnualCrop_1089.jpg,0
AnnualCrop/AnnualCrop_1842.jpg,0
HerbaceousVegetation/HerbaceousVegetation_162.jpg,2
Industrial/Industrial_2459.jpg,4
Industrial/Industrial_2181.jpg,4
Pasture/Pasture_1834.jpg,5
PermanentCrop/PermanentCrop_1609.jpg,6
Highway/Highway_1072.jpg,3
SeaLake/SeaLake_1182.jpg,9
HerbaceousVegetation/HerbaceousVegetation_2445.jpg,2
Pasture/Pasture_247.jpg,5
Forest/Forest_2280.jpg,1
AnnualCrop/AnnualCrop_2287.jpg,0
HerbaceousVegetation/HerbaceousVegetation_1187.jpg,2
Highway/Highway_2352.jpg,3
AnnualCrop/AnnualCrop_1595.jpg,0
HerbaceousVegetation/HerbaceousVegetation_2075.jpg,2
HerbaceousVegetation/HerbaceousVegetation_1677.jpg,2
Residential/Residential_289.jpg,7
Residential/Residential_2580.jpg,7
Forest/Forest_9.jpg,1
SeaLake/SeaLake_404.jpg,9
AnnualCrop/AnnualCrop_340.jpg,0
Highway/Highway_1946.jpg,3
Residential/Residential_904.jpg,7
Highway/Highway_1487.jpg,3
HerbaceousVegetation/HerbaceousVegetation_478.jpg,2
Residential/Residential_697.jpg,7
HerbaceousVegetation/HerbaceousVegetation_1950.jpg,2
PermanentCrop/PermanentCrop_302.jpg,6
Highway/Highway_802.jpg,3
AnnualCrop/AnnualCrop_2270.jpg,0
River/River_309.jpg,8
Residential/Residential_673.jpg,7
Residential/Residential_186.jpg,7
HerbaceousVegetation/HerbaceousVegetation_2610.jpg,2
AnnualCrop/AnnualCrop_420.jpg,0
AnnualCrop/AnnualCrop_98.jpg,0
Industrial/Industrial_893.jpg,4
River/River_121.jpg,8
HerbaceousVegetation/HerbaceousVegetation_665.jpg,2
Residential/Residential_1206.jpg,7
SeaLake/SeaLake_350.jpg,9
Industrial/Industrial_1192.jpg,4
AnnualCrop/AnnualCrop_800.jpg,0
HerbaceousVegetation/HerbaceousVegetation_286.jpg,2
AnnualCrop/AnnualCrop_1583.jpg,0
Pasture/Pasture_1216.jpg,5
Forest/Forest_2782.jpg,1
PermanentCrop/PermanentCrop_1248.jpg,6
Highway/Highway_1479.jpg,3
Highway/Highway_1929.jpg,3
SeaLake/SeaLake_1226.jpg,9
Highway/Highway_923.jpg,3
AnnualCrop/AnnualCrop_1134.jpg,0
Pasture/Pasture_790.jpg,5
HerbaceousVegetation/HerbaceousVegetation_449.jpg,2
Forest/Forest_2680.jpg,1
SeaLake/SeaLake_2364.jpg,9
Forest/Forest_229.jpg,1
AnnualCrop/AnnualCrop_2988.jpg,0
SeaLake/SeaLake_907.jpg,9
Forest/Forest_190.jpg,1
River/River_1862.jpg,8
HerbaceousVegetation/HerbaceousVegetation_824.jpg,2
Highway/Highway_623.jpg,3
River/River_857.jpg,8
Highway/Highway_1130.jpg,3
River/River_233.jpg,8
AnnualCrop/AnnualCrop_305.jpg,0
Residential/Residential_1193.jpg,7
SeaLake/SeaLake_1955.jpg,9
PermanentCrop/PermanentCrop_1081.jpg,6
Highway/Highway_664.jpg,3
PermanentCrop/PermanentCrop_60.jpg,6
Residential/Residential_2528.jpg,7
Pasture/Pasture_1659.jpg,5
Residential/Residential_1126.jpg,7
Residential/Residential_2452.jpg,7
HerbaceousVegetation/HerbaceousVegetation_921.jpg,2
Highway/Highway_2464.jpg,3
Forest/Forest_1137.jpg,1
AnnualCrop/AnnualCrop_1648.jpg,0
PermanentCrop/PermanentCrop_2062.jpg,6
HerbaceousVegetation/HerbaceousVegetation_507.jpg,2
AnnualCrop/AnnualCrop_2678.jpg,0
AnnualCrop/AnnualCrop_553.jpg,0
Industrial/Industrial_2103.jpg,4
Industrial/Industrial_1660.jpg,4
Residential/Residential_2440.jpg,7
Highway/Highway_1715.jpg,3
PermanentCrop/PermanentCrop_1796.jpg,6
Industrial/Industrial_1763.jpg,4
Residential/Residential_304.jpg,7
Highway/Highway_1800.jpg,3
AnnualCrop/AnnualCrop_1317.jpg,0
Residential/Residential_1607.jpg,7
HerbaceousVegetation/HerbaceousVegetation_1180.jpg,2
AnnualCrop/AnnualCrop_110.jpg,0
Industrial/Industrial_1422.jpg,4
SeaLake/SeaLake_1188.jpg,9
Forest/Forest_2566.jpg,1
River/River_1334.jpg,8
Pasture/Pasture_958.jpg,5
AnnualCrop/AnnualCrop_2119.jpg,0
River/River_38.jpg,8
Residential/Residential_1649.jpg,7
Residential/Residential_1673.jpg,7
Industrial/Industrial_800.jpg,4
Pasture/Pasture_1673.jpg,5
River/River_1398.jpg,8
River/River_12.jpg,8
SeaLake/SeaLake_1968.jpg,9
AnnualCrop/AnnualCrop_1261.jpg,0
SeaLake/SeaLake_1176.jpg,9
AnnualCrop/AnnualCrop_243.jpg,0
Residential/Residential_1525.jpg,7
Residential/Residential_1942.jpg,7
Residential/Residential_1877.jpg,7
Residential/Residential_994.jpg,7
Industrial/Industrial_1483.jpg,4
HerbaceousVegetation/HerbaceousVegetation_945.jpg,2
AnnualCrop/AnnualCrop_2986.jpg,0
Residential/Residential_1515.jpg,7
Forest/Forest_2528.jpg,1
SeaLake/SeaLake_2282.jpg,9
River/River_2027.jpg,8
Industrial/Industrial_1873.jpg,4
HerbaceousVegetation/HerbaceousVegetation_2598.jpg,2
SeaLake/SeaLake_1241.jpg,9
AnnualCrop/AnnualCrop_94.jpg,0
Forest/Forest_2160.jpg,1
Highway/Highway_2093.jpg,3
Pasture/Pasture_1915.jpg,5
AnnualCrop/AnnualCrop_2827.jpg,0
Highway/Highway_817.jpg,3
SeaLake/SeaLake_2945.jpg,9
HerbaceousVegetation/HerbaceousVegetation_1597.jpg,2
Residential/Residential_1400.jpg,7
AnnualCrop/AnnualCrop_14.jpg,0
Industrial/Industrial_695.jpg,4
Industrial/Industrial_595.jpg,4
AnnualCrop/AnnualCrop_1835.jpg,0
SeaLake/SeaLake_342.jpg,9
Residential/Residential_2194.jpg,7
Industrial/Industrial_2482.jpg,4
River/River_558.jpg,8
Forest/Forest_2179.jpg,1
River/River_778.jpg,8
River/River_2000.jpg,8
Residential/Residential_837.jpg,7
Industrial/Industrial_1262.jpg,4
SeaLake/SeaLake_2019.jpg,9
River/River_788.jpg,8
SeaLake/SeaLake_1212.jpg,9
Pasture/Pasture_1957.jpg,5
Industrial/Industrial_447.jpg,4
Highway/Highway_1590.jpg,3
Industrial/Industrial_627.jpg,4
Industrial/Industrial_2085.jpg,4
Residential/Residential_190.jpg,7
Highway/Highway_495.jpg,3
SeaLake/SeaLake_587.jpg,9
Forest/Forest_2484.jpg,1
Forest/Forest_1819.jpg,1
HerbaceousVegetation/HerbaceousVegetation_2609.jpg,2
SeaLake/SeaLake_1920.jpg,9
SeaLake/SeaLake_1266.jpg,9
SeaLake/SeaLake_2674.jpg,9
Highway/Highway_597.jpg,3
Highway/Highway_559.jpg,3
HerbaceousVegetation/HerbaceousVegetation_2830.jpg,2
AnnualCrop/AnnualCrop_2133.jpg,0
AnnualCrop/AnnualCrop_2693.jpg,0
HerbaceousVegetation/HerbaceousVegetation_583.jpg,2
Forest/Forest_194.jpg,1
Residential/Residential_2107.jpg,7
Highway/Highway_1772.jpg,3
Residential/Residential_1015.jpg,7
SeaLake/SeaLake_2428.jpg,9
AnnualCrop/AnnualCrop_1678.jpg,0
River/River_2129.jpg,8
River/River_1544.jpg,8
Industrial/Industrial_259.jpg,4
Forest/Forest_970.jpg,1
PermanentCrop/PermanentCrop_2343.jpg,6
Industrial/Industrial_2117.jpg,4
SeaLake/SeaLake_2455.jpg,9
HerbaceousVegetation/HerbaceousVegetation_2431.jpg,2
Highway/Highway_1601.jpg,3
Industrial/Industrial_274.jpg,4
Pasture/Pasture_1682.jpg,5
Highway/Highway_884.jpg,3
SeaLake/SeaLake_2197.jpg,9
SeaLake/SeaLake_249.jpg,9
Highway/Highway_2278.jpg,3
AnnualCrop/AnnualCrop_1908.jpg,0
Pasture/Pasture_1253.jpg,5
Residential/Residential_2281.jpg,7
Residential/Residential_2928.jpg,7
HerbaceousVegetation/HerbaceousVegetation_216.jpg,2
Forest/Forest_64.jpg,1
River/River_379.jpg,8
AnnualCrop/AnnualCrop_970.jpg,0
PermanentCrop/PermanentCrop_430.jpg,6
Highway/Highway_400.jpg,3
HerbaceousVegetation/HerbaceousVegetation_2603.jpg,2
Industrial/Industrial_2188.jpg,4
HerbaceousVegetation/HerbaceousVegetation_2622.jpg,2
AnnualCrop/AnnualCrop_736.jpg,0
Forest/Forest_7.jpg,1
HerbaceousVegetation/HerbaceousVegetation_850.jpg,2
PermanentCrop/PermanentCrop_1436.jpg,6
HerbaceousVegetation/HerbaceousVegetation_2812.jpg,2
Highway/Highway_881.jpg,3
Industrial/Industrial_1245.jpg,4
AnnualCrop/AnnualCrop_1901.jpg,0
SeaLake/SeaLake_598.jpg,9
PermanentCrop/PermanentCrop_1389.jpg,6
HerbaceousVegetation/HerbaceousVegetation_2035.jpg,2
PermanentCrop/PermanentCrop_441.jpg,6
HerbaceousVegetation/HerbaceousVegetation_98.jpg,2
Highway/Highway_1069.jpg,3
AnnualCrop/AnnualCrop_2412.jpg,0
Residential/Residential_2471.jpg,7
Forest/Forest_1317.jpg,1
Pasture/Pasture_565.jpg,5
Forest/Forest_1603.jpg,1
Pasture/Pasture_1848.jpg,5
Residential/Residential_195.jpg,7
River/River_1522.jpg,8
SeaLake/SeaLake_2680.jpg,9
Industrial/Industrial_225.jpg,4
Industrial/Industrial_623.jpg,4
Residential/Residential_2969.jpg,7
SeaLake/SeaLake_2008.jpg,9
AnnualCrop/AnnualCrop_2178.jpg,0
HerbaceousVegetation/HerbaceousVegetation_2000.jpg,2
AnnualCrop/AnnualCrop_1819.jpg,0
HerbaceousVegetation/HerbaceousVegetation_2045.jpg,2
AnnualCrop/AnnualCrop_1192.jpg,0
SeaLake/SeaLake_1897.jpg,9
HerbaceousVegetation/HerbaceousVegetation_1143.jpg,2
AnnualCrop/AnnualCrop_1507.jpg,0
Residential/Residential_1848.jpg,7
PermanentCrop/PermanentCrop_2482.jpg,6
Pasture/Pasture_1341.jpg,5
Industrial/Industrial_1370.jpg,4
Highway/Highway_146.jpg,3
Industrial/Industrial_953.jpg,4
Highway/Highway_748.jpg,3
Forest/Forest_137.jpg,1
Pasture/Pasture_361.jpg,5
Forest/Forest_2031.jpg,1
Highway/Highway_2202.jpg,3
PermanentCrop/PermanentCrop_500.jpg,6
Residential/Residential_2668.jpg,7
Industrial/Industrial_930.jpg,4
PermanentCrop/PermanentCrop_370.jpg,6
Highway/Highway_1507.jpg,3
HerbaceousVegetation/HerbaceousVegetation_2934.jpg,2
Industrial/Industrial_1641.jpg,4
Residential/Residential_2967.jpg,7
Industrial/Industrial_1778.jpg,4
River/River_1299.jpg,8
Industrial/Industrial_1360.jpg,4
Forest/Forest_870.jpg,1
Forest/Forest_2773.jpg,1
HerbaceousVegetation/HerbaceousVegetation_202.jpg,2
Highway/Highway_1546.jpg,3
SeaLake/SeaLake_2801.jpg,9
SeaLake/SeaLake_1050.jpg,9
AnnualCrop/AnnualCrop_2200.jpg,0
PermanentCrop/PermanentCrop_1501.jpg,6
Industrial/Industrial_82.jpg,4
SeaLake/SeaLake_2633.jpg,9
Residential/Residential_2325.jpg,7
AnnualCrop/AnnualCrop_1667.jpg,0
PermanentCrop/PermanentCrop_2282.jpg,6
Residential/Residential_1484.jpg,7
AnnualCrop/AnnualCrop_2443.jpg,0
AnnualCrop/AnnualCrop_2115.jpg,0
SeaLake/SeaLake_493.jpg,9
River/River_974.jpg,8
SeaLake/SeaLake_681.jpg,9
HerbaceousVegetation/HerbaceousVegetation_2828.jpg,2
Residential/Residential_2640.jpg,7
Pasture/Pasture_545.jpg,5
AnnualCrop/AnnualCrop_1007.jpg,0
AnnualCrop/AnnualCrop_2592.jpg,0
HerbaceousVegetation/HerbaceousVegetation_2296.jpg,2
SeaLake/SeaLake_2284.jpg,9
PermanentCrop/PermanentCrop_1541.jpg,6
Forest/Forest_666.jpg,1
Residential/Residential_741.jpg,7
Forest/Forest_2620.jpg,1
Forest/Forest_211.jpg,1
River/River_1053.jpg,8
PermanentCrop/PermanentCrop_494.jpg,6
Residential/Residential_770.jpg,7
HerbaceousVegetation/HerbaceousVegetation_2412.jpg,2
Residential/Residential_2972.jpg,7
Residential/Residential_1330.jpg,7
River/River_1356.jpg,8
River/River_853.jpg,8
SeaLake/SeaLake_2968.jpg,9
SeaLake/SeaLake_2290.jpg,9
SeaLake/SeaLake_1450.jpg,9
SeaLake/SeaLake_2959.jpg,9
Highway/Highway_2063.jpg,3
SeaLake/SeaLake_1124.jpg,9
HerbaceousVegetation/HerbaceousVegetation_1577.jpg,2
Forest/Forest_877.jpg,1
Forest/Forest_1746.jpg,1
Highway/Highway_1249.jpg,3
AnnualCrop/AnnualCrop_725.jpg,0
AnnualCrop/AnnualCrop_1020.jpg,0
PermanentCrop/PermanentCrop_583.jpg,6
HerbaceousVegetation/HerbaceousVegetation_2675.jpg,2
Highway/Highway_1799.jpg,3
Pasture/Pasture_723.jpg,5
Forest/Forest_1089.jpg,1
Pasture/Pasture_423.jpg,5
HerbaceousVegetation/HerbaceousVegetation_2926.jpg,2
Highway/Highway_2392.jpg,3
Industrial/Industrial_2461.jpg,4
PermanentCrop/PermanentCrop_1978.jpg,6
HerbaceousVegetation/HerbaceousVegetation_1.jpg,2
PermanentCrop/PermanentCrop_1824.jpg,6
HerbaceousVegetation/HerbaceousVegetation_2342.jpg,2
Residential/Residential_909.jpg,7
Residential/Residential_1214.jpg,7
Residential/Residential_2736.jpg,7
Residential/Residential_876.jpg,7
Pasture/Pasture_1661.jpg,5
Forest/Forest_426.jpg,1
Highway/Highway_178.jpg,3
Highway/Highway_1512.jpg,3
HerbaceousVegetation/HerbaceousVegetation_111.jpg,2
PermanentCrop/PermanentCrop_2167.jpg,6
Forest/Forest_980.jpg,1
Forest/Forest_2247.jpg,1
Industrial/Industrial_2294.jpg,4
Residential/Residential_2995.jpg,7
AnnualCrop/AnnualCrop_2583.jpg,0
PermanentCrop/PermanentCrop_1845.jpg,6
Forest/Forest_1138.jpg,1
River/River_1450.jpg,8
Industrial/Industrial_647.jpg,4
SeaLake/SeaLake_609.jpg,9
Pasture/Pasture_1518.jpg,5
Residential/Residential_294.jpg,7
Residential/Residential_645.jpg,7
HerbaceousVegetation/HerbaceousVegetation_2414.jpg,2
Industrial/Industrial_2099.jpg,4
SeaLake/SeaLake_1727.jpg,9
Industrial/Industrial_1527.jpg,4
Industrial/Industrial_2028.jpg,4
AnnualCrop/AnnualCrop_405.jpg,0
Forest/Forest_1796.jpg,1
Highway/Highway_1599.jpg,3
PermanentCrop/PermanentCrop_1405.jpg,6
Residential/Residential_364.jpg,7
River/River_1485.jpg,8
Residential/Residential_890.jpg,7
HerbaceousVegetation/HerbaceousVegetation_815.jpg,2
Residential/Residential_1695.jpg,7
AnnualCrop/AnnualCrop_1479.jpg,0
Pasture/Pasture_203.jpg,5
PermanentCrop/PermanentCrop_1278.jpg,6
Residential/Residential_2342.jpg,7
SeaLake/SeaLake_1150.jpg,9
Pasture/Pasture_1814.jpg,5
PermanentCrop/PermanentCrop_545.jpg,6
AnnualCrop/AnnualCrop_2541.jpg,0
Pasture/Pasture_837.jpg,5
Industrial/Industrial_840.jpg,4
AnnualCrop/AnnualCrop_640.jpg,0
AnnualCrop/AnnualCrop_1281.jpg,0
River/River_1853.jpg,8
River/River_1574.jpg,8
AnnualCrop/AnnualCrop_878.jpg,0
Highway/Highway_65.jpg,3
AnnualCrop/AnnualCrop_910.jpg,0
River/River_2037.jpg,8
SeaLake/SeaLake_2121.jpg,9
Highway/Highway_978.jpg,3
PermanentCrop/PermanentCrop_675.jpg,6
AnnualCrop/AnnualCrop_1730.jpg,0
Residential/Residential_934.jpg,7
Pasture/Pasture_643.jpg,5
Industrial/Industrial_164.jpg,4
HerbaceousVegetation/HerbaceousVegetation_263.jpg,2
Forest/Forest_2822.jpg,1
AnnualCrop/AnnualCrop_1083.jpg,0
Residential/Residential_2295.jpg,7
SeaLake/SeaLake_785.jpg,9
Highway/Highway_1409.jpg,3
Industrial/Industrial_34.jpg,4
SeaLake/SeaLake_1326.jpg,9
River/River_1465.jpg,8
Residential/Residential_2699.jpg,7
Highway/Highway_407.jpg,3
Industrial/Industrial_1128.jpg,4
Residential/Residential_458.jpg,7
River/River_1621.jpg,8
Highway/Highway_2092.jpg,3
Forest/Forest_2806.jpg,1
Industrial/Industrial_2485.jpg,4
AnnualCrop/AnnualCrop_1227.jpg,0
SeaLake/SeaLake_1551.jpg,9
PermanentCrop/PermanentCrop_2255.jpg,6
Industrial/Industrial_1385.jpg,4
Highway/Highway_987.jpg,3
AnnualCrop/AnnualCrop_1743.jpg,0
Highway/Highway_1008.jpg,3
Highway/Highway_1297.jpg,3
AnnualCrop/AnnualCrop_1508.jpg,0
Forest/Forest_2932.jpg,1
Residential/Residential_377.jpg,7
River/River_2180.jpg,8
Residential/Residential_1120.jpg,7
Pasture/Pasture_1953.jpg,5
SeaLake/SeaLake_71.jpg,9
Highway/Highway_1856.jpg,3
SeaLake/SeaLake_1606.jpg,9
Pasture/Pasture_233.jpg,5
Residential/Residential_2105.jpg,7
AnnualCrop/AnnualCrop_623.jpg,0
Pasture/Pasture_1227.jpg,5
Industrial/Industrial_905.jpg,4
Industrial/Industrial_9.jpg,4
HerbaceousVegetation/HerbaceousVegetation_2654.jpg,2
PermanentCrop/PermanentCrop_2365.jpg,6
HerbaceousVegetation/HerbaceousVegetation_424.jpg,2
HerbaceousVegetation/HerbaceousVegetation_2432.jpg,2
Forest/Forest_2587.jpg,1
Forest/Forest_750.jpg,1
River/River_1895.jpg,8
Highway/Highway_523.jpg,3
River/River_1133.jpg,8
Industrial/Industrial_1744.jpg,4
PermanentCrop/PermanentCrop_2462.jpg,6
HerbaceousVegetation/HerbaceousVegetation_2725.jpg,2
Highway/Highway_1393.jpg,3
Industrial/Industrial_475.jpg,4
Pasture/Pasture_388.jpg,5
Highway/Highway_1446.jpg,3
River/River_1071.jpg,8
Pasture/Pasture_1924.jpg,5
Residential/Residential_1924.jpg,7
SeaLake/SeaLake_2927.jpg,9
Industrial/Industrial_1278.jpg,4
PermanentCrop/PermanentCrop_627.jpg,6
Residential/Residential_1219.jpg,7
SeaLake/SeaLake_678.jpg,9
River/River_725.jpg,8
Highway/Highway_613.jpg,3
SeaLake/SeaLake_1504.jpg,9
HerbaceousVegetation/HerbaceousVegetation_1741.jpg,2
HerbaceousVegetation/HerbaceousVegetation_1189.jpg,2
AnnualCrop/AnnualCrop_2444.jpg,0
Residential/Residential_735.jpg,7
Residential/Residential_1291.jpg,7
AnnualCrop/AnnualCrop_1104.jpg,0
River/River_684.jpg,8
Highway/Highway_789.jpg,3
Forest/Forest_1427.jpg,1
HerbaceousVegetation/HerbaceousVegetation_82.jpg,2
AnnualCrop/AnnualCrop_1834.jpg,0
Highway/Highway_2353.jpg,3
Pasture/Pasture_1504.jpg,5
Industrial/Industrial_799.jpg,4
SeaLake/SeaLake_476.jpg,9
Pasture/Pasture_594.jpg,5
PermanentCrop/PermanentCrop_1173.jpg,6
Forest/Forest_2729.jpg,1
HerbaceousVegetation/HerbaceousVegetation_812.jpg,2
AnnualCrop/AnnualCrop_2980.jpg,0
River/River_2243.jpg,8
HerbaceousVegetation/HerbaceousVegetation_501.jpg,2
AnnualCrop/AnnualCrop_1735.jpg,0
Pasture/Pasture_1091.jpg,5
SeaLake/SeaLake_2047.jpg,9
Residential/Residential_523.jpg,7
Industrial/Industrial_2277.jpg,4
HerbaceousVegetation/HerbaceousVegetation_8.jpg,2
HerbaceousVegetation/HerbaceousVegetation_2115.jpg,2
Forest/Forest_1253.jpg,1
AnnualCrop/AnnualCrop_1195.jpg,0
PermanentCrop/PermanentCrop_616.jpg,6
Forest/Forest_438.jpg,1
Residential/Residential_1278.jpg,7
HerbaceousVegetation/HerbaceousVegetation_984.jpg,2
Forest/Forest_2837.jpg,1
River/River_1426.jpg,8
SeaLake/SeaLake_683.jpg,9
Residential/Residential_81.jpg,7
SeaLake/SeaLake_2762.jpg,9
HerbaceousVegetation/HerbaceousVegetation_717.jpg,2
Forest/Forest_1696.jpg,1
Pasture/Pasture_1605.jpg,5
Pasture/Pasture_354.jpg,5
SeaLake/SeaLake_2051.jpg,9
Residential/Residential_639.jpg,7
River/River_1458.jpg,8
River/River_658.jpg,8
SeaLake/SeaLake_2092.jpg,9
Forest/Forest_996.jpg,1
Residential/Residential_35.jpg,7
Highway/Highway_1473.jpg,3
HerbaceousVegetation/HerbaceousVegetation_2440.jpg,2
AnnualCrop/AnnualCrop_2128.jpg,0
AnnualCrop/AnnualCrop_1055.jpg,0
River/River_903.jpg,8
Industrial/Industrial_2289.jpg,4
HerbaceousVegetation/HerbaceousVegetation_949.jpg,2
Industrial/Industrial_1421.jpg,4
SeaLake/SeaLake_669.jpg,9
River/River_90.jpg,8
HerbaceousVegetation/HerbaceousVegetation_2651.jpg,2
Pasture/Pasture_1579.jpg,5
Industrial/Industrial_1428.jpg,4
Industrial/Industrial_272.jpg,4
Forest/Forest_2856.jpg,1
SeaLake/SeaLake_2200.jpg,9
SeaLake/SeaLake_27.jpg,9
SeaLake/SeaLake_1233.jpg,9
SeaLake/SeaLake_2184.jpg,9
Forest/Forest_1502.jpg,1
Residential/Residential_152.jpg,7
PermanentCrop/PermanentCrop_586.jpg,6
AnnualCrop/AnnualCrop_1111.jpg,0
AnnualCrop/AnnualCrop_2811.jpg,0
AnnualCrop/AnnualCrop_821.jpg,0
Residential/Residential_2321.jpg,7
SeaLake/SeaLake_192.jpg,9
PermanentCrop/PermanentCrop_208.jpg,6
Industrial/Industrial_667.jpg,4
Industrial/Industrial_4.jpg,4
Residential/Residential_299.jpg,7
AnnualCrop/AnnualCrop_2047.jpg,0
Forest/Forest_1093.jpg,1
Forest/Forest_1823.jpg,1
Residential/Residential_2306.jpg,7
PermanentCrop/PermanentCrop_1073.jpg,6
AnnualCrop/AnnualCrop_2941.jpg,0
PermanentCrop/PermanentCrop_983.jpg,6
Residential/Residential_2511.jpg,7
Residential/Residential_556.jpg,7
AnnualCrop/AnnualCrop_2141.jpg,0
Residential/Residential_2994.jpg,7
Industrial/Industrial_1854.jpg,4
Forest/Forest_1587.jpg,1
Forest/Forest_1865.jpg,1
HerbaceousVegetation/HerbaceousVegetation_1710.jpg,2
PermanentCrop/PermanentCrop_951.jpg,6
AnnualCrop/AnnualCrop_1175.jpg,0
AnnualCrop/AnnualCrop_609.jpg,0
River/River_414.jpg,8
Residential/Residential_923.jpg,7
HerbaceousVegetation/HerbaceousVegetation_1602.jpg,2
SeaLake/SeaLake_502.jpg,9
HerbaceousVegetation/HerbaceousVegetation_1718.jpg,2
SeaLake/SeaLake_399.jpg,9
AnnualCrop/AnnualCrop_753.jpg,0
Forest/Forest_302.jpg,1
Forest/Forest_684.jpg,1
Highway/Highway_1023.jpg,3
HerbaceousVegetation/HerbaceousVegetation_83.jpg,2
AnnualCrop/AnnualCrop_2271.jpg,0
Residential/Residential_2696.jpg,7
Industrial/Industrial_112.jpg,4
PermanentCrop/PermanentCrop_614.jpg,6
Residential/Residential_537.jpg,7
Highway/Highway_574.jpg,3
AnnualCrop/AnnualCrop_2474.jpg,0
HerbaceousVegetation/HerbaceousVegetation_95.jpg,2
Highway/Highway_1492.jpg,3
Forest/Forest_2391.jpg,1
Residential/Residential_394.jpg,7
Industrial/Industrial_766.jpg,4
PermanentCrop/PermanentCrop_65.jpg,6
SeaLake/SeaLake_81.jpg,9
Industrial/Industrial_2105.jpg,4
Residential/Residential_2554.jpg,7
River/River_672.jpg,8
Industrial/Industrial_2209.jpg,4
Pasture/Pasture_1387.jpg,5
River/River_1652.jpg,8
Industrial/Industrial_376.jpg,4
Residential/Residential_2726.jpg,7
SeaLake/SeaLake_1340.jpg,9
SeaLake/SeaLake_277.jpg,9
AnnualCrop/AnnualCrop_391.jpg,0
SeaLake/SeaLake_2570.jpg,9
HerbaceousVegetation/HerbaceousVegetation_1250.jpg,2
PermanentCrop/PermanentCrop_876.jpg,6
River/River_992.jpg,8
River/River_1595.jpg,8
PermanentCrop/PermanentCrop_1065.jpg,6
AnnualCrop/AnnualCrop_1810.jpg,0
HerbaceousVegetation/HerbaceousVegetation_458.jpg,2
Forest/Forest_1234.jpg,1
HerbaceousVegetation/HerbaceousVegetation_2621.jpg,2
SeaLake/SeaLake_171.jpg,9
Highway/Highway_1558.jpg,3
River/River_509.jpg,8
HerbaceousVegetation/HerbaceousVegetation_2600.jpg,2
AnnualCrop/AnnualCrop_1052.jpg,0
HerbaceousVegetation/HerbaceousVegetation_495.jpg,2
Residential/Residential_2117.jpg,7
AnnualCrop/AnnualCrop_2702.jpg,0
Forest/Forest_2003.jpg,1
HerbaceousVegetation/HerbaceousVegetation_73.jpg,2
Forest/Forest_1572.jpg,1
HerbaceousVegetation/HerbaceousVegetation_142.jpg,2
Forest/Forest_2977.jpg,1
AnnualCrop/AnnualCrop_2129.jpg,0
Residential/Residential_457.jpg,7
HerbaceousVegetation/HerbaceousVegetation_2010.jpg,2
SeaLake/SeaLake_275.jpg,9
Residential/Residential_1969.jpg,7
HerbaceousVegetation/HerbaceousVegetation_1828.jpg,2
SeaLake/SeaLake_373.jpg,9
Forest/Forest_1160.jpg,1
Residential/Residential_247.jpg,7
SeaLake/SeaLake_819.jpg,9
Industrial/Industrial_995.jpg,4
Forest/Forest_2096.jpg,1
HerbaceousVegetation/HerbaceousVegetation_1729.jpg,2
River/River_446.jpg,8
PermanentCrop/PermanentCrop_971.jpg,6
Highway/Highway_379.jpg,3
River/River_360.jpg,8
SeaLake/SeaLake_2451.jpg,9
Pasture/Pasture_1911.jpg,5
Pasture/Pasture_53.jpg,5
Residential/Residential_1629.jpg,7
Industrial/Industrial_866.jpg,4
Industrial/Industrial_1997.jpg,4
Forest/Forest_1337.jpg,1
PermanentCrop/PermanentCrop_1891.jpg,6
AnnualCrop/AnnualCrop_1167.jpg,0
Pasture/Pasture_1566.jpg,5
SeaLake/SeaLake_389.jpg,9
AnnualCrop/AnnualCrop_1774.jpg,0
Industrial/Industrial_2377.jpg,4
PermanentCrop/PermanentCrop_2182.jpg,6
AnnualCrop/AnnualCrop_2649.jpg,0
AnnualCrop/AnnualCrop_1680.jpg,0
Pasture/Pasture_1078.jpg,5
Residential/Residential_1189.jpg,7
River/River_346.jpg,8
HerbaceousVegetation/HerbaceousVegetation_1516.jpg,2
SeaLake/SeaLake_2829.jpg,9
SeaLake/SeaLake_1560.jpg,9
Industrial/Industrial_2409.jpg,4
Forest/Forest_2049.jpg,1
Industrial/Industrial_1255.jpg,4
Highway/Highway_67.jpg,3
SeaLake/SeaLake_1984.jpg,9
River/River_896.jpg,8
SeaLake/SeaLake_2795.jpg,9
Pasture/Pasture_976.jpg,5
River/River_1778.jpg,8
Highway/Highway_577.jpg,3
SeaLake/SeaLake_2348.jpg,9
AnnualCrop/AnnualCrop_2543.jpg,0
PermanentCrop/PermanentCrop_75.jpg,6
AnnualCrop/AnnualCrop_2561.jpg,0
AnnualCrop/AnnualCrop_1480.jpg,0
Highway/Highway_1839.jpg,3
HerbaceousVegetation/HerbaceousVegetation_2160.jpg,2
Industrial/Industrial_1320.jpg,4
SeaLake/SeaLake_2066.jpg,9
AnnualCrop/AnnualCrop_830.jpg,0
PermanentCrop/PermanentCrop_1246.jpg,6
Pasture/Pasture_327.jpg,5
Pasture/Pasture_1698.jpg,5
HerbaceousVegetation/HerbaceousVegetation_1670.jpg,2
Industrial/Industrial_1718.jpg,4
Residential/Residential_1531.jpg,7
Pasture/Pasture_1821.jpg,5
Pasture/Pasture_1339.jpg,5
AnnualCrop/AnnualCrop_647.jpg,0
Highway/Highway_122.jpg,3
HerbaceousVegetation/HerbaceousVegetation_956.jpg,2
Forest/Forest_890.jpg,1
SeaLake/SeaLake_1509.jpg,9
AnnualCrop/AnnualCrop_2990.jpg,0
Highway/Highway_224.jpg,3
AnnualCrop/AnnualCrop_1400.jpg,0
River/River_504.jpg,8
Residential/Residential_1956.jpg,7
Forest/Forest_2457.jpg,1
SeaLake/SeaLake_1267.jpg,9
SeaLake/SeaLake_2556.jpg,9
SeaLake/SeaLake_2913.jpg,9
HerbaceousVegetation/HerbaceousVegetation_2219.jpg,2
River/River_2324.jpg,8
Industrial/Industrial_2474.jpg,4
SeaLake/SeaLake_2814.jpg,9
HerbaceousVegetation/HerbaceousVegetation_894.jpg,2
HerbaceousVegetation/HerbaceousVegetation_874.jpg,2
SeaLake/SeaLake_2603.jpg,9
PermanentCrop/PermanentCrop_677.jpg,6
Highway/Highway_1866.jpg,3
SeaLake/SeaLake_1957.jpg,9
SeaLake/SeaLake_1083.jpg,9
HerbaceousVegetation/HerbaceousVegetation_1972.jpg,2
AnnualCrop/AnnualCrop_1803.jpg,0
Highway/Highway_936.jpg,3
Pasture/Pasture_939.jpg,5
AnnualCrop/AnnualCrop_2451.jpg,0
Forest/Forest_1382.jpg,1
Forest/Forest_2093.jpg,1
Forest/Forest_442.jpg,1
Industrial/Industrial_401.jpg,4
Residential/Residential_1382.jpg,7
Residential/Residential_2275.jpg,7
SeaLake/SeaLake_2126.jpg,9
River/River_1700.jpg,8
Forest/Forest_412.jpg,1
Industrial/Industrial_1578.jpg,4
AnnualCrop/AnnualCrop_2120.jpg,0
PermanentCrop/PermanentCrop_996.jpg,6
Highway/Highway_1110.jpg,3
AnnualCrop/AnnualCrop_1878.jpg,0
AnnualCrop/AnnualCrop_2051.jpg,0
Industrial/Industrial_223.jpg,4
River/River_1083.jpg,8
HerbaceousVegetation/HerbaceousVegetation_1201.jpg,2
Industrial/Industrial_565.jpg,4
Highway/Highway_1185.jpg,3
HerbaceousVegetation/HerbaceousVegetation_1444.jpg,2
Highway/Highway_738.jpg,3
AnnualCrop/AnnualCrop_1319.jpg,0
HerbaceousVegetation/HerbaceousVegetation_827.jpg,2
Forest/Forest_1441.jpg,1
Forest/Forest_2081.jpg,1
Residential/Residential_98.jpg,7
HerbaceousVegetation/HerbaceousVegetation_1423.jpg,2
Industrial/Industrial_810.jpg,4
SeaLake/SeaLake_1125.jpg,9
SeaLake/SeaLake_1248.jpg,9
PermanentCrop/PermanentCrop_193.jpg,6
SeaLake/SeaLake_2076.jpg,9
Forest/Forest_381.jpg,1
PermanentCrop/PermanentCrop_944.jpg,6
HerbaceousVegetation/HerbaceousVegetation_1824.jpg,2
Forest/Forest_2060.jpg,1
SeaLake/SeaLake_1830.jpg,9
PermanentCrop/PermanentCrop_2197.jpg,6
Highway/Highway_1886.jpg,3
HerbaceousVegetation/HerbaceousVegetation_2896.jpg,2
SeaLake/SeaLake_329.jpg,9
Pasture/Pasture_137.jpg,5
HerbaceousVegetation/HerbaceousVegetation_2461.jpg,2
Forest/Forest_1015.jpg,1
Residential/Residential_851.jpg,7
Residential/Residential_278.jpg,7
Residential/Residential_822.jpg,7
River/River_935.jpg,8
Residential/Residential_599.jpg,7
Residential/Residential_180.jpg,7
AnnualCrop/AnnualCrop_403.jpg,0
Residential/Residential_2337.jpg,7
AnnualCrop/AnnualCrop_33.jpg,0
Residential/Residential_2809.jpg,7
Industrial/Industrial_2066.jpg,4
AnnualCrop/AnnualCrop_2248.jpg,0
River/River_677.jpg,8
Residential/Residential_1912.jpg,7
Forest/Forest_2938.jpg,1
Industrial/Industrial_2079.jpg,4
Residential/Residential_1648.jpg,7
Pasture/Pasture_1131.jpg,5
River/River_1511.jpg,8
Residential/Residential_2572.jpg,7
Highway/Highway_58.jpg,3
Industrial/Industrial_1977.jpg,4
Residential/Residential_2383.jpg,7
Residential/Residential_1836.jpg,7
HerbaceousVegetation/HerbaceousVegetation_1119.jpg,2
River/River_1473.jpg,8
Industrial/Industrial_2020.jpg,4
Residential/Residential_1578.jpg,7
Highway/Highway_271.jpg,3
SeaLake/SeaLake_1963.jpg,9
Industrial/Industrial_423.jpg,4
SeaLake/SeaLake_1047.jpg,9
Forest/Forest_530.jpg,1
Forest/Forest_347.jpg,1
Highway/Highway_1161.jpg,3
Residential/Residential_628.jpg,7
Forest/Forest_2965.jpg,1
Pasture/Pasture_395.jpg,5
Industrial/Industrial_325.jpg,4
SeaLake/SeaLake_2337.jpg,9
Pasture/Pasture_1407.jpg,5
Pasture/Pasture_194.jpg,5
Residential/Residential_196.jpg,7
Residential/Residential_1965.jpg,7
Forest/Forest_2939.jpg,1
AnnualCrop/AnnualCrop_401.jpg,0
PermanentCrop/PermanentCrop_1960.jpg,6
AnnualCrop/AnnualCrop_1907.jpg,0
AnnualCrop/AnnualCrop_579.jpg,0
Industrial/Industrial_2178.jpg,4
Residential/Residential_745.jpg,7
AnnualCrop/AnnualCrop_1584.jpg,0
Industrial/Industrial_1124.jpg,4
River/River_344.jpg,8
SeaLake/SeaLake_1484.jpg,9
River/River_1420.jpg,8
Residential/Residential_156.jpg,7
Forest/Forest_2420.jpg,1
Pasture/Pasture_1095.jpg,5
Forest/Forest_728.jpg,1
Pasture/Pasture_1697.jpg,5
River/River_469.jpg,8
Pasture/Pasture_620.jpg,5
SeaLake/SeaLake_1309.jpg,9
Highway/Highway_1819.jpg,3
Pasture/Pasture_282.jpg,5
Forest/Forest_2273.jpg,1
SeaLake/SeaLake_2097.jpg,9
Highway/Highway_1883.jpg,3
AnnualCrop/AnnualCrop_2557.jpg,0
AnnualCrop/AnnualCrop_2414.jpg,0
PermanentCrop/PermanentCrop_2103.jpg,6
Industrial/Industrial_2307.jpg,4
SeaLake/SeaLake_984.jpg,9
Forest/Forest_1469.jpg,1
Highway/Highway_1545.jpg,3
Residential/Residential_2567.jpg,7
HerbaceousVegetation/HerbaceousVegetation_1876.jpg,2
Industrial/Industrial_227.jpg,4
Forest/Forest_2026.jpg,1
Residential/Residential_2057.jpg,7
SeaLake/SeaLake_1807.jpg,9
River/River_2128.jpg,8
SeaLake/SeaLake_2777.jpg,9
Residential/Residential_1302.jpg,7
Pasture/Pasture_165.jpg,5
HerbaceousVegetation/HerbaceousVegetation_2095.jpg,2
Forest/Forest_325.jpg,1
River/River_304.jpg,8
HerbaceousVegetation/HerbaceousVegetation_2889.jpg,2
River/River_436.jpg,8
Pasture/Pasture_1977.jpg,5
Highway/Highway_2356.jpg,3
Industrial/Industrial_10.jpg,4
Pasture/Pasture_1640.jpg,5
PermanentCrop/PermanentCrop_452.jpg,6
River/River_1772.jpg,8
AnnualCrop/AnnualCrop_2751.jpg,0
SeaLake/SeaLake_1669.jpg,9
River/River_1286.jpg,8
HerbaceousVegetation/HerbaceousVegetation_2287.jpg,2
River/River_610.jpg,8
PermanentCrop/PermanentCrop_1416.jpg,6
Pasture/Pasture_1854.jpg,5
AnnualCrop/AnnualCrop_246.jpg,0
Forest/Forest_310.jpg,1
Highway/Highway_1156.jpg,3
River/River_2477.jpg,8
PermanentCrop/PermanentCrop_1758.jpg,6
Residential/Residential_2850.jpg,7
Residential/Residential_1759.jpg,7
AnnualCrop/AnnualCrop_1847.jpg,0
HerbaceousVegetation/HerbaceousVegetation_112.jpg,2
HerbaceousVegetation/HerbaceousVegetation_888.jpg,2
Forest/Forest_854.jpg,1
River/River_35.jpg,8
SeaLake/SeaLake_1547.jpg,9
SeaLake/SeaLake_1105.jpg,9
SeaLake/SeaLake_1859.jpg,9
Forest/Forest_1986.jpg,1
River/River_1328.jpg,8
PermanentCrop/PermanentCrop_544.jpg,6
Highway/Highway_1862.jpg,3
Industrial/Industrial_1784.jpg,4
Residential/Residential_436.jpg,7
Forest/Forest_1340.jpg,1
Forest/Forest_2565.jpg,1
Pasture/Pasture_472.jpg,5
HerbaceousVegetation/HerbaceousVegetation_788.jpg,2
SeaLake/SeaLake_1423.jpg,9
Pasture/Pasture_366.jpg,5
River/River_2206.jpg,8
Forest/Forest_2667.jpg,1
HerbaceousVegetation/HerbaceousVegetation_1686.jpg,2
Residential/Residential_2218.jpg,7
Industrial/Industrial_1956.jpg,4
AnnualCrop/AnnualCrop_93.jpg,0
Industrial/Industrial_949.jpg,4
AnnualCrop/AnnualCrop_2832.jpg,0
Pasture/Pasture_1170.jpg,5
Residential/Residential_2156.jpg,7
SeaLake/SeaLake_635.jpg,9
Highway/Highway_722.jpg,3
HerbaceousVegetation/HerbaceousVegetation_2030.jpg,2
SeaLake/SeaLake_2853.jpg,9
HerbaceousVegetation/HerbaceousVegetation_521.jpg,2
PermanentCrop/PermanentCrop_840.jpg,6
AnnualCrop/AnnualCrop_205.jpg,0
SeaLake/SeaLake_261.jpg,9
Forest/Forest_399.jpg,1
Highway/Highway_1410.jpg,3
Pasture/Pasture_812.jpg,5
AnnualCrop/AnnualCrop_1496.jpg,0
PermanentCrop/PermanentCrop_1840.jpg,6
River/River_1306.jpg,8
Forest/Forest_472.jpg,1
HerbaceousVegetation/HerbaceousVegetation_2838.jpg,2
SeaLake/SeaLake_1373.jpg,9
AnnualCrop/AnnualCrop_2113.jpg,0
Pasture/Pasture_1450.jpg,5
Highway/Highway_583.jpg,3
Residential/Residential_2438.jpg,7
Forest/Forest_2348.jpg,1
Residential/Residential_2849.jpg,7
River/River_2486.jpg,8
River/River_1886.jpg,8
AnnualCrop/AnnualCrop_2428.jpg,0
HerbaceousVegetation/HerbaceousVegetation_2486.jpg,2
AnnualCrop/AnnualCrop_2413.jpg,0
Highway/Highway_812.jpg,3
SeaLake/SeaLake_318.jpg,9
Forest/Forest_2129.jpg,1
Highway/Highway_809.jpg,3
PermanentCrop/PermanentCrop_2371.jpg,6
Residential/Residential_1816.jpg,7
PermanentCrop/PermanentCrop_2133.jpg,6
Industrial/Industrial_1746.jpg,4
PermanentCrop/PermanentCrop_513.jpg,6
AnnualCrop/AnnualCrop_2492.jpg,0
Forest/Forest_902.jpg,1
PermanentCrop/PermanentCrop_1461.jpg,6
Industrial/Industrial_352.jpg,4
HerbaceousVegetation/HerbaceousVegetation_2782.jpg,2
Pasture/Pasture_1601.jpg,5
Industrial/Industrial_1026.jpg,4
PermanentCrop/PermanentCrop_2483.jpg,6
PermanentCrop/PermanentCrop_375.jpg,6
PermanentCrop/PermanentCrop_2055.jpg,6
HerbaceousVegetation/HerbaceousVegetation_1456.jpg,2
Forest/Forest_1436.jpg,1
SeaLake/SeaLake_946.jpg,9
Industrial/Industrial_1765.jpg,4
PermanentCrop/PermanentCrop_844.jpg,6
Residential/Residential_1420.jpg,7
SeaLake/SeaLake_2722.jpg,9
HerbaceousVegetation/HerbaceousVegetation_475.jpg,2
HerbaceousVegetation/HerbaceousVegetation_2351.jpg,2
PermanentCrop/PermanentCrop_1983.jpg,6
Residential/Residential_1172.jpg,7
SeaLake/SeaLake_1415.jpg,9
PermanentCrop/PermanentCrop_1865.jpg,6
Forest/Forest_2118.jpg,1
River/River_1359.jpg,8
Industrial/Industrial_150.jpg,4
SeaLake/SeaLake_2774.jpg,9
Forest/Forest_1798.jpg,1
AnnualCrop/AnnualCrop_2002.jpg,0
PermanentCrop/PermanentCrop_734.jpg,6
PermanentCrop/PermanentCrop_1771.jpg,6
River/River_1412.jpg,8
Forest/Forest_1509.jpg,1
Forest/Forest_2022.jpg,1
PermanentCrop/PermanentCrop_192.jpg,6
AnnualCrop/AnnualCrop_2640.jpg,0
Residential/Residential_2046.jpg,7
HerbaceousVegetation/HerbaceousVegetation_523.jpg,2
River/River_739.jpg,8
HerbaceousVegetation/HerbaceousVegetation_1006.jpg,2
Forest/Forest_2743.jpg,1
PermanentCrop/PermanentCrop_140.jpg,6
Forest/Forest_1549.jpg,1
Residential/Residential_932.jpg,7
AnnualCrop/AnnualCrop_114.jpg,0
Pasture/Pasture_808.jpg,5
HerbaceousVegetation/HerbaceousVegetation_2757.jpg,2
River/River_2282.jpg,8
PermanentCrop/PermanentCrop_1006.jpg,6
Industrial/Industrial_1820.jpg,4
Residential/Residential_2524.jpg,7
AnnualCrop/AnnualCrop_1909.jpg,0
HerbaceousVegetation/HerbaceousVegetation_1862.jpg,2
Highway/Highway_1603.jpg,3
Residential/Residential_962.jpg,7
River/River_1063.jpg,8
Forest/Forest_2894.jpg,1
River/River_1337.jpg,8
HerbaceousVegetation/HerbaceousVegetation_1890.jpg,2
Residential/Residential_238.jpg,7
Forest/Forest_2850.jpg,1
Highway/Highway_2371.jpg,3
Pasture/Pasture_54.jpg,5
PermanentCrop/PermanentCrop_691.jpg,6
HerbaceousVegetation/HerbaceousVegetation_889.jpg,2
Industrial/Industrial_1792.jpg,4
River/River_422.jpg,8
River/River_681.jpg,8
Residential/Residential_2599.jpg,7
Forest/Forest_2540.jpg,1
SeaLake/SeaLake_1123.jpg,9
Industrial/Industrial_2378.jpg,4
HerbaceousVegetation/HerbaceousVegetation_2612.jpg,2
River/River_671.jpg,8
Highway/Highway_556.jpg,3
PermanentCrop/PermanentCrop_1452.jpg,6
River/River_1775.jpg,8
Residential/Residential_208.jpg,7
River/River_138.jpg,8
Highway/Highway_1148.jpg,3
Pasture/Pasture_742.jpg,5
Pasture/Pasture_1167.jpg,5
AnnualCrop/AnnualCrop_2957.jpg,0
Highway/Highway_56.jpg,3
SeaLake/SeaLake_2493.jpg,9
Residential/Residential_248.jpg,7
River/River_1849.jpg,8
Pasture/Pasture_841.jpg,5
Industrial/Industrial_1150.jpg,4
SeaLake/SeaLake_691.jpg,9
SeaLake/SeaLake_1824.jpg,9
River/River_1075.jpg,8
Highway/Highway_2399.jpg,3
Forest/Forest_887.jpg,1
Highway/Highway_1718.jpg,3
AnnualCrop/AnnualCrop_1448.jpg,0
Highway/Highway_1155.jpg,3
SeaLake/SeaLake_680.jpg,9
Forest/Forest_805.jpg,1
Highway/Highway_1040.jpg,3
PermanentCrop/PermanentCrop_1021.jpg,6
HerbaceousVegetation/HerbaceousVegetation_1076.jpg,2
SeaLake/SeaLake_395.jpg,9
AnnualCrop/AnnualCrop_1010.jpg,0
AnnualCrop/AnnualCrop_1814.jpg,0
PermanentCrop/PermanentCrop_1859.jpg,6
Industrial/Industrial_1327.jpg,4
HerbaceousVegetation/HerbaceousVegetation_1316.jpg,2
HerbaceousVegetation/HerbaceousVegetation_963.jpg,2
River/River_378.jpg,8
AnnualCrop/AnnualCrop_2764.jpg,0
PermanentCrop/PermanentCrop_1984.jpg,6
PermanentCrop/PermanentCrop_2200.jpg,6
Residential/Residential_1418.jpg,7
AnnualCrop/AnnualCrop_1332.jpg,0
Residential/Residential_1320.jpg,7
AnnualCrop/AnnualCrop_889.jpg,0
Pasture/Pasture_70.jpg,5
AnnualCrop/AnnualCrop_1737.jpg,0
PermanentCrop/PermanentCrop_7.jpg,6
Industrial/Industrial_1836.jpg,4
Industrial/Industrial_859.jpg,4
HerbaceousVegetation/HerbaceousVegetation_575.jpg,2
Highway/Highway_627.jpg,3
Residential/Residential_1295.jpg,7
Pasture/Pasture_507.jpg,5
River/River_222.jpg,8
Residential/Residential_561.jpg,7
Pasture/Pasture_3.jpg,5
SeaLake/SeaLake_1894.jpg,9
Forest/Forest_2714.jpg,1
HerbaceousVegetation/HerbaceousVegetation_920.jpg,2
River/River_1557.jpg,8
River/River_1892.jpg,8
SeaLake/SeaLake_85.jpg,9
AnnualCrop/AnnualCrop_1800.jpg,0
PermanentCrop/PermanentCrop_974.jpg,6
AnnualCrop/AnnualCrop_1376.jpg,0
SeaLake/SeaLake_2359.jpg,9
HerbaceousVegetation/HerbaceousVegetation_1260.jpg,2
PermanentCrop/PermanentCrop_457.jpg,6
Residential/Residential_694.jpg,7
PermanentCrop/PermanentCrop_1496.jpg,6
Forest/Forest_2337.jpg,1
AnnualCrop/AnnualCrop_574.jpg,0
AnnualCrop/AnnualCrop_2380.jpg,0
SeaLake/SeaLake_1333.jpg,9
SeaLake/SeaLake_1686.jpg,9
PermanentCrop/PermanentCrop_2149.jpg,6
SeaLake/SeaLake_1506.jpg,9
AnnualCrop/AnnualCrop_2386.jpg,0
AnnualCrop/AnnualCrop_741.jpg,0
Industrial/Industrial_745.jpg,4
Forest/Forest_424.jpg,1
HerbaceousVegetation/HerbaceousVegetation_271.jpg,2
Residential/Residential_467.jpg,7
Industrial/Industrial_327.jpg,4
PermanentCrop/PermanentCrop_225.jpg,6
PermanentCrop/PermanentCrop_1256.jpg,6
Pasture/Pasture_1630.jpg,5
AnnualCrop/AnnualCrop_1446.jpg,0
Residential/Residential_2874.jpg,7
River/River_2492.jpg,8
Highway/Highway_733.jpg,3
Industrial/Industrial_1368.jpg,4
River/River_2414.jpg,8
HerbaceousVegetation/HerbaceousVegetation_2270.jpg,2
PermanentCrop/PermanentCrop_2220.jpg,6
Pasture/Pasture_1286.jpg,5
Residential/Residential_1042.jpg,7
Forest/Forest_1381.jpg,1
HerbaceousVegetation/HerbaceousVegetation_1252.jpg,2
Residential/Residential_189.jpg,7
SeaLake/SeaLake_411.jpg,9
Pasture/Pasture_1160.jpg,5
Forest/Forest_443.jpg,1
Forest/Forest_1171.jpg,1
Highway/Highway_52.jpg,3
Residential/Residential_218.jpg,7
Industrial/Industrial_2372.jpg,4
PermanentCrop/PermanentCrop_1585.jpg,6
Residential/Residential_2817.jpg,7
AnnualCrop/AnnualCrop_1787.jpg,0
Residential/Residential_2943.jpg,7
SeaLake/SeaLake_2713.jpg,9
PermanentCrop/PermanentCrop_1875.jpg,6
SeaLake/SeaLake_1444.jpg,9
AnnualCrop/AnnualCrop_2812.jpg,0
Highway/Highway_1923.jpg,3
River/River_2036.jpg,8
SeaLake/SeaLake_1770.jpg,9
HerbaceousVegetation/HerbaceousVegetation_313.jpg,2
PermanentCrop/PermanentCrop_112.jpg,6
River/River_2404.jpg,8
Forest/Forest_693.jpg,1
AnnualCrop/AnnualCrop_1138.jpg,0
HerbaceousVegetation/HerbaceousVegetation_2336.jpg,2
Forest/Forest_2133.jpg,1
PermanentCrop/PermanentCrop_1438.jpg,6
River/River_1469.jpg,8
AnnualCrop/AnnualCrop_275.jpg,0
Residential/Residential_2908.jpg,7
River/River_349.jpg,8
Forest/Forest_550.jpg,1
Industrial/Industrial_1559.jpg,4
Pasture/Pasture_1945.jpg,5
Forest/Forest_1563.jpg,1
Industrial/Industrial_663.jpg,4
HerbaceousVegetation/HerbaceousVegetation_829.jpg,2
Forest/Forest_940.jpg,1
AnnualCrop/AnnualCrop_491.jpg,0
Forest/Forest_1379.jpg,1
River/River_223.jpg,8
River/River_1933.jpg,8
PermanentCrop/PermanentCrop_496.jpg,6
Highway/Highway_1433.jpg,3
SeaLake/SeaLake_1198.jpg,9
AnnualCrop/AnnualCrop_1030.jpg,0
SeaLake/SeaLake_447.jpg,9
HerbaceousVegetation/HerbaceousVegetation_472.jpg,2
PermanentCrop/PermanentCrop_1051.jpg,6
SeaLake/SeaLake_495.jpg,9
Residential/Residential_2718.jpg,7
Highway/Highway_845.jpg,3
HerbaceousVegetation/HerbaceousVegetation_992.jpg,2
Residential/Residential_2280.jpg,7
PermanentCrop/PermanentCrop_1398.jpg,6
River/River_1127.jpg,8
River/River_1340.jpg,8
Industrial/Industrial_1935.jpg,4
River/River_831.jpg,8
SeaLake/SeaLake_1401.jpg,9
AnnualCrop/AnnualCrop_282.jpg,0
Industrial/Industrial_1063.jpg,4
HerbaceousVegetation/HerbaceousVegetation_2142.jpg,2
Highway/Highway_1017.jpg,3
Highway/Highway_1857.jpg,3
SeaLake/SeaLake_321.jpg,9
SeaLake/SeaLake_2640.jpg,9
SeaLake/SeaLake_2844.jpg,9
Forest/Forest_3000.jpg,1
AnnualCrop/AnnualCrop_2278.jpg,0
AnnualCrop/AnnualCrop_1897.jpg,0
Pasture/Pasture_1871.jpg,5
Industrial/Industrial_2286.jpg,4
Pasture/Pasture_299.jpg,5
Pasture/Pasture_1304.jpg,5
Highway/Highway_1674.jpg,3
SeaLake/SeaLake_1350.jpg,9
HerbaceousVegetation/HerbaceousVegetation_1179.jpg,2
PermanentCrop/PermanentCrop_304.jpg,6
SeaLake/SeaLake_1016.jpg,9
SeaLake/SeaLake_2027.jpg,9
Forest/Forest_1939.jpg,1
HerbaceousVegetation/HerbaceousVegetation_430.jpg,2
SeaLake/SeaLake_604.jpg,9
Industrial/Industrial_1111.jpg,4
River/River_2362.jpg,8
SeaLake/SeaLake_882.jpg,9
Residential/Residential_855.jpg,7
Industrial/Industrial_998.jpg,4
Forest/Forest_259.jpg,1
River/River_1419.jpg,8
River/River_1349.jpg,8
PermanentCrop/PermanentCrop_1204.jpg,6
AnnualCrop/AnnualCrop_936.jpg,0
AnnualCrop/AnnualCrop_1844.jpg,0
Pasture/Pasture_514.jpg,5
Forest/Forest_2647.jpg,1
AnnualCrop/AnnualCrop_2029.jpg,0
SeaLake/SeaLake_2597.jpg,9
HerbaceousVegetation/HerbaceousVegetation_2552.jpg,2
Industrial/Industrial_231.jpg,4
Pasture/Pasture_1878.jpg,5
Highway/Highway_1138.jpg,3
Residential/Residential_1938.jpg,7
PermanentCrop/PermanentCrop_1538.jpg,6
Industrial/Industrial_1797.jpg,4
Forest/Forest_926.jpg,1
AnnualCrop/AnnualCrop_2837.jpg,0
Forest/Forest_839.jpg,1
SeaLake/SeaLake_1751.jpg,9
Industrial/Industrial_1811.jpg,4
River/River_1305.jpg,8
Pasture/Pasture_543.jpg,5
Forest/Forest_809.jpg,1
SeaLake/SeaLake_2601.jpg,9
River/River_2186.jpg,8
River/River_372.jpg,8
Industrial/Industrial_378.jpg,4
Residential/Residential_2251.jpg,7
Industrial/Industrial_2248.jpg,4
Forest/Forest_2079.jpg,1
Forest/Forest_852.jpg,1
Industrial/Industrial_2189.jpg,4
AnnualCrop/AnnualCrop_2379.jpg,0
SeaLake/SeaLake_1592.jpg,9
SeaLake/SeaLake_812.jpg,9
SeaLake/SeaLake_480.jpg,9
Industrial/Industrial_1010.jpg,4
Highway/Highway_2121.jpg,3
Highway/Highway_1145.jpg,3
Highway/Highway_130.jpg,3
SeaLake/SeaLake_1596.jpg,9
HerbaceousVegetation/HerbaceousVegetation_1128.jpg,2
Forest/Forest_2005.jpg,1
HerbaceousVegetation/HerbaceousVegetation_47.jpg,2
AnnualCrop/AnnualCrop_545.jpg,0
Residential/Residential_1495.jpg,7
River/River_968.jpg,8
Residential/Residential_1810.jpg,7
Highway/Highway_804.jpg,3
Highway/Highway_1927.jpg,3
Residential/Residential_1560.jpg,7
Forest/Forest_464.jpg,1
Forest/Forest_2307.jpg,1
PermanentCrop/PermanentCrop_2447.jpg,6
PermanentCrop/PermanentCrop_1687.jpg,6
Highway/Highway_243.jpg,3
AnnualCrop/AnnualCrop_1442.jpg,0
Forest/Forest_367.jpg,1
AnnualCrop/AnnualCrop_1197.jpg,0
Residential/Residential_570.jpg,7
PermanentCrop/PermanentCrop_1520.jpg,6
Residential/Residential_2406.jpg,7
Forest/Forest_1358.jpg,1
Highway/Highway_646.jpg,3
PermanentCrop/PermanentCrop_1970.jpg,6
AnnualCrop/AnnualCrop_2088.jpg,0
SeaLake/SeaLake_224.jpg,9
AnnualCrop/AnnualCrop_2770.jpg,0
Forest/Forest_1723.jpg,1
AnnualCrop/AnnualCrop_266.jpg,0
Industrial/Industrial_1728.jpg,4
Pasture/Pasture_1944.jpg,5
Industrial/Industrial_469.jpg,4
Industrial/Industrial_1894.jpg,4
Forest/Forest_2785.jpg,1
Pasture/Pasture_1989.jpg,5
SeaLake/SeaLake_763.jpg,9
HerbaceousVegetation/HerbaceousVegetation_2413.jpg,2
AnnualCrop/AnnualCrop_1607.jpg,0
Pasture/Pasture_338.jpg,5
SeaLake/SeaLake_2907.jpg,9
Industrial/Industrial_915.jpg,4
Industrial/Industrial_1871.jpg,4
Industrial/Industrial_1100.jpg,4
HerbaceousVegetation/HerbaceousVegetation_268.jpg,2
Residential/Residential_564.jpg,7
PermanentCrop/PermanentCrop_423.jpg,6
Industrial/Industrial_281.jpg,4
PermanentCrop/PermanentCrop_1911.jpg,6
Forest/Forest_2098.jpg,1
AnnualCrop/AnnualCrop_1002.jpg,0
Pasture/Pasture_1798.jpg,5
AnnualCrop/AnnualCrop_2198.jpg,0
Pasture/Pasture_1570.jpg,5
HerbaceousVegetation/HerbaceousVegetation_2282.jpg,2
PermanentCrop/PermanentCrop_1923.jpg,6
SeaLake/SeaLake_816.jpg,9
River/River_1604.jpg,8
Industrial/Industrial_253.jpg,4
HerbaceousVegetation/HerbaceousVegetation_1154.jpg,2
HerbaceousVegetation/HerbaceousVegetation_62.jpg,2
Industrial/Industrial_950.jpg,4
Residential/Residential_1063.jpg,7
AnnualCrop/AnnualCrop_1054.jpg,0
Residential/Residential_2905.jpg,7
PermanentCrop/PermanentCrop_1528.jpg,6
HerbaceousVegetation/HerbaceousVegetation_784.jpg,2
HerbaceousVegetation/HerbaceousVegetation_90.jpg,2
SeaLake/SeaLake_2871.jpg,9
Pasture/Pasture_291.jpg,5
Residential/Residential_295.jpg,7
Highway/Highway_403.jpg,3
AnnualCrop/AnnualCrop_1706.jpg,0
HerbaceousVegetation/HerbaceousVegetation_2182.jpg,2
AnnualCrop/AnnualCrop_1603.jpg,0
SeaLake/SeaLake_1292.jpg,9
AnnualCrop/AnnualCrop_2710.jpg,0
Residential/Residential_971.jpg,7
PermanentCrop/PermanentCrop_1179.jpg,6
SeaLake/SeaLake_1054.jpg,9
Forest/Forest_1618.jpg,1
SeaLake/SeaLake_1084.jpg,9
AnnualCrop/AnnualCrop_2465.jpg,0
Pasture/Pasture_1731.jpg,5
AnnualCrop/AnnualCrop_2183.jpg,0
PermanentCrop/PermanentCrop_242.jpg,6
Industrial/Industrial_1642.jpg,4
Industrial/Industrial_385.jpg,4
Highway/Highway_899.jpg,3
Forest/Forest_1128.jpg,1
SeaLake/SeaLake_613.jpg,9
Forest/Forest_2944.jpg,1
Residential/Residential_2687.jpg,7
Highway/Highway_2201.jpg,3
SeaLake/SeaLake_753.jpg,9
River/River_1216.jpg,8
Pasture/Pasture_1415.jpg,5
Pasture/Pasture_1873.jpg,5
River/River_364.jpg,8
Industrial/Industrial_439.jpg,4
Forest/Forest_1444.jpg,1
Forest/Forest_1391.jpg,1
River/River_2333.jpg,8
Forest/Forest_2971.jpg,1
Highway/Highway_1517.jpg,3
SeaLake/SeaLake_1015.jpg,9
HerbaceousVegetation/HerbaceousVegetation_2310.jpg,2
Forest/Forest_859.jpg,1
PermanentCrop/PermanentCrop_585.jpg,6
SeaLake/SeaLake_1904.jpg,9
HerbaceousVegetation/HerbaceousVegetation_438.jpg,2
Highway/Highway_1448.jpg,3
Industrial/Industrial_1030.jpg,4
Industrial/Industrial_1244.jpg,4
Forest/Forest_2282.jpg,1
Residential/Residential_2754.jpg,7
HerbaceousVegetation/HerbaceousVegetation_2370.jpg,2
SeaLake/SeaLake_1834.jpg,9
Forest/Forest_2535.jpg,1
Highway/Highway_207.jpg,3
Forest/Forest_1943.jpg,1
AnnualCrop/AnnualCrop_1384.jpg,0
Residential/Residential_2788.jpg,7
Industrial/Industrial_1174.jpg,4
PermanentCrop/PermanentCrop_1540.jpg,6
Forest/Forest_2071.jpg,1
AnnualCrop/AnnualCrop_2361.jpg,0
Industrial/Industrial_1988.jpg,4
Highway/Highway_205.jpg,3
AnnualCrop/AnnualCrop_2168.jpg,0
AnnualCrop/AnnualCrop_2711.jpg,0
SeaLake/SeaLake_922.jpg,9
AnnualCrop/AnnualCrop_365.jpg,0
SeaLake/SeaLake_722.jpg,9
Pasture/Pasture_363.jpg,5
Forest/Forest_2547.jpg,1
Highway/Highway_96.jpg,3
Forest/Forest_204.jpg,1
Forest/Forest_2199.jpg,1
Residential/Residential_1380.jpg,7
Forest/Forest_1562.jpg,1
Residential/Residential_1825.jpg,7
River/River_1927.jpg,8
AnnualCrop/AnnualCrop_804.jpg,0
Forest/Forest_685.jpg,1
Forest/Forest_2624.jpg,1
AnnualCrop/AnnualCrop_789.jpg,0
Residential/Residential_67.jpg,7
River/River_543.jpg,8
Industrial/Industrial_1471.jpg,4
PermanentCrop/PermanentCrop_1763.jpg,6
Industrial/Industrial_1599.jpg,4
Pasture/Pasture_1052.jpg,5
SeaLake/SeaLake_2465.jpg,9
SeaLake/SeaLake_2724.jpg,9
Residential/Residential_1842.jpg,7
Forest/Forest_1716.jpg,1
Highway/Highway_1386.jpg,3
HerbaceousVegetation/HerbaceousVegetation_2652.jpg,2
River/River_2041.jpg,8
SeaLake/SeaLake_1141.jpg,9
Highway/Highway_1657.jpg,3
Pasture/Pasture_1652.jpg,5
Forest/Forest_1389.jpg,1
Forest/Forest_2732.jpg,1
Pasture/Pasture_1412.jpg,5
Highway/Highway_1020.jpg,3
AnnualCrop/AnnualCrop_2650.jpg,0
HerbaceousVegetation/HerbaceousVegetation_1538.jpg,2
Forest/Forest_910.jpg,1
AnnualCrop/AnnualCrop_449.jpg,0
Pasture/Pasture_1375.jpg,5
Residential/Residential_1448.jpg,7
Forest/Forest_210.jpg,1
HerbaceousVegetation/HerbaceousVegetation_1486.jpg,2
Pasture/Pasture_486.jpg,5
AnnualCrop/AnnualCrop_1473.jpg,0
AnnualCrop/AnnualCrop_2085.jpg,0
Forest/Forest_2368.jpg,1
Industrial/Industrial_157.jpg,4
HerbaceousVegetation/HerbaceousVegetation_2325.jpg,2
Residential/Residential_1563.jpg,7
Highway/Highway_109.jpg,3
Highway/Highway_560.jpg,3
Pasture/Pasture_1467.jpg,5
AnnualCrop/AnnualCrop_2721.jpg,0
Forest/Forest_1235.jpg,1
AnnualCrop/AnnualCrop_2574.jpg,0
SeaLake/SeaLake_724.jpg,9
Pasture/Pasture_367.jpg,5
Highway/Highway_373.jpg,3
HerbaceousVegetation/HerbaceousVegetation_1913.jpg,2
Pasture/Pasture_739.jpg,5
Forest/Forest_2040.jpg,1
PermanentCrop/PermanentCrop_2402.jpg,6
River/River_2251.jpg,8
Highway/Highway_2398.jpg,3
Residential/Residential_1888.jpg,7
Industrial/Industrial_1441.jpg,4
Industrial/Industrial_896.jpg,4
SeaLake/SeaLake_2908.jpg,9
HerbaceousVegetation/HerbaceousVegetation_2890.jpg,2
Forest/Forest_2942.jpg,1
AnnualCrop/AnnualCrop_1410.jpg,0
River/River_294.jpg,8
PermanentCrop/PermanentCrop_1054.jpg,6
Industrial/Industrial_1835.jpg,4
AnnualCrop/AnnualCrop_834.jpg,0
Residential/Residential_1075.jpg,7
AnnualCrop/AnnualCrop_1622.jpg,0
Residential/Residential_1681.jpg,7
Residential/Residential_1620.jpg,7
Forest/Forest_587.jpg,1
Forest/Forest_1717.jpg,1
River/River_2185.jpg,8
SeaLake/SeaLake_2123.jpg,9
Forest/Forest_1300.jpg,1
HerbaceousVegetation/HerbaceousVegetation_1928.jpg,2
Residential/Residential_1454.jpg,7
SeaLake/SeaLake_1541.jpg,9
River/River_1404.jpg,8
HerbaceousVegetation/HerbaceousVegetation_2858.jpg,2
Highway/Highway_464.jpg,3
AnnualCrop/AnnualCrop_2614.jpg,0
HerbaceousVegetation/HerbaceousVegetation_736.jpg,2
Pasture/Pasture_1788.jpg,5
AnnualCrop/AnnualCrop_1110.jpg,0
AnnualCrop/AnnualCrop_2422.jpg,0
Highway/Highway_1363.jpg,3
HerbaceousVegetation/HerbaceousVegetation_930.jpg,2
Forest/Forest_2209.jpg,1
Residential/Residential_1374.jpg,7
River/River_1635.jpg,8
HerbaceousVegetation/HerbaceousVegetation_2437.jpg,2
Highway/Highway_2048.jpg,3
AnnualCrop/AnnualCrop_585.jpg,0
Residential/Residential_1609.jpg,7
Residential/Residential_1680.jpg,7
PermanentCrop/PermanentCrop_315.jpg,6
Highway/Highway_1174.jpg,3
SeaLake/SeaLake_2902.jpg,9
Pasture/Pasture_1692.jpg,5
Forest/Forest_993.jpg,1
HerbaceousVegetation/HerbaceousVegetation_2977.jpg,2
AnnualCrop/AnnualCrop_1673.jpg,0
PermanentCrop/PermanentCrop_248.jpg,6
Residential/Residential_1960.jpg,7
Highway/Highway_453.jpg,3
Industrial/Industrial_1469.jpg,4
River/River_1784.jpg,8
Highway/Highway_2259.jpg,3
PermanentCrop/PermanentCrop_854.jpg,6
SeaLake/SeaLake_1721.jpg,9
Pasture/Pasture_1482.jpg,5
SeaLake/SeaLake_649.jpg,9
Industrial/Industrial_1905.jpg,4
HerbaceousVegetation/HerbaceousVegetation_2974.jpg,2
Forest/Forest_2176.jpg,1
HerbaceousVegetation/HerbaceousVegetation_680.jpg,2
PermanentCrop/PermanentCrop_1435.jpg,6
HerbaceousVegetation/HerbaceousVegetation_991.jpg,2
Residential/Residential_1390.jpg,7
SeaLake/SeaLake_2075.jpg,9
Residential/Residential_2437.jpg,7
HerbaceousVegetation/HerbaceousVegetation_50.jpg,2
AnnualCrop/AnnualCrop_2579.jpg,0
Residential/Residential_1228.jpg,7
Pasture/Pasture_1975.jpg,5
Residential/Residential_2878.jpg,7
River/River_1239.jpg,8
HerbaceousVegetation/HerbaceousVegetation_2585.jpg,2
AnnualCrop/AnnualCrop_45.jpg,0
HerbaceousVegetation/HerbaceousVegetation_1713.jpg,2
PermanentCrop/PermanentCrop_1512.jpg,6
Forest/Forest_2187.jpg,1
Residential/Residential_2911.jpg,7
Highway/Highway_1808.jpg,3
AnnualCrop/AnnualCrop_1006.jpg,0
Pasture/Pasture_1107.jpg,5
AnnualCrop/AnnualCrop_218.jpg,0
River/River_203.jpg,8
SeaLake/SeaLake_2555.jpg,9
AnnualCrop/AnnualCrop_1506.jpg,0
Highway/Highway_1623.jpg,3
River/River_2254.jpg,8
AnnualCrop/AnnualCrop_523.jpg,0
Pasture/Pasture_1239.jpg,5
AnnualCrop/AnnualCrop_1274.jpg,0
Residential/Residential_110.jpg,7
River/River_2294.jpg,8
SeaLake/SeaLake_1849.jpg,9
Forest/Forest_2948.jpg,1
Residential/Residential_1904.jpg,7
AnnualCrop/AnnualCrop_774.jpg,0
AnnualCrop/AnnualCrop_307.jpg,0
AnnualCrop/AnnualCrop_1065.jpg,0
Residential/Residential_1686.jpg,7
AnnualCrop/AnnualCrop_1857.jpg,0
Forest/Forest_1547.jpg,1
HerbaceousVegetation/HerbaceousVegetation_2631.jpg,2
PermanentCrop/PermanentCrop_1936.jpg,6
Industrial/Industrial_2297.jpg,4
HerbaceousVegetation/HerbaceousVegetation_2823.jpg,2
SeaLake/SeaLake_2224.jpg,9
PermanentCrop/PermanentCrop_1949.jpg,6
River/River_751.jpg,8
Industrial/Industrial_1154.jpg,4
PermanentCrop/PermanentCrop_560.jpg,6
Highway/Highway_665.jpg,3
Forest/Forest_776.jpg,1
Industrial/Industrial_499.jpg,4
River/River_1265.jpg,8
Pasture/Pasture_1867.jpg,5
River/River_636.jpg,8
AnnualCrop/AnnualCrop_1853.jpg,0
River/River_1341.jpg,8
Forest/Forest_2833.jpg,1
HerbaceousVegetation/HerbaceousVegetation_2719.jpg,2
AnnualCrop/AnnualCrop_2947.jpg,0
Highway/Highway_2395.jpg,3
Highway/Highway_628.jpg,3
HerbaceousVegetation/HerbaceousVegetation_10.jpg,2
HerbaceousVegetation/HerbaceousVegetation_509.jpg,2
SeaLake/SeaLake_352.jpg,9
River/River_892.jpg,8
River/River_1223.jpg,8
SeaLake/SeaLake_2346.jpg,9
HerbaceousVegetation/HerbaceousVegetation_2309.jpg,2
Pasture/Pasture_1226.jpg,5
Highway/Highway_2415.jpg,3
Forest/Forest_1554.jpg,1
Pasture/Pasture_757.jpg,5
Forest/Forest_1166.jpg,1
River/River_1311.jpg,8
Highway/Highway_1391.jpg,3
Residential/Residential_1222.jpg,7
PermanentCrop/PermanentCrop_1414.jpg,6
Pasture/Pasture_1656.jpg,5
Pasture/Pasture_1000.jpg,5
PermanentCrop/PermanentCrop_320.jpg,6
SeaLake/SeaLake_1489.jpg,9
Highway/Highway_1666.jpg,3
River/River_1819.jpg,8
PermanentCrop/PermanentCrop_1896.jpg,6
Pasture/Pasture_307.jpg,5
Pasture/Pasture_881.jpg,5
Highway/Highway_1399.jpg,3
Residential/Residential_2141.jpg,7
SeaLake/SeaLake_1255.jpg,9
Forest/Forest_193.jpg,1
SeaLake/SeaLake_1220.jpg,9
Forest/Forest_823.jpg,1
Residential/Residential_372.jpg,7
Industrial/Industrial_2273.jpg,4
Forest/Forest_2381.jpg,1
Forest/Forest_814.jpg,1
Highway/Highway_769.jpg,3
PermanentCrop/PermanentCrop_1628.jpg,6
AnnualCrop/AnnualCrop_1131.jpg,0
Forest/Forest_269.jpg,1
HerbaceousVegetation/HerbaceousVegetation_2641.jpg,2
AnnualCrop/AnnualCrop_881.jpg,0
HerbaceousVegetation/HerbaceousVegetation_2194.jpg,2
HerbaceousVegetation/HerbaceousVegetation_2444.jpg,2
AnnualCrop/AnnualCrop_2018.jpg,0
SeaLake/SeaLake_870.jpg,9
AnnualCrop/AnnualCrop_462.jpg,0
Pasture/Pasture_1314.jpg,5
SeaLake/SeaLake_2925.jpg,9
HerbaceousVegetation/HerbaceousVegetation_2700.jpg,2
SeaLake/SeaLake_725.jpg,9
Residential/Residential_1366.jpg,7
AnnualCrop/AnnualCrop_1433.jpg,0
Industrial/Industrial_1566.jpg,4
Highway/Highway_1119.jpg,3
AnnualCrop/AnnualCrop_784.jpg,0
Forest/Forest_297.jpg,1
HerbaceousVegetation/HerbaceousVegetation_1587.jpg,2
Industrial/Industrial_1110.jpg,4
SeaLake/SeaLake_1833.jpg,9
AnnualCrop/AnnualCrop_1967.jpg,0
AnnualCrop/AnnualCrop_967.jpg,0
HerbaceousVegetation/HerbaceousVegetation_1349.jpg,2
Industrial/Industrial_492.jpg,4
Residential/Residential_929.jpg,7
SeaLake/SeaLake_1279.jpg,9
Forest/Forest_1179.jpg,1
Industrial/Industrial_13.jpg,4
AnnualCrop/AnnualCrop_2253.jpg,0
Highway/Highway_1189.jpg,3
PermanentCrop/PermanentCrop_1603.jpg,6
HerbaceousVegetation/HerbaceousVegetation_2347.jpg,2
Residential/Residential_424.jpg,7
Highway/Highway_42.jpg,3
Forest/Forest_2084.jpg,1
PermanentCrop/PermanentCrop_223.jpg,6
Forest/Forest_2266.jpg,1
Highway/Highway_1731.jpg,3
Residential/Residential_878.jpg,7
AnnualCrop/AnnualCrop_2778.jpg,0
AnnualCrop/AnnualCrop_483.jpg,0
Pasture/Pasture_767.jpg,5
Highway/Highway_2355.jpg,3
SeaLake/SeaLake_2194.jpg,9
River/River_2046.jpg,8
River/River_552.jpg,8
SeaLake/SeaLake_2375.jpg,9
HerbaceousVegetation/HerbaceousVegetation_614.jpg,2
River/River_2011.jpg,8
Pasture/Pasture_573.jpg,5
Pasture/Pasture_1469.jpg,5
HerbaceousVegetation/HerbaceousVegetation_1712.jpg,2
Forest/Forest_448.jpg,1
HerbaceousVegetation/HerbaceousVegetation_2474.jpg,2
Residential/Residential_2492.jpg,7
River/River_519.jpg,8
River/River_285.jpg,8
Highway/Highway_401.jpg,3
PermanentCrop/PermanentCrop_495.jpg,6
HerbaceousVegetation/HerbaceousVegetation_1949.jpg,2
Residential/Residential_1966.jpg,7
Highway/Highway_2082.jpg,3
Forest/Forest_765.jpg,1
River/River_790.jpg,8
Industrial/Industrial_2478.jpg,4
Pasture/Pasture_1436.jpg,5
Forest/Forest_191.jpg,1
Industrial/Industrial_1204.jpg,4
HerbaceousVegetation/HerbaceousVegetation_283.jpg,2
Residential/Residential_274.jpg,7
HerbaceousVegetation/HerbaceousVegetation_1217.jpg,2
SeaLake/SeaLake_811.jpg,9
AnnualCrop/AnnualCrop_2835.jpg,0
Residential/Residential_1688.jpg,7
Forest/Forest_1963.jpg,1
Residential/Residential_2303.jpg,7
SeaLake/SeaLake_2558.jpg,9
Pasture/Pasture_888.jpg,5
SeaLake/SeaLake_2082.jpg,9
Forest/Forest_1244.jpg,1
AnnualCrop/AnnualCrop_1117.jpg,0
AnnualCrop/AnnualCrop_1553.jpg,0
Industrial/Industrial_837.jpg,4
HerbaceousVegetation/HerbaceousVegetation_104.jpg,2
Forest/Forest_2997.jpg,1
AnnualCrop/AnnualCrop_2368.jpg,0
HerbaceousVegetation/HerbaceousVegetation_2484.jpg,2
AnnualCrop/AnnualCrop_2363.jpg,0
Highway/Highway_1301.jpg,3
PermanentCrop/PermanentCrop_1536.jpg,6
HerbaceousVegetation/HerbaceousVegetation_2901.jpg,2
HerbaceousVegetation/HerbaceousVegetation_2618.jpg,2
HerbaceousVegetation/HerbaceousVegetation_2238.jpg,2
SeaLake/SeaLake_1271.jpg,9
Highway/Highway_181.jpg,3
PermanentCrop/PermanentCrop_465.jpg,6
River/River_334.jpg,8
River/River_2172.jpg,8
Highway/Highway_2358.jpg,3
River/River_1174.jpg,8
River/River_1178.jpg,8
River/River_445.jpg,8
AnnualCrop/AnnualCrop_63.jpg,0
Highway/Highway_326.jpg,3
Pasture/Pasture_103.jpg,5
Residential/Residential_714.jpg,7
AnnualCrop/AnnualCrop_566.jpg,0
Residential/Residential_453.jpg,7
Residential/Residential_2043.jpg,7
Forest/Forest_2616.jpg,1
SeaLake/SeaLake_886.jpg,9
Highway/Highway_1351.jpg,3
AnnualCrop/AnnualCrop_2713.jpg,0
HerbaceousVegetation/HerbaceousVegetation_2346.jpg,2
SeaLake/SeaLake_1122.jpg,9
SeaLake/SeaLake_441.jpg,9
SeaLake/SeaLake_2061.jpg,9
SeaLake/SeaLake_2899.jpg,9
Forest/Forest_2972.jpg,1
Industrial/Industrial_821.jpg,4
Highway/Highway_2216.jpg,3
River/River_854.jpg,8
River/River_2437.jpg,8
Residential/Residential_1248.jpg,7
Pasture/Pasture_1288.jpg,5
SeaLake/SeaLake_2296.jpg,9
River/River_370.jpg,8
HerbaceousVegetation/HerbaceousVegetation_2798.jpg,2
Highway/Highway_1645.jpg,3
HerbaceousVegetation/HerbaceousVegetation_2295.jpg,2
PermanentCrop/PermanentCrop_975.jpg,6
SeaLake/SeaLake_1702.jpg,9
Pasture/Pasture_150.jpg,5
Pasture/Pasture_1980.jpg,5
Industrial/Industrial_969.jpg,4
River/River_832.jpg,8
Forest/Forest_2390.jpg,1
PermanentCrop/PermanentCrop_2378.jpg,6
Residential/Residential_2143.jpg,7
Highway/Highway_867.jpg,3
River/River_546.jpg,8
HerbaceousVegetation/HerbaceousVegetation_2789.jpg,2
AnnualCrop/AnnualCrop_788.jpg,0
SeaLake/SeaLake_2920.jpg,9
PermanentCrop/PermanentCrop_801.jpg,6
River/River_488.jpg,8
Industrial/Industrial_473.jpg,4
Forest/Forest_2567.jpg,1
Residential/Residential_1117.jpg,7
AnnualCrop/AnnualCrop_672.jpg,0
SeaLake/SeaLake_2868.jpg,9
River/River_2478.jpg,8
Residential/Residential_2417.jpg,7
River/River_1405.jpg,8
AnnualCrop/AnnualCrop_1997.jpg,0
Pasture/Pasture_667.jpg,5
HerbaceousVegetation/HerbaceousVegetation_1075.jpg,2
Residential/Residential_1326.jpg,7
SeaLake/SeaLake_2840.jpg,9
AnnualCrop/AnnualCrop_1626.jpg,0
Residential/Residential_1950.jpg,7
Industrial/Industrial_102.jpg,4
SeaLake/SeaLake_980.jpg,9
Industrial/Industrial_346.jpg,4
Industrial/Industrial_2104.jpg,4
HerbaceousVegetation/HerbaceousVegetation_2261.jpg,2
SeaLake/SeaLake_2733.jpg,9
HerbaceousVegetation/HerbaceousVegetation_2569.jpg,2
Pasture/Pasture_55.jpg,5
Industrial/Industrial_458.jpg,4
SeaLake/SeaLake_1216.jpg,9
AnnualCrop/AnnualCrop_290.jpg,0
AnnualCrop/AnnualCrop_944.jpg,0
HerbaceousVegetation/HerbaceousVegetation_1422.jpg,2
AnnualCrop/AnnualCrop_272.jpg,0
Pasture/Pasture_1348.jpg,5
Industrial/Industrial_2497.jpg,4
Residential/Residential_2326.jpg,7
River/River_1462.jpg,8
SeaLake/SeaLake_320.jpg,9
HerbaceousVegetation/HerbaceousVegetation_571.jpg,2
SeaLake/SeaLake_2966.jpg,9
Highway/Highway_2273.jpg,3
SeaLake/SeaLake_2204.jpg,9
PermanentCrop/PermanentCrop_1091.jpg,6
Industrial/Industrial_1226.jpg,4
HerbaceousVegetation/HerbaceousVegetation_2971.jpg,2
Pasture/Pasture_1298.jpg,5
Highway/Highway_1804.jpg,3
PermanentCrop/PermanentCrop_977.jpg,6
AnnualCrop/AnnualCrop_1836.jpg,0
SeaLake/SeaLake_1380.jpg,9
Residential/Residential_509.jpg,7
Highway/Highway_1865.jpg,3
HerbaceousVegetation/HerbaceousVegetation_2170.jpg,2
PermanentCrop/PermanentCrop_1904.jpg,6
Highway/Highway_1730.jpg,3
Residential/Residential_1266.jpg,7
PermanentCrop/PermanentCrop_1295.jpg,6
River/River_11.jpg,8
Highway/Highway_1056.jpg,3
Highway/Highway_1604.jpg,3
SeaLake/SeaLake_2694.jpg,9
AnnualCrop/AnnualCrop_2996.jpg,0
SeaLake/SeaLake_520.jpg,9
HerbaceousVegetation/HerbaceousVegetation_2925.jpg,2
AnnualCrop/AnnualCrop_2526.jpg,0
Highway/Highway_1081.jpg,3
Residential/Residential_1669.jpg,7
Forest/Forest_1922.jpg,1
HerbaceousVegetation/HerbaceousVegetation_2093.jpg,2
Highway/Highway_1632.jpg,3
SeaLake/SeaLake_2154.jpg,9
AnnualCrop/AnnualCrop_1902.jpg,0
Industrial/Industrial_2410.jpg,4
HerbaceousVegetation/HerbaceousVegetation_440.jpg,2
SeaLake/SeaLake_2107.jpg,9
PermanentCrop/PermanentCrop_412.jpg,6
PermanentCrop/PermanentCrop_1345.jpg,6
Highway/Highway_103.jpg,3
River/River_128.jpg,8
Highway/Highway_1109.jpg,3
Highway/Highway_689.jpg,3
Highway/Highway_2277.jpg,3
Residential/Residential_2915.jpg,7
PermanentCrop/PermanentCrop_617.jpg,6
HerbaceousVegetation/HerbaceousVegetation_800.jpg,2
Pasture/Pasture_647.jpg,5
Forest/Forest_2114.jpg,1
Residential/Residential_452.jpg,7
Industrial/Industrial_827.jpg,4
Residential/Residential_2588.jpg,7
Highway/Highway_1827.jpg,3
Pasture/Pasture_1491.jpg,5
Forest/Forest_2769.jpg,1
Industrial/Industrial_1903.jpg,4
Forest/Forest_1937.jpg,1
SeaLake/SeaLake_744.jpg,9
Forest/Forest_677.jpg,1
HerbaceousVegetation/HerbaceousVegetation_1658.jpg,2
HerbaceousVegetation/HerbaceousVegetation_410.jpg,2
HerbaceousVegetation/HerbaceousVegetation_576.jpg,2
Residential/Residential_244.jpg,7
HerbaceousVegetation/HerbaceousVegetation_232.jpg,2
Pasture/Pasture_1722.jpg,5
Forest/Forest_1413.jpg,1
HerbaceousVegetation/HerbaceousVegetation_1494.jpg,2
River/River_1957.jpg,8
River/River_909.jpg,8
PermanentCrop/PermanentCrop_837.jpg,6
PermanentCrop/PermanentCrop_1404.jpg,6
Industrial/Industrial_1267.jpg,4
HerbaceousVegetation/HerbaceousVegetation_303.jpg,2
AnnualCrop/AnnualCrop_1164.jpg,0
Residential/Residential_2329.jpg,7
River/River_930.jpg,8
Residential/Residential_852.jpg,7
HerbaceousVegetation/HerbaceousVegetation_244.jpg,2
PermanentCrop/PermanentCrop_1611.jpg,6
Residential/Residential_583.jpg,7
Industrial/Industrial_1840.jpg,4
HerbaceousVegetation/HerbaceousVegetation_1295.jpg,2
Residential/Residential_1272.jpg,7
River/River_724.jpg,8
SeaLake/SeaLake_2791.jpg,9
Industrial/Industrial_2383.jpg,4
HerbaceousVegetation/HerbaceousVegetation_2159.jpg,2
AnnualCrop/AnnualCrop_1606.jpg,0
River/River_1270.jpg,8
Highway/Highway_553.jpg,3
Industrial/Industrial_359.jpg,4
Pasture/Pasture_1322.jpg,5
SeaLake/SeaLake_426.jpg,9
Residential/Residential_1216.jpg,7
Pasture/Pasture_1083.jpg,5
Residential/Residential_1338.jpg,7
Forest/Forest_1291.jpg,1
PermanentCrop/PermanentCrop_635.jpg,6
Forest/Forest_2706.jpg,1
AnnualCrop/AnnualCrop_2989.jpg,0
River/River_198.jpg,8
River/River_1755.jpg,8
Forest/Forest_2867.jpg,1
HerbaceousVegetation/HerbaceousVegetation_2501.jpg,2
HerbaceousVegetation/HerbaceousVegetation_484.jpg,2
Pasture/Pasture_49.jpg,5
Pasture/Pasture_581.jpg,5
Residential/Residential_2598.jpg,7
River/River_2044.jpg,8
HerbaceousVegetation/HerbaceousVegetation_1736.jpg,2
HerbaceousVegetation/HerbaceousVegetation_2587.jpg,2
Highway/Highway_398.jpg,3
Residential/Residential_2154.jpg,7
Pasture/Pasture_1746.jpg,5
AnnualCrop/AnnualCrop_84.jpg,0
Pasture/Pasture_92.jpg,5
PermanentCrop/PermanentCrop_2083.jpg,6
AnnualCrop/AnnualCrop_1910.jpg,0
Forest/Forest_1126.jpg,1
Highway/Highway_1233.jpg,3
Industrial/Industrial_2049.jpg,4
PermanentCrop/PermanentCrop_2196.jpg,6
Highway/Highway_2360.jpg,3
Pasture/Pasture_21.jpg,5
AnnualCrop/AnnualCrop_24.jpg,0
River/River_385.jpg,8
AnnualCrop/AnnualCrop_375.jpg,0
Industrial/Industrial_516.jpg,4
Forest/Forest_2792.jpg,1
SeaLake/SeaLake_904.jpg,9
River/River_1144.jpg,8
Forest/Forest_508.jpg,1
Residential/Residential_288.jpg,7
River/River_497.jpg,8
Forest/Forest_1571.jpg,1
Industrial/Industrial_727.jpg,4
Forest/Forest_2808.jpg,1
Highway/Highway_1172.jpg,3
Forest/Forest_2983.jpg,1
River/River_244.jpg,8
HerbaceousVegetation/HerbaceousVegetation_2674.jpg,2
Industrial/Industrial_33.jpg,4
Industrial/Industrial_182.jpg,4
Residential/Residential_75.jpg,7
River/River_1227.jpg,8
Highway/Highway_1914.jpg,3
River/River_1814.jpg,8
Residential/Residential_933.jpg,7
Industrial/Industrial_1234.jpg,4
HerbaceousVegetation/HerbaceousVegetation_1857.jpg,2
SeaLake/SeaLake_2811.jpg,9
Forest/Forest_2327.jpg,1
AnnualCrop/AnnualCrop_2372.jpg,0
Forest/Forest_885.jpg,1
AnnualCrop/AnnualCrop_1654.jpg,0
AnnualCrop/AnnualCrop_1260.jpg,0
SeaLake/SeaLake_2127.jpg,9
AnnualCrop/AnnualCrop_1360.jpg,0
SeaLake/SeaLake_1978.jpg,9
Highway/Highway_512.jpg,3
Industrial/Industrial_762.jpg,4
Forest/Forest_2720.jpg,1
Highway/Highway_2382.jpg,3
Highway/Highway_1052.jpg,3
Industrial/Industrial_1690.jpg,4
PermanentCrop/PermanentCrop_2358.jpg,6
Industrial/Industrial_370.jpg,4
Pasture/Pasture_510.jpg,5
AnnualCrop/AnnualCrop_299.jpg,0
PermanentCrop/PermanentCrop_1552.jpg,6
Industrial/Industrial_105.jpg,4
SeaLake/SeaLake_80.jpg,9
SeaLake/SeaLake_2044.jpg,9
Residential/Residential_1901.jpg,7
Forest/Forest_2250.jpg,1
SeaLake/SeaLake_1691.jpg,9
River/River_941.jpg,8
HerbaceousVegetation/HerbaceousVegetation_996.jpg,2
Pasture/Pasture_373.jpg,5
Residential/Residential_1839.jpg,7
PermanentCrop/PermanentCrop_228.jpg,6
Forest/Forest_1691.jpg,1
SeaLake/SeaLake_2584.jpg,9
PermanentCrop/PermanentCrop_1505.jpg,6
Pasture/Pasture_1070.jpg,5
River/River_817.jpg,8
HerbaceousVegetation/HerbaceousVegetation_528.jpg,2
SeaLake/SeaLake_240.jpg,9
AnnualCrop/AnnualCrop_1762.jpg,0
Highway/Highway_898.jpg,3
River/River_2400.jpg,8
Highway/Highway_2051.jpg,3
Pasture/Pasture_1312.jpg,5
SeaLake/SeaLake_444.jpg,9
PermanentCrop/PermanentCrop_1806.jpg,6
PermanentCrop/PermanentCrop_342.jpg,6
Pasture/Pasture_662.jpg,5
AnnualCrop/AnnualCrop_765.jpg,0
Industrial/Industrial_1194.jpg,4
PermanentCrop/PermanentCrop_2222.jpg,6
HerbaceousVegetation/HerbaceousVegetation_1529.jpg,2
Pasture/Pasture_1127.jpg,5
Highway/Highway_1640.jpg,3
SeaLake/SeaLake_2443.jpg,9
Highway/Highway_242.jpg,3
River/River_1217.jpg,8
Residential/Residential_2735.jpg,7
Industrial/Industrial_749.jpg,4
Highway/Highway_1273.jpg,3
River/River_2439.jpg,8
AnnualCrop/AnnualCrop_1047.jpg,0
Industrial/Industrial_619.jpg,4
HerbaceousVegetation/HerbaceousVegetation_550.jpg,2
Residential/Residential_1487.jpg,7
SeaLake/SeaLake_2812.jpg,9
AnnualCrop/AnnualCrop_1279.jpg,0
SeaLake/SeaLake_244.jpg,9
HerbaceousVegetation/HerbaceousVegetation_1474.jpg,2
Pasture/Pasture_851.jpg,5
River/River_1422.jpg,8
AnnualCrop/AnnualCrop_2619.jpg,0
Industrial/Industrial_29.jpg,4
SeaLake/SeaLake_2956.jpg,9
SeaLake/SeaLake_2748.jpg,9
Forest/Forest_1936.jpg,1
Pasture/Pasture_1904.jpg,5
AnnualCrop/AnnualCrop_603.jpg,0
AnnualCrop/AnnualCrop_283.jpg,0
Industrial/Industrial_582.jpg,4
Pasture/Pasture_1137.jpg,5
River/River_1868.jpg,8
HerbaceousVegetation/HerbaceousVegetation_1771.jpg,2
Forest/Forest_540.jpg,1
Forest/Forest_2873.jpg,1
Residential/Residential_237.jpg,7
Industrial/Industrial_1862.jpg,4
River/River_1219.jpg,8
SeaLake/SeaLake_996.jpg,9
PermanentCrop/PermanentCrop_1567.jpg,6
SeaLake/SeaLake_1822.jpg,9
River/River_1013.jpg,8
Highway/Highway_2469.jpg,3
Residential/Residential_1864.jpg,7
Residential/Residential_210.jpg,7
Industrial/Industrial_854.jpg,4
HerbaceousVegetation/HerbaceousVegetation_1636.jpg,2
Forest/Forest_1131.jpg,1
PermanentCrop/PermanentCrop_2369.jpg,6
HerbaceousVegetation/HerbaceousVegetation_1817.jpg,2
PermanentCrop/PermanentCrop_928.jpg,6
SeaLake/SeaLake_2109.jpg,9
River/River_768.jpg,8
Highway/Highway_1025.jpg,3
Highway/Highway_584.jpg,3
River/River_1205.jpg,8
Pasture/Pasture_1202.jpg,5
Forest/Forest_162.jpg,1
Industrial/Industrial_1492.jpg,4
PermanentCrop/PermanentCrop_252.jpg,6
Residential/Residential_849.jpg,7
Forest/Forest_1049.jpg,1
SeaLake/SeaLake_2206.jpg,9
HerbaceousVegetation/HerbaceousVegetation_1786.jpg,2
SeaLake/SeaLake_2467.jpg,9
Pasture/Pasture_1602.jpg,5
River/River_1699.jpg,8
Pasture/Pasture_1261.jpg,5
Residential/Residential_77.jpg,7
AnnualCrop/AnnualCrop_2864.jpg,0
Industrial/Industrial_98.jpg,4
Highway/Highway_1836.jpg,3
Residential/Residential_1361.jpg,7
Highway/Highway_2076.jpg,3
Highway/Highway_1622.jpg,3
Industrial/Industrial_717.jpg,4
HerbaceousVegetation/HerbaceousVegetation_1148.jpg,2
Forest/Forest_2404.jpg,1
Industrial/Industrial_2163.jpg,4
River/River_2164.jpg,8
Pasture/Pasture_339.jpg,5
Highway/Highway_2397.jpg,3
Highway/Highway_1940.jpg,3
AnnualCrop/AnnualCrop_2073.jpg,0
Highway/Highway_1011.jpg,3
Pasture/Pasture_917.jpg,5
HerbaceousVegetation/HerbaceousVegetation_1866.jpg,2
Forest/Forest_1196.jpg,1
HerbaceousVegetation/HerbaceousVegetation_164.jpg,2
Pasture/Pasture_1577.jpg,5
Forest/Forest_1077.jpg,1
Residential/Residential_833.jpg,7
PermanentCrop/PermanentCrop_1370.jpg,6
HerbaceousVegetation/HerbaceousVegetation_243.jpg,2
Residential/Residential_2543.jpg,7
Forest/Forest_1856.jpg,1
Forest/Forest_1739.jpg,1
River/River_2010.jpg,8
PermanentCrop/PermanentCrop_1211.jpg,6
Industrial/Industrial_1936.jpg,4
River/River_1446.jpg,8
HerbaceousVegetation/HerbaceousVegetation_2226.jpg,2
AnnualCrop/AnnualCrop_573.jpg,0
PermanentCrop/PermanentCrop_1717.jpg,6
Highway/Highway_248.jpg,3
AnnualCrop/AnnualCrop_1560.jpg,0
HerbaceousVegetation/HerbaceousVegetation_859.jpg,2
PermanentCrop/PermanentCrop_177.jpg,6
Residential/Residential_1050.jpg,7
Industrial/Industrial_1886.jpg,4
Highway/Highway_2026.jpg,3
SeaLake/SeaLake_1025.jpg,9
AnnualCrop/AnnualCrop_756.jpg,0
River/River_264.jpg,8
HerbaceousVegetation/HerbaceousVegetation_468.jpg,2
Residential/Residential_1718.jpg,7
PermanentCrop/PermanentCrop_1644.jpg,6
Highway/Highway_962.jpg,3
Forest/Forest_224.jpg,1
Highway/Highway_1516.jpg,3
SeaLake/SeaLake_142.jpg,9
HerbaceousVegetation/HerbaceousVegetation_284.jpg,2
HerbaceousVegetation/HerbaceousVegetation_2781.jpg,2
HerbaceousVegetation/HerbaceousVegetation_796.jpg,2
AnnualCrop/AnnualCrop_279.jpg,0
HerbaceousVegetation/HerbaceousVegetation_1108.jpg,2
Industrial/Industrial_779.jpg,4
Residential/Residential_1683.jpg,7
Industrial/Industrial_1723.jpg,4
Industrial/Industrial_1282.jpg,4
PermanentCrop/PermanentCrop_10.jpg,6
SeaLake/SeaLake_29.jpg,9
Forest/Forest_1365.jpg,1
AnnualCrop/AnnualCrop_2150.jpg,0
Pasture/Pasture_1844.jpg,5
Residential/Residential_1135.jpg,7
SeaLake/SeaLake_2850.jpg,9
Pasture/Pasture_1233.jpg,5
River/River_1879.jpg,8
Industrial/Industrial_839.jpg,4
HerbaceousVegetation/HerbaceousVegetation_1897.jpg,2
Industrial/Industrial_662.jpg,4
Pasture/Pasture_1910.jpg,5
Residential/Residential_636.jpg,7
Residential/Residential_1246.jpg,7
PermanentCrop/PermanentCrop_353.jpg,6
Forest/Forest_1701.jpg,1
HerbaceousVegetation/HerbaceousVegetation_2189.jpg,2
Highway/Highway_820.jpg,3
Forest/Forest_563.jpg,1
Highway/Highway_504.jpg,3
Residential/Residential_44.jpg,7
Residential/Residential_1064.jpg,7
Highway/Highway_2215.jpg,3
PermanentCrop/PermanentCrop_2152.jpg,6
AnnualCrop/AnnualCrop_1187.jpg,0
AnnualCrop/AnnualCrop_350.jpg,0
HerbaceousVegetation/HerbaceousVegetation_772.jpg,2
AnnualCrop/AnnualCrop_851.jpg,0
Pasture/Pasture_743.jpg,5
PermanentCrop/PermanentCrop_1914.jpg,6
AnnualCrop/AnnualCrop_1954.jpg,0
Residential/Residential_1166.jpg,7
Forest/Forest_1792.jpg,1
Industrial/Industrial_986.jpg,4
HerbaceousVegetation/HerbaceousVegetation_2382.jpg,2
Highway/Highway_2377.jpg,3
PermanentCrop/PermanentCrop_792.jpg,6
PermanentCrop/PermanentCrop_379.jpg,6
SeaLake/SeaLake_565.jpg,9
Pasture/Pasture_1353.jpg,5
AnnualCrop/AnnualCrop_638.jpg,0
HerbaceousVegetation/HerbaceousVegetation_2117.jpg,2
AnnualCrop/AnnualCrop_2555.jpg,0
SeaLake/SeaLake_1318.jpg,9
PermanentCrop/PermanentCrop_1545.jpg,6
HerbaceousVegetation/HerbaceousVegetation_2200.jpg,2
Residential/Residential_2899.jpg,7
SeaLake/SeaLake_1068.jpg,9
Highway/Highway_2387.jpg,3
Residential/Residential_736.jpg,7
HerbaceousVegetation/HerbaceousVegetation_1446.jpg,2
SeaLake/SeaLake_723.jpg,9
HerbaceousVegetation/HerbaceousVegetation_1124.jpg,2
SeaLake/SeaLake_1459.jpg,9
Industrial/Industrial_1491.jpg,4
River/River_695.jpg,8
PermanentCrop/PermanentCrop_2405.jpg,6
Residential/Residential_2505.jpg,7
Residential/Residential_4.jpg,7
Forest/Forest_311.jpg,1
Highway/Highway_2436.jpg,3
Highway/Highway_2252.jpg,3
Forest/Forest_830.jpg,1
River/River_679.jpg,8
Forest/Forest_1130.jpg,1
HerbaceousVegetation/HerbaceousVegetation_1879.jpg,2
Residential/Residential_1451.jpg,7
SeaLake/SeaLake_697.jpg,9
Forest/Forest_2131.jpg,1
PermanentCrop/PermanentCrop_1741.jpg,6
HerbaceousVegetation/HerbaceousVegetation_1272.jpg,2
SeaLake/SeaLake_122.jpg,9
HerbaceousVegetation/HerbaceousVegetation_1220.jpg,2
Pasture/Pasture_1273.jpg,5
Highway/Highway_1131.jpg,3
Highway/Highway_2348.jpg,3
SeaLake/SeaLake_561.jpg,9
SeaLake/SeaLake_406.jpg,9
Industrial/Industrial_1163.jpg,4
AnnualCrop/AnnualCrop_2724.jpg,0
HerbaceousVegetation/HerbaceousVegetation_1305.jpg,2
River/River_1618.jpg,8
Industrial/Industrial_1857.jpg,4
Highway/Highway_332.jpg,3
River/River_2408.jpg,8
AnnualCrop/AnnualCrop_2136.jpg,0
Pasture/Pasture_765.jpg,5
SeaLake/SeaLake_650.jpg,9
SeaLake/SeaLake_1944.jpg,9
Pasture/Pasture_554.jpg,5
AnnualCrop/AnnualCrop_234.jpg,0
HerbaceousVegetation/HerbaceousVegetation_2548.jpg,2
HerbaceousVegetation/HerbaceousVegetation_1320.jpg,2
Highway/Highway_489.jpg,3
Forest/Forest_2825.jpg,1
HerbaceousVegetation/HerbaceousVegetation_1830.jpg,2
SeaLake/SeaLake_2509.jpg,9
SeaLake/SeaLake_2295.jpg,9
PermanentCrop/PermanentCrop_267.jpg,6
Residential/Residential_2317.jpg,7
Residential/Residential_1336.jpg,7
Highway/Highway_2324.jpg,3
HerbaceousVegetation/HerbaceousVegetation_1062.jpg,2
Forest/Forest_2441.jpg,1
Forest/Forest_1485.jpg,1
AnnualCrop/AnnualCrop_1793.jpg,0
Industrial/Industrial_1390.jpg,4
SeaLake/SeaLake_2301.jpg,9
Highway/Highway_1166.jpg,3
Pasture/Pasture_1410.jpg,5
SeaLake/SeaLake_514.jpg,9
Highway/Highway_1453.jpg,3
Residential/Residential_1197.jpg,7
PermanentCrop/PermanentCrop_1340.jpg,6
HerbaceousVegetation/HerbaceousVegetation_668.jpg,2
AnnualCrop/AnnualCrop_1077.jpg,0
HerbaceousVegetation/HerbaceousVegetation_756.jpg,2
HerbaceousVegetation/HerbaceousVegetation_2856.jpg,2
Residential/Residential_2171.jpg,7
River/River_383.jpg,8
HerbaceousVegetation/HerbaceousVegetation_2301.jpg,2
Pasture/Pasture_424.jpg,5
AnnualCrop/AnnualCrop_323.jpg,0
AnnualCrop/AnnualCrop_2913.jpg,0
AnnualCrop/AnnualCrop_665.jpg,0
River/River_2305.jpg,8
PermanentCrop/PermanentCrop_2059.jpg,6
Residential/Residential_2191.jpg,7
HerbaceousVegetation/HerbaceousVegetation_5.jpg,2
AnnualCrop/AnnualCrop_1090.jpg,0
River/River_66.jpg,8
PermanentCrop/PermanentCrop_1056.jpg,6
Highway/Highway_727.jpg,3
Highway/Highway_145.jpg,3
River/River_951.jpg,8
Forest/Forest_807.jpg,1
AnnualCrop/AnnualCrop_550.jpg,0
HerbaceousVegetation/HerbaceousVegetation_1642.jpg,2
River/River_358.jpg,8
SeaLake/SeaLake_1835.jpg,9
Pasture/Pasture_779.jpg,5
AnnualCrop/AnnualCrop_1152.jpg,0
Residential/Residential_1764.jpg,7
Pasture/Pasture_283.jpg,5
Industrial/Industrial_2267.jpg,4
HerbaceousVegetation/HerbaceousVegetation_296.jpg,2
Industrial/Industrial_1733.jpg,4
Industrial/Industrial_2305.jpg,4
Pasture/Pasture_1159.jpg,5
River/River_1588.jpg,8
Pasture/Pasture_1162.jpg,5
HerbaceousVegetation/HerbaceousVegetation_641.jpg,2
SeaLake/SeaLake_528.jpg,9
Pasture/Pasture_1951.jpg,5
HerbaceousVegetation/HerbaceousVegetation_1436.jpg,2
PermanentCrop/PermanentCrop_13.jpg,6
River/River_1639.jpg,8
SeaLake/SeaLake_1259.jpg,9
Highway/Highway_1422.jpg,3
PermanentCrop/PermanentCrop_491.jpg,6
Forest/Forest_1046.jpg,1
Industrial/Industrial_671.jpg,4
Industrial/Industrial_1975.jpg,4
Forest/Forest_1565.jpg,1
HerbaceousVegetation/HerbaceousVegetation_2129.jpg,2
AnnualCrop/AnnualCrop_2766.jpg,0
Forest/Forest_523.jpg,1
PermanentCrop/PermanentCrop_1621.jpg,6
Residential/Residential_761.jpg,7
Residential/Residential_1971.jpg,7
Pasture/Pasture_1730.jpg,5
Forest/Forest_2817.jpg,1
AnnualCrop/AnnualCrop_2268.jpg,0
Highway/Highway_264.jpg,3
SeaLake/SeaLake_1487.jpg,9
Forest/Forest_2560.jpg,1
PermanentCrop/PermanentCrop_1230.jpg,6
AnnualCrop/AnnualCrop_1645.jpg,0
Forest/Forest_924.jpg,1
River/River_260.jpg,8
Forest/Forest_2580.jpg,1
Residential/Residential_709.jpg,7
Industrial/Industrial_476.jpg,4
SeaLake/SeaLake_1555.jpg,9
PermanentCrop/PermanentCrop_562.jpg,6
Residential/Residential_2669.jpg,7
Residential/Residential_1703.jpg,7
Residential/Residential_1325.jpg,7
SeaLake/SeaLake_1982.jpg,9
HerbaceousVegetation/HerbaceousVegetation_241.jpg,2
Highway/Highway_80.jpg,3
Industrial/Industrial_340.jpg,4
Forest/Forest_1264.jpg,1
Forest/Forest_2871.jpg,1
River/River_2312.jpg,8
Forest/Forest_1439.jpg,1
Industrial/Industrial_1639.jpg,4
Pasture/Pasture_1336.jpg,5
Residential/Residential_2147.jpg,7
Forest/Forest_2696.jpg,1
River/River_1365.jpg,8
Residential/Residential_530.jpg,7
Forest/Forest_1205.jpg,1
HerbaceousVegetation/HerbaceousVegetation_2581.jpg,2
HerbaceousVegetation/HerbaceousVegetation_2758.jpg,2
Forest/Forest_1073.jpg,1
PermanentCrop/PermanentCrop_1720.jpg,6
Pasture/Pasture_456.jpg,5
Residential/Residential_2979.jpg,7
PermanentCrop/PermanentCrop_803.jpg,6
Pasture/Pasture_1526.jpg,5
Residential/Residential_2630.jpg,7
Highway/Highway_1179.jpg,3
Residential/Residential_762.jpg,7
Forest/Forest_2877.jpg,1
HerbaceousVegetation/HerbaceousVegetation_1461.jpg,2
AnnualCrop/AnnualCrop_3.jpg,0
PermanentCrop/PermanentCrop_2284.jpg,6
PermanentCrop/PermanentCrop_1308.jpg,6
Highway/Highway_2251.jpg,3
Pasture/Pasture_1714.jpg,5
HerbaceousVegetation/HerbaceousVegetation_1449.jpg,2
SeaLake/SeaLake_684.jpg,9
AnnualCrop/AnnualCrop_2398.jpg,0
River/River_174.jpg,8
Highway/Highway_2140.jpg,3
Industrial/Industrial_2313.jpg,4
SeaLake/SeaLake_497.jpg,9
Residential/Residential_797.jpg,7
HerbaceousVegetation/HerbaceousVegetation_464.jpg,2
Pasture/Pasture_1528.jpg,5
PermanentCrop/PermanentCrop_2451.jpg,6
River/River_1698.jpg,8
PermanentCrop/PermanentCrop_327.jpg,6
Pasture/Pasture_71.jpg,5
Industrial/Industrial_232.jpg,4
Highway/Highway_1347.jpg,3
Forest/Forest_2088.jpg,1
SeaLake/SeaLake_2860.jpg,9
SeaLake/SeaLake_989.jpg,9
SeaLake/SeaLake_2834.jpg,9
Industrial/Industrial_1958.jpg,4
SeaLake/SeaLake_1270.jpg,9
AnnualCrop/AnnualCrop_506.jpg,0
Forest/Forest_1809.jpg,1
SeaLake/SeaLake_1932.jpg,9
HerbaceousVegetation/HerbaceousVegetation_2597.jpg,2
AnnualCrop/AnnualCrop_2079.jpg,0
SeaLake/SeaLake_143.jpg,9
HerbaceousVegetation/HerbaceousVegetation_2054.jpg,2
AnnualCrop/AnnualCrop_239.jpg,0
River/River_2090.jpg,8
HerbaceousVegetation/HerbaceousVegetation_2499.jpg,2
SeaLake/SeaLake_111.jpg,9
SeaLake/SeaLake_801.jpg,9
Forest/Forest_1511.jpg,1
Forest/Forest_2937.jpg,1
Residential/Residential_1.jpg,7
Industrial/Industrial_2330.jpg,4
Industrial/Industrial_395.jpg,4
SeaLake/SeaLake_2161.jpg,9
Forest/Forest_1991.jpg,1
Forest/Forest_127.jpg,1
Pasture/Pasture_427.jpg,5
Forest/Forest_2597.jpg,1
Forest/Forest_740.jpg,1
Residential/Residential_2274.jpg,7
Forest/Forest_1958.jpg,1
Residential/Residential_1734.jpg,7
AnnualCrop/AnnualCrop_1681.jpg,0
Forest/Forest_1766.jpg,1
Residential/Residential_1797.jpg,7
Forest/Forest_1267.jpg,1
PermanentCrop/PermanentCrop_312.jpg,6
Highway/Highway_1238.jpg,3
River/River_1889.jpg,8
Residential/Residential_170.jpg,7
Pasture/Pasture_770.jpg,5
HerbaceousVegetation/HerbaceousVegetation_2210.jpg,2
AnnualCrop/AnnualCrop_2055.jpg,0
SeaLake/SeaLake_324.jpg,9
PermanentCrop/PermanentCrop_802.jpg,6
Industrial/Industrial_2014.jpg,4
Highway/Highway_1691.jpg,3
Highway/Highway_876.jpg,3
Forest/Forest_2499.jpg,1
SeaLake/SeaLake_2173.jpg,9
Residential/Residential_1662.jpg,7
Industrial/Industrial_2235.jpg,4
Pasture/Pasture_1839.jpg,5
River/River_2390.jpg,8
SeaLake/SeaLake_1688.jpg,9
Residential/Residential_1624.jpg,7
Forest/Forest_1174.jpg,1
Highway/Highway_740.jpg,3
SeaLake/SeaLake_67.jpg,9
Forest/Forest_2043.jpg,1
Highway/Highway_1431.jpg,3
Pasture/Pasture_737.jpg,5
Forest/Forest_738.jpg,1
Pasture/Pasture_372.jpg,5
Pasture/Pasture_1623.jpg,5
Pasture/Pasture_325.jpg,5
HerbaceousVegetation/HerbaceousVegetation_2221.jpg,2
AnnualCrop/AnnualCrop_341.jpg,0
AnnualCrop/AnnualCrop_1660.jpg,0
Highway/Highway_1457.jpg,3
Residential/Residential_1044.jpg,7
HerbaceousVegetation/HerbaceousVegetation_1954.jpg,2
AnnualCrop/AnnualCrop_1756.jpg,0
Highway/Highway_2112.jpg,3
AnnualCrop/AnnualCrop_2276.jpg,0
River/River_406.jpg,8
AnnualCrop/AnnualCrop_2317.jpg,0
SeaLake/SeaLake_2108.jpg,9
SeaLake/SeaLake_851.jpg,9
SeaLake/SeaLake_152.jpg,9
Residential/Residential_1136.jpg,7
PermanentCrop/PermanentCrop_835.jpg,6
HerbaceousVegetation/HerbaceousVegetation_660.jpg,2
River/River_1221.jpg,8
Industrial/Industrial_2388.jpg,4
River/River_1956.jpg,8
SeaLake/SeaLake_462.jpg,9
HerbaceousVegetation/HerbaceousVegetation_1517.jpg,2
Industrial/Industrial_2257.jpg,4
PermanentCrop/PermanentCrop_2094.jpg,6
HerbaceousVegetation/HerbaceousVegetation_1184.jpg,2
PermanentCrop/PermanentCrop_910.jpg,6
PermanentCrop/PermanentCrop_71.jpg,6
River/River_2270.jpg,8
SeaLake/SeaLake_1448.jpg,9
HerbaceousVegetation/HerbaceousVegetation_326.jpg,2
River/River_746.jpg,8
SeaLake/SeaLake_863.jpg,9
HerbaceousVegetation/HerbaceousVegetation_1500.jpg,2
Forest/Forest_185.jpg,1
HerbaceousVegetation/HerbaceousVegetation_2635.jpg,2
Forest/Forest_713.jpg,1
Highway/Highway_660.jpg,3
River/River_984.jpg,8
PermanentCrop/PermanentCrop_2383.jpg,6
SeaLake/SeaLake_2993.jpg,9
Highway/Highway_1858.jpg,3
SeaLake/SeaLake_2962.jpg,9
Forest/Forest_2455.jpg,1
Forest/Forest_2150.jpg,1
Pasture/Pasture_499.jpg,5
Residential/Residential_1185.jpg,7
SeaLake/SeaLake_1805.jpg,9
SeaLake/SeaLake_337.jpg,9
HerbaceousVegetation/HerbaceousVegetation_97.jpg,2
Industrial/Industrial_1705.jpg,4
PermanentCrop/PermanentCrop_594.jpg,6
AnnualCrop/AnnualCrop_1094.jpg,0
Residential/Residential_2775.jpg,7
AnnualCrop/AnnualCrop_395.jpg,0
PermanentCrop/PermanentCrop_2048.jpg,6
Highway/Highway_1527.jpg,3
PermanentCrop/PermanentCrop_791.jpg,6
River/River_1733.jpg,8
HerbaceousVegetation/HerbaceousVegetation_1654.jpg,2
Forest/Forest_1825.jpg,1
PermanentCrop/PermanentCrop_962.jpg,6
Pasture/Pasture_1449.jpg,5
HerbaceousVegetation/HerbaceousVegetation_1416.jpg,2
Industrial/Industrial_99.jpg,4
Forest/Forest_222.jpg,1
River/River_814.jpg,8
Residential/Residential_1858.jpg,7
Residential/Residential_2177.jpg,7
AnnualCrop/AnnualCrop_359.jpg,0
Forest/Forest_1051.jpg,1
HerbaceousVegetation/HerbaceousVegetation_1216.jpg,2
Residential/Residential_232.jpg,7
Residential/Residential_2260.jpg,7
Forest/Forest_2461.jpg,1
River/River_548.jpg,8
Residential/Residential_592.jpg,7
Industrial/Industrial_526.jpg,4
SeaLake/SeaLake_2448.jpg,9
SeaLake/SeaLake_2393.jpg,9
HerbaceousVegetation/HerbaceousVegetation_2491.jpg,2
Industrial/Industrial_2347.jpg,4
Highway/Highway_1513.jpg,3
Residential/Residential_2890.jpg,7
Highway/Highway_810.jpg,3
Forest/Forest_829.jpg,1
PermanentCrop/PermanentCrop_925.jpg,6
Forest/Forest_957.jpg,1
River/River_797.jpg,8
AnnualCrop/AnnualCrop_296.jpg,0
Pasture/Pasture_549.jpg,5
Highway/Highway_311.jpg,3
HerbaceousVegetation/HerbaceousVegetation_679.jpg,2
AnnualCrop/AnnualCrop_169.jpg,0
HerbaceousVegetation/HerbaceousVegetation_2570.jpg,2
Residential/Residential_1346.jpg,7
PermanentCrop/PermanentCrop_1415.jpg,6
Residential/Residential_2054.jpg,7
Residential/Residential_1340.jpg,7
Pasture/Pasture_935.jpg,5
Forest/Forest_624.jpg,1
Residential/Residential_2180.jpg,7
Industrial/Industrial_1692.jpg,4
AnnualCrop/AnnualCrop_1436.jpg,0
Forest/Forest_586.jpg,1
Pasture/Pasture_347.jpg,5
River/River_1424.jpg,8
AnnualCrop/AnnualCrop_560.jpg,0
PermanentCrop/PermanentCrop_945.jpg,6
AnnualCrop/AnnualCrop_2305.jpg,0
HerbaceousVegetation/HerbaceousVegetation_1210.jpg,2
Forest/Forest_1588.jpg,1
Forest/Forest_18.jpg,1
Industrial/Industrial_1249.jpg,4
HerbaceousVegetation/HerbaceousVegetation_2947.jpg,2
River/River_1873.jpg,8
Pasture/Pasture_588.jpg,5
HerbaceousVegetation/HerbaceousVegetation_1271.jpg,2
Forest/Forest_2614.jpg,1
Residential/Residential_1821.jpg,7
Forest/Forest_1879.jpg,1
AnnualCrop/AnnualCrop_173.jpg,0
AnnualCrop/AnnualCrop_2973.jpg,0
River/River_1850.jpg,8
HerbaceousVegetation/HerbaceousVegetation_32.jpg,2
HerbaceousVegetation/HerbaceousVegetation_546.jpg,2
AnnualCrop/AnnualCrop_2508.jpg,0
PermanentCrop/PermanentCrop_200.jpg,6
PermanentCrop/PermanentCrop_63.jpg,6
Highway/Highway_2290.jpg,3
HerbaceousVegetation/HerbaceousVegetation_1484.jpg,2
HerbaceousVegetation/HerbaceousVegetation_1380.jpg,2
PermanentCrop/PermanentCrop_294.jpg,6
Residential/Residential_2999.jpg,7
Residential/Residential_1886.jpg,7
Highway/Highway_985.jpg,3
Residential/Residential_71.jpg,7
Industrial/Industrial_963.jpg,4
Industrial/Industrial_321.jpg,4
Industrial/Industrial_195.jpg,4
Industrial/Industrial_2161.jpg,4
Forest/Forest_528.jpg,1
Forest/Forest_1438.jpg,1
River/River_1151.jpg,8
HerbaceousVegetation/HerbaceousVegetation_1915.jpg,2
SeaLake/SeaLake_2895.jpg,9
AnnualCrop/AnnualCrop_1920.jpg,0
HerbaceousVegetation/HerbaceousVegetation_127.jpg,2
Residential/Residential_2724.jpg,7
Highway/Highway_887.jpg,3
AnnualCrop/AnnualCrop_2016.jpg,0
SeaLake/SeaLake_2343.jpg,9
AnnualCrop/AnnualCrop_822.jpg,0
SeaLake/SeaLake_1720.jpg,9
Highway/Highway_152.jpg,3
Residential/Residential_2133.jpg,7
Pasture/Pasture_1723.jpg,5
Industrial/Industrial_2466.jpg,4
Forest/Forest_777.jpg,1
River/River_871.jpg,8
Forest/Forest_1024.jpg,1
HerbaceousVegetation/HerbaceousVegetation_2098.jpg,2
PermanentCrop/PermanentCrop_445.jpg,6
Industrial/Industrial_618.jpg,4
Forest/Forest_1837.jpg,1
Highway/Highway_1925.jpg,3
Industrial/Industrial_2269.jpg,4
River/River_569.jpg,8
River/River_1500.jpg,8
HerbaceousVegetation/HerbaceousVegetation_1773.jpg,2
Pasture/Pasture_1019.jpg,5
Highway/Highway_1907.jpg,3
River/River_2259.jpg,8
SeaLake/SeaLake_947.jpg,9
Pasture/Pasture_249.jpg,5
Forest/Forest_256.jpg,1
SeaLake/SeaLake_1577.jpg,9
SeaLake/SeaLake_957.jpg,9
HerbaceousVegetation/HerbaceousVegetation_720.jpg,2
River/River_1079.jpg,8
AnnualCrop/AnnualCrop_2645.jpg,0
AnnualCrop/AnnualCrop_2882.jpg,0
Pasture/Pasture_1352.jpg,5
Forest/Forest_2201.jpg,1
HerbaceousVegetation/HerbaceousVegetation_72.jpg,2
Residential/Residential_1170.jpg,7
AnnualCrop/AnnualCrop_2829.jpg,0
Highway/Highway_483.jpg,3
PermanentCrop/PermanentCrop_1760.jpg,6
Residential/Residential_635.jpg,7
PermanentCrop/PermanentCrop_1695.jpg,6
AnnualCrop/AnnualCrop_2513.jpg,0
HerbaceousVegetation/HerbaceousVegetation_2729.jpg,2
Industrial/Industrial_1133.jpg,4
AnnualCrop/AnnualCrop_1140.jpg,0
AnnualCrop/AnnualCrop_190.jpg,0
Forest/Forest_271.jpg,1
Residential/Residential_2216.jpg,7
Industrial/Industrial_260.jpg,4
River/River_1182.jpg,8
SeaLake/SeaLake_298.jpg,9
Highway/Highway_1797.jpg,3
Industrial/Industrial_2225.jpg,4
AnnualCrop/AnnualCrop_2204.jpg,0
Forest/Forest_82.jpg,1
PermanentCrop/PermanentCrop_99.jpg,6
HerbaceousVegetation/HerbaceousVegetation_1450.jpg,2
SeaLake/SeaLake_154.jpg,9
PermanentCrop/PermanentCrop_1563.jpg,6
Forest/Forest_2259.jpg,1
AnnualCrop/AnnualCrop_644.jpg,0
PermanentCrop/PermanentCrop_1537.jpg,6
River/River_2472.jpg,8
River/River_963.jpg,8
PermanentCrop/PermanentCrop_1653.jpg,6
Highway/Highway_929.jpg,3
River/River_2389.jpg,8
SeaLake/SeaLake_720.jpg,9
PermanentCrop/PermanentCrop_1247.jpg,6
Highway/Highway_2309.jpg,3
River/River_287.jpg,8
Residential/Residential_2088.jpg,7
River/River_1056.jpg,8
River/River_396.jpg,8
PermanentCrop/PermanentCrop_751.jpg,6
AnnualCrop/AnnualCrop_154.jpg,0
AnnualCrop/AnnualCrop_1233.jpg,0
AnnualCrop/AnnualCrop_178.jpg,0
River/River_2482.jpg,8
PermanentCrop/PermanentCrop_2109.jpg,6
Highway/Highway_642.jpg,3
River/River_1571.jpg,8
AnnualCrop/AnnualCrop_1712.jpg,0
Forest/Forest_1621.jpg,1
Highway/Highway_1134.jpg,3
Highway/Highway_2115.jpg,3
AnnualCrop/AnnualCrop_2940.jpg,0
PermanentCrop/PermanentCrop_148.jpg,6
PermanentCrop/PermanentCrop_2225.jpg,6
AnnualCrop/AnnualCrop_884.jpg,0
Residential/Residential_502.jpg,7
PermanentCrop/PermanentCrop_619.jpg,6
Forest/Forest_440.jpg,1
Residential/Residential_1509.jpg,7
Highway/Highway_1226.jpg,3
HerbaceousVegetation/HerbaceousVegetation_1870.jpg,2
AnnualCrop/AnnualCrop_101.jpg,0
AnnualCrop/AnnualCrop_1941.jpg,0
Forest/Forest_768.jpg,1
River/River_1726.jpg,8
River/River_1502.jpg,8
Industrial/Industrial_1518.jpg,4
HerbaceousVegetation/HerbaceousVegetation_801.jpg,2
HerbaceousVegetation/HerbaceousVegetation_586.jpg,2
River/River_425.jpg,8
HerbaceousVegetation/HerbaceousVegetation_1491.jpg,2
Residential/Residential_2564.jpg,7
Residential/Residential_105.jpg,7
Residential/Residential_2030.jpg,7
River/River_1439.jpg,8
SeaLake/SeaLake_226.jpg,9
Industrial/Industrial_290.jpg,4
Forest/Forest_725.jpg,1
Forest/Forest_1106.jpg,1
River/River_1456.jpg,8
Highway/Highway_1861.jpg,3
AnnualCrop/AnnualCrop_241.jpg,0
HerbaceousVegetation/HerbaceousVegetation_261.jpg,2
Pasture/Pasture_822.jpg,5
River/River_2118.jpg,8
Residential/Residential_185.jpg,7
Industrial/Industrial_1480.jpg,4
Pasture/Pasture_243.jpg,5
Highway/Highway_1087.jpg,3
Pasture/Pasture_1715.jpg,5
HerbaceousVegetation/HerbaceousVegetation_1014.jpg,2
Industrial/Industrial_965.jpg,4
HerbaceousVegetation/HerbaceousVegetation_1003.jpg,2
HerbaceousVegetation/HerbaceousVegetation_14.jpg,2
River/River_656.jpg,8
PermanentCrop/PermanentCrop_618.jpg,6
Forest/Forest_2082.jpg,1
Residential/Residential_2946.jpg,7
Residential/Residential_1001.jpg,7
PermanentCrop/PermanentCrop_153.jpg,6
HerbaceousVegetation/HerbaceousVegetation_728.jpg,2
AnnualCrop/AnnualCrop_132.jpg,0
Highway/Highway_124.jpg,3
SeaLake/SeaLake_1502.jpg,9
PermanentCrop/PermanentCrop_1961.jpg,6
HerbaceousVegetation/HerbaceousVegetation_2875.jpg,2
Industrial/Industrial_1144.jpg,4
Residential/Residential_2586.jpg,7
Forest/Forest_958.jpg,1
Industrial/Industrial_1248.jpg,4
Pasture/Pasture_1146.jpg,5
HerbaceousVegetation/HerbaceousVegetation_2696.jpg,2
Highway/Highway_387.jpg,3
Highway/Highway_54.jpg,3
AnnualCrop/AnnualCrop_1107.jpg,0
AnnualCrop/AnnualCrop_421.jpg,0
PermanentCrop/PermanentCrop_2303.jpg,6
Industrial/Industrial_535.jpg,4
HerbaceousVegetation/HerbaceousVegetation_2190.jpg,2
AnnualCrop/AnnualCrop_1938.jpg,0
Highway/Highway_1103.jpg,3
Forest/Forest_2447.jpg,1
HerbaceousVegetation/HerbaceousVegetation_2951.jpg,2
HerbaceousVegetation/HerbaceousVegetation_2074.jpg,2
Forest/Forest_51.jpg,1
Industrial/Industrial_30.jpg,4
HerbaceousVegetation/HerbaceousVegetation_380.jpg,2
SeaLake/SeaLake_375.jpg,9
Residential/Residential_2045.jpg,7
HerbaceousVegetation/HerbaceousVegetation_229.jpg,2
Forest/Forest_1627.jpg,1
AnnualCrop/AnnualCrop_1833.jpg,0
PermanentCrop/PermanentCrop_1708.jpg,6
Highway/Highway_1583.jpg,3
SeaLake/SeaLake_2798.jpg,9
HerbaceousVegetation/HerbaceousVegetation_2446.jpg,2
AnnualCrop/AnnualCrop_2181.jpg,0
River/River_458.jpg,8
Forest/Forest_2295.jpg,1
Pasture/Pasture_1053.jpg,5
Industrial/Industrial_1681.jpg,4
Pasture/Pasture_1779.jpg,5
HerbaceousVegetation/HerbaceousVegetation_2403.jpg,2
HerbaceousVegetation/HerbaceousVegetation_273.jpg,2
Highway/Highway_1844.jpg,3
River/River_1906.jpg,8
HerbaceousVegetation/HerbaceousVegetation_2739.jpg,2
PermanentCrop/PermanentCrop_2480.jpg,6
HerbaceousVegetation/HerbaceousVegetation_2808.jpg,2
HerbaceousVegetation/HerbaceousVegetation_1431.jpg,2
HerbaceousVegetation/HerbaceousVegetation_786.jpg,2
SeaLake/SeaLake_1652.jpg,9
Industrial/Industrial_2134.jpg,4
Forest/Forest_985.jpg,1
Forest/Forest_2500.jpg,1
Residential/Residential_1068.jpg,7
SeaLake/SeaLake_2102.jpg,9
HerbaceousVegetation/HerbaceousVegetation_2162.jpg,2
Residential/Residential_2185.jpg,7
Forest/Forest_2437.jpg,1
AnnualCrop/AnnualCrop_297.jpg,0
Pasture/Pasture_1581.jpg,5
Forest/Forest_1464.jpg,1
Industrial/Industrial_2075.jpg,4
SeaLake/SeaLake_814.jpg,9
PermanentCrop/PermanentCrop_120.jpg,6
AnnualCrop/AnnualCrop_2042.jpg,0
Industrial/Industrial_1223.jpg,4
HerbaceousVegetation/HerbaceousVegetation_60.jpg,2
PermanentCrop/PermanentCrop_1494.jpg,6
Residential/Residential_705.jpg,7
PermanentCrop/PermanentCrop_1117.jpg,6
River/River_586.jpg,8
Residential/Residential_387.jpg,7
HerbaceousVegetation/HerbaceousVegetation_767.jpg,2
Industrial/Industrial_2358.jpg,4
Industrial/Industrial_729.jpg,4
Forest/Forest_2386.jpg,1
Industrial/Industrial_665.jpg,4
PermanentCrop/PermanentCrop_1993.jpg,6
PermanentCrop/PermanentCrop_171.jpg,6
Forest/Forest_1660.jpg,1
AnnualCrop/AnnualCrop_775.jpg,0
SeaLake/SeaLake_509.jpg,9
AnnualCrop/AnnualCrop_1588.jpg,0
SeaLake/SeaLake_1218.jpg,9
Industrial/Industrial_1011.jpg,4
Highway/Highway_1838.jpg,3
Pasture/Pasture_1048.jpg,5
AnnualCrop/AnnualCrop_292.jpg,0
SeaLake/SeaLake_2159.jpg,9
AnnualCrop/AnnualCrop_754.jpg,0
Highway/Highway_702.jpg,3
Residential/Residential_2557.jpg,7
SeaLake/SeaLake_390.jpg,9
AnnualCrop/AnnualCrop_2106.jpg,0
Industrial/Industrial_1003.jpg,4
River/River_187.jpg,8
PermanentCrop/PermanentCrop_305.jpg,6
PermanentCrop/PermanentCrop_1197.jpg,6
Industrial/Industrial_962.jpg,4
Residential/Residential_2982.jpg,7
AnnualCrop/AnnualCrop_673.jpg,0
Highway/Highway_2414.jpg,3
Industrial/Industrial_658.jpg,4
HerbaceousVegetation/HerbaceousVegetation_423.jpg,2
Residential/Residential_1716.jpg,7
Residential/Residential_1783.jpg,7
SeaLake/SeaLake_1685.jpg,9
Forest/Forest_1202.jpg,1
AnnualCrop/AnnualCrop_2165.jpg,0
SeaLake/SeaLake_735.jpg,9
Pasture/Pasture_416.jpg,5
Residential/Residential_2976.jpg,7
SeaLake/SeaLake_948.jpg,9
AnnualCrop/AnnualCrop_1958.jpg,0
AnnualCrop/AnnualCrop_2027.jpg,0
PermanentCrop/PermanentCrop_227.jpg,6
Forest/Forest_2766.jpg,1
Industrial/Industrial_1693.jpg,4
HerbaceousVegetation/HerbaceousVegetation_1348.jpg,2
River/River_1727.jpg,8
SeaLake/SeaLake_2659.jpg,9
Pasture/Pasture_1143.jpg,5
River/River_1788.jpg,8
AnnualCrop/AnnualCrop_492.jpg,0
Forest/Forest_2207.jpg,1
Highway/Highway_698.jpg,3
Industrial/Industrial_161.jpg,4
AnnualCrop/AnnualCrop_259.jpg,0
PermanentCrop/PermanentCrop_984.jpg,6
PermanentCrop/PermanentCrop_473.jpg,6
Industrial/Industrial_2098.jpg,4
AnnualCrop/AnnualCrop_1986.jpg,0
Forest/Forest_2537.jpg,1
Highway/Highway_1329.jpg,3
Forest/Forest_2505.jpg,1
Pasture/Pasture_925.jpg,5
Highway/Highway_233.jpg,3
Industrial/Industrial_421.jpg,4
Residential/Residential_540.jpg,7
Forest/Forest_2248.jpg,1
Pasture/Pasture_1075.jpg,5
HerbaceousVegetation/HerbaceousVegetation_2462.jpg,2
Highway/Highway_1580.jpg,3
HerbaceousVegetation/HerbaceousVegetation_2112.jpg,2
Industrial/Industrial_689.jpg,4
Forest/Forest_1697.jpg,1
SeaLake/SeaLake_1316.jpg,9
AnnualCrop/AnnualCrop_2153.jpg,0
Highway/Highway_943.jpg,3
PermanentCrop/PermanentCrop_590.jpg,6
River/River_2066.jpg,8
AnnualCrop/AnnualCrop_1818.jpg,0
Forest/Forest_2650.jpg,1
Residential/Residential_126.jpg,7
Industrial/Industrial_2096.jpg,4
River/River_120.jpg,8
Highway/Highway_328.jpg,3
SeaLake/SeaLake_1111.jpg,9
Industrial/Industrial_2244.jpg,4
Forest/Forest_960.jpg,1
Industrial/Industrial_924.jpg,4
SeaLake/SeaLake_934.jpg,9
Residential/Residential_1704.jpg,7
HerbaceousVegetation/HerbaceousVegetation_2154.jpg,2
Residential/Residential_2212.jpg,7
River/River_225.jpg,8
PermanentCrop/PermanentCrop_1751.jpg,6
Pasture/Pasture_1778.jpg,5
Industrial/Industrial_685.jpg,4
Industrial/Industrial_1738.jpg,4
Forest/Forest_275.jpg,1
Pasture/Pasture_1531.jpg,5
Industrial/Industrial_1188.jpg,4
Pasture/Pasture_1327.jpg,5
Residential/Residential_253.jpg,7
Highway/Highway_1108.jpg,3
Pasture/Pasture_475.jpg,5
AnnualCrop/AnnualCrop_2937.jpg,0
Industrial/Industrial_184.jpg,4
AnnualCrop/AnnualCrop_1825.jpg,0
Highway/Highway_947.jpg,3
HerbaceousVegetation/HerbaceousVegetation_553.jpg,2
Forest/Forest_762.jpg,1
HerbaceousVegetation/HerbaceousVegetation_1286.jpg,2
HerbaceousVegetation/HerbaceousVegetation_2430.jpg,2
AnnualCrop/AnnualCrop_750.jpg,0
AnnualCrop/AnnualCrop_865.jpg,0
HerbaceousVegetation/HerbaceousVegetation_1598.jpg,2
PermanentCrop/PermanentCrop_1131.jpg,6
Highway/Highway_249.jpg,3
PermanentCrop/PermanentCrop_1889.jpg,6
Pasture/Pasture_1475.jpg,5
HerbaceousVegetation/HerbaceousVegetation_2655.jpg,2
SeaLake/SeaLake_2049.jpg,9
Industrial/Industrial_2043.jpg,4
Pasture/Pasture_1950.jpg,5
Forest/Forest_195.jpg,1
Highway/Highway_699.jpg,3
Forest/Forest_2724.jpg,1
HerbaceousVegetation/HerbaceousVegetation_2884.jpg,2
Industrial/Industrial_289.jpg,4
SeaLake/SeaLake_2374.jpg,9
Forest/Forest_770.jpg,1
HerbaceousVegetation/HerbaceousVegetation_1418.jpg,2
Industrial/Industrial_1025.jpg,4
Pasture/Pasture_382.jpg,5
Pasture/Pasture_116.jpg,5
HerbaceousVegetation/HerbaceousVegetation_1312.jpg,2
Pasture/Pasture_25.jpg,5
Residential/Residential_685.jpg,7
River/River_551.jpg,8
Pasture/Pasture_1935.jpg,5
Industrial/Industrial_1881.jpg,4
HerbaceousVegetation/HerbaceousVegetation_1482.jpg,2
SeaLake/SeaLake_1713.jpg,9
AnnualCrop/AnnualCrop_749.jpg,0
Forest/Forest_1227.jpg,1
PermanentCrop/PermanentCrop_1731.jpg,6
Industrial/Industrial_1399.jpg,4
PermanentCrop/PermanentCrop_451.jpg,6
SeaLake/SeaLake_1364.jpg,9
SeaLake/SeaLake_1152.jpg,9
Residential/Residential_2944.jpg,7
Forest/Forest_1635.jpg,1
Forest/Forest_1556.jpg,1
HerbaceousVegetation/HerbaceousVegetation_2492.jpg,2
Forest/Forest_1595.jpg,1
Forest/Forest_1401.jpg,1
PermanentCrop/PermanentCrop_1101.jpg,6
HerbaceousVegetation/HerbaceousVegetation_355.jpg,2
HerbaceousVegetation/HerbaceousVegetation_1822.jpg,2
River/River_955.jpg,8
Highway/Highway_2256.jpg,3
Highway/Highway_632.jpg,3
River/River_472.jpg,8
Forest/Forest_2206.jpg,1
Highway/Highway_173.jpg,3
HerbaceousVegetation/HerbaceousVegetation_719.jpg,2
Pasture/Pasture_1983.jpg,5
AnnualCrop/AnnualCrop_824.jpg,0
Forest/Forest_2899.jpg,1
SeaLake/SeaLake_1700.jpg,9
Highway/Highway_1725.jpg,3
River/River_1637.jpg,8
AnnualCrop/AnnualCrop_2849.jpg,0
AnnualCrop/AnnualCrop_2632.jpg,0
Highway/Highway_2471.jpg,3
SeaLake/SeaLake_2594.jpg,9
SeaLake/SeaLake_2551.jpg,9
AnnualCrop/AnnualCrop_2922.jpg,0
Industrial/Industrial_444.jpg,4
PermanentCrop/PermanentCrop_1105.jpg,6
Industrial/Industrial_1670.jpg,4
SeaLake/SeaLake_2187.jpg,9
PermanentCrop/PermanentCrop_1306.jpg,6
SeaLake/SeaLake_567.jpg,9
Forest/Forest_2755.jpg,1
AnnualCrop/AnnualCrop_2358.jpg,0
Highway/Highway_111.jpg,3
AnnualCrop/AnnualCrop_785.jpg,0
River/River_1709.jpg,8
Industrial/Industrial_1760.jpg,4
Forest/Forest_1169.jpg,1
River/River_587.jpg,8
Residential/Residential_129.jpg,7
Industrial/Industrial_1240.jpg,4
River/River_805.jpg,8
River/River_1683.jpg,8
Highway/Highway_521.jpg,3
HerbaceousVegetation/HerbaceousVegetation_1471.jpg,2
PermanentCrop/PermanentCrop_1185.jpg,6
River/River_2371.jpg,8
HerbaceousVegetation/HerbaceousVegetation_2944.jpg,2
PermanentCrop/PermanentCrop_1659.jpg,6
Highway/Highway_2.jpg,3
HerbaceousVegetation/HerbaceousVegetation_2712.jpg,2
Pasture/Pasture_1148.jpg,5
SeaLake/SeaLake_1187.jpg,9
SeaLake/SeaLake_2524.jpg,9
Forest/Forest_2625.jpg,1
Forest/Forest_301.jpg,1
Pasture/Pasture_142.jpg,5
Forest/Forest_1600.jpg,1
AnnualCrop/AnnualCrop_277.jpg,0
Highway/Highway_658.jpg,3
AnnualCrop/AnnualCrop_1724.jpg,0
Pasture/Pasture_584.jpg,5
Forest/Forest_1248.jpg,1
River/River_2285.jpg,8
Pasture/Pasture_1892.jpg,5
PermanentCrop/PermanentCrop_263.jpg,6
PermanentCrop/PermanentCrop_2187.jpg,6
SeaLake/SeaLake_7.jpg,9
SeaLake/SeaLake_1063.jpg,9
Pasture/Pasture_47.jpg,5
River/River_109.jpg,8
Residential/Residential_1215.jpg,7
Residential/Residential_936.jpg,7
Forest/Forest_2608.jpg,1
AnnualCrop/AnnualCrop_2505.jpg,0
Residential/Residential_258.jpg,7
AnnualCrop/AnnualCrop_2024.jpg,0
HerbaceousVegetation/HerbaceousVegetation_1347.jpg,2
PermanentCrop/PermanentCrop_896.jpg,6
Pasture/Pasture_1592.jpg,5
Industrial/Industrial_1373.jpg,4
Forest/Forest_2317.jpg,1
Residential/Residential_2305.jpg,7
HerbaceousVegetation/HerbaceousVegetation_1007.jpg,2
AnnualCrop/AnnualCrop_1096.jpg,0
Residential/Residential_993.jpg,7
HerbaceousVegetation/HerbaceousVegetation_2768.jpg,2
HerbaceousVegetation/HerbaceousVegetation_1078.jpg,2
PermanentCrop/PermanentCrop_1797.jpg,6
Forest/Forest_905.jpg,1
HerbaceousVegetation/HerbaceousVegetation_2717.jpg,2
River/River_100.jpg,8
HerbaceousVegetation/HerbaceousVegetation_151.jpg,2
Highway/Highway_1416.jpg,3
PermanentCrop/PermanentCrop_103.jpg,6
AnnualCrop/AnnualCrop_2548.jpg,0
Forest/Forest_2323.jpg,1
PermanentCrop/PermanentCrop_921.jpg,6
River/River_302.jpg,8
Forest/Forest_1782.jpg,1
Industrial/Industrial_1251.jpg,4
HerbaceousVegetation/HerbaceousVegetation_221.jpg,2
AnnualCrop/AnnualCrop_319.jpg,0
Pasture/Pasture_1452.jpg,5
Residential/Residential_2182.jpg,7
HerbaceousVegetation/HerbaceousVegetation_953.jpg,2
PermanentCrop/PermanentCrop_789.jpg,6
Industrial/Industrial_142.jpg,4
Industrial/Industrial_348.jpg,4
Residential/Residential_1012.jpg,7
SeaLake/SeaLake_1132.jpg,9
River/River_1987.jpg,8
Pasture/Pasture_404.jpg,5
AnnualCrop/AnnualCrop_2567.jpg,0
Industrial/Industrial_640.jpg,4
HerbaceousVegetation/HerbaceousVegetation_2454.jpg,2
Highway/Highway_195.jpg,3
SeaLake/SeaLake_800.jpg,9
Industrial/Industrial_2357.jpg,4
SeaLake/SeaLake_2299.jpg,9
Industrial/Industrial_1065.jpg,4
SeaLake/SeaLake_603.jpg,9
SeaLake/SeaLake_1752.jpg,9
Highway/Highway_1991.jpg,3
AnnualCrop/AnnualCrop_677.jpg,0
Forest/Forest_1795.jpg,1
AnnualCrop/AnnualCrop_1900.jpg,0
SeaLake/SeaLake_2138.jpg,9
HerbaceousVegetation/HerbaceousVegetation_2053.jpg,2
Highway/Highway_2434.jpg,3
Industrial/Industrial_1000.jpg,4
Residential/Residential_2832.jpg,7
Residential/Residential_520.jpg,7
HerbaceousVegetation/HerbaceousVegetation_1437.jpg,2
Industrial/Industrial_1317.jpg,4
Industrial/Industrial_1379.jpg,4
Forest/Forest_1070.jpg,1
Pasture/Pasture_254.jpg,5
Forest/Forest_1099.jpg,1
Pasture/Pasture_1125.jpg,5
SeaLake/SeaLake_1438.jpg,9
AnnualCrop/AnnualCrop_1363.jpg,0
Residential/Residential_704.jpg,7
HerbaceousVegetation/HerbaceousVegetation_341.jpg,2
Forest/Forest_1614.jpg,1
River/River_389.jpg,8
AnnualCrop/AnnualCrop_41.jpg,0
SeaLake/SeaLake_2765.jpg,9
Forest/Forest_1946.jpg,1
AnnualCrop/AnnualCrop_318.jpg,0
HerbaceousVegetation/HerbaceousVegetation_1942.jpg,2
Industrial/Industrial_1138.jpg,4
AnnualCrop/AnnualCrop_1383.jpg,0
Forest/Forest_2144.jpg,1
Highway/Highway_1053.jpg,3
Pasture/Pasture_1797.jpg,5
River/River_213.jpg,8
AnnualCrop/AnnualCrop_312.jpg,0
SeaLake/SeaLake_1536.jpg,9
Forest/Forest_323.jpg,1
Pasture/Pasture_798.jpg,5
HerbaceousVegetation/HerbaceousVegetation_2545.jpg,2
HerbaceousVegetation/HerbaceousVegetation_514.jpg,2
HerbaceousVegetation/HerbaceousVegetation_1829.jpg,2
AnnualCrop/AnnualCrop_1325.jpg,0
AnnualCrop/AnnualCrop_870.jpg,0
Residential/Residential_2478.jpg,7
Residential/Residential_2535.jpg,7
SeaLake/SeaLake_2382.jpg,9
AnnualCrop/AnnualCrop_2503.jpg,0
AnnualCrop/AnnualCrop_55.jpg,0
River/River_45.jpg,8
Forest/Forest_1495.jpg,1
PermanentCrop/PermanentCrop_1738.jpg,6
Forest/Forest_494.jpg,1
River/River_99.jpg,8
HerbaceousVegetation/HerbaceousVegetation_2029.jpg,2
River/River_1616.jpg,8
AnnualCrop/AnnualCrop_2523.jpg,0
Residential/Residential_27.jpg,7
HerbaceousVegetation/HerbaceousVegetation_1778.jpg,2
PermanentCrop/PermanentCrop_573.jpg,6
SeaLake/SeaLake_2541.jpg,9
Forest/Forest_968.jpg,1
HerbaceousVegetation/HerbaceousVegetation_1373.jpg,2
Industrial/Industrial_794.jpg,4
SeaLake/SeaLake_938.jpg,9
SeaLake/SeaLake_1681.jpg,9
HerbaceousVegetation/HerbaceousVegetation_1138.jpg,2
PermanentCrop/PermanentCrop_2431.jpg,6
HerbaceousVegetation/HerbaceousVegetation_1699.jpg,2
Residential/Residential_2153.jpg,7
Pasture/Pasture_315.jpg,5
PermanentCrop/PermanentCrop_2377.jpg,6
Highway/Highway_1333.jpg,3
AnnualCrop/AnnualCrop_1071.jpg,0
HerbaceousVegetation/HerbaceousVegetation_207.jpg,2
HerbaceousVegetation/HerbaceousVegetation_2963.jpg,2
HerbaceousVegetation/HerbaceousVegetation_145.jpg,2
AnnualCrop/AnnualCrop_919.jpg,0
River/River_2061.jpg,8
River/River_1131.jpg,8
PermanentCrop/PermanentCrop_800.jpg,6
River/River_2493.jpg,8
Forest/Forest_2731.jpg,1
HerbaceousVegetation/HerbaceousVegetation_1378.jpg,2
PermanentCrop/PermanentCrop_2359.jpg,6
Pasture/Pasture_1508.jpg,5
AnnualCrop/AnnualCrop_2739.jpg,0
Pasture/Pasture_763.jpg,5
AnnualCrop/AnnualCrop_1318.jpg,0
Industrial/Industrial_1335.jpg,4
Forest/Forest_1167.jpg,1
Forest/Forest_1261.jpg,1
PermanentCrop/PermanentCrop_959.jpg,6
HerbaceousVegetation/HerbaceousVegetation_2814.jpg,2
AnnualCrop/AnnualCrop_267.jpg,0
Highway/Highway_1829.jpg,3
Pasture/Pasture_1476.jpg,5
Forest/Forest_793.jpg,1
HerbaceousVegetation/HerbaceousVegetation_1204.jpg,2
Industrial/Industrial_955.jpg,4
HerbaceousVegetation/HerbaceousVegetation_345.jpg,2
Highway/Highway_770.jpg,3
SeaLake/SeaLake_1508.jpg,9
Forest/Forest_1192.jpg,1
SeaLake/SeaLake_167.jpg,9
Pasture/Pasture_1864.jpg,5
SeaLake/SeaLake_2471.jpg,9
PermanentCrop/PermanentCrop_1004.jpg,6
Highway/Highway_97.jpg,3
AnnualCrop/AnnualCrop_2697.jpg,0
Industrial/Industrial_118.jpg,4
AnnualCrop/AnnualCrop_1379.jpg,0
HerbaceousVegetation/HerbaceousVegetation_2709.jpg,2
AnnualCrop/AnnualCrop_1898.jpg,0
Industrial/Industrial_970.jpg,4
PermanentCrop/PermanentCrop_1663.jpg,6
PermanentCrop/PermanentCrop_2463.jpg,6
AnnualCrop/AnnualCrop_546.jpg,0
Residential/Residential_2821.jpg,7
HerbaceousVegetation/HerbaceousVegetation_2983.jpg,2
Forest/Forest_77.jpg,1
River/River_1768.jpg,8
River/River_528.jpg,8
SeaLake/SeaLake_2462.jpg,9
SeaLake/SeaLake_2876.jpg,9
Residential/Residential_1378.jpg,7
PermanentCrop/PermanentCrop_1909.jpg,6
AnnualCrop/AnnualCrop_1188.jpg,0
Industrial/Industrial_455.jpg,4
Highway/Highway_606.jpg,3
HerbaceousVegetation/HerbaceousVegetation_2429.jpg,2
Residential/Residential_2966.jpg,7
Residential/Residential_2089.jpg,7
AnnualCrop/AnnualCrop_1785.jpg,0
Industrial/Industrial_1259.jpg,4
Highway/Highway_728.jpg,3
PermanentCrop/PermanentCrop_1097.jpg,6
River/River_48.jpg,8
HerbaceousVegetation/HerbaceousVegetation_2300.jpg,2
Residential/Residential_1490.jpg,7
SeaLake/SeaLake_2764.jpg,9
Highway/Highway_604.jpg,3
Pasture/Pasture_579.jpg,5
Industrial/Industrial_1897.jpg,4
Industrial/Industrial_1963.jpg,4
SeaLake/SeaLake_163.jpg,9
Forest/Forest_1307.jpg,1
SeaLake/SeaLake_2712.jpg,9
Forest/Forest_1386.jpg,1
HerbaceousVegetation/HerbaceousVegetation_835.jpg,2
HerbaceousVegetation/HerbaceousVegetation_2571.jpg,2
Residential/Residential_1279.jpg,7
Industrial/Industrial_1024.jpg,4
SeaLake/SeaLake_2906.jpg,9
SeaLake/SeaLake_2672.jpg,9
Residential/Residential_293.jpg,7
Industrial/Industrial_807.jpg,4
AnnualCrop/AnnualCrop_2905.jpg,0
PermanentCrop/PermanentCrop_665.jpg,6
Residential/Residential_2917.jpg,7
PermanentCrop/PermanentCrop_399.jpg,6
Forest/Forest_1788.jpg,1
Pasture/Pasture_1275.jpg,5
Highway/Highway_1576.jpg,3
Industrial/Industrial_78.jpg,4
HerbaceousVegetation/HerbaceousVegetation_2865.jpg,2
PermanentCrop/PermanentCrop_2434.jpg,6
Pasture/Pasture_124.jpg,5
Residential/Residential_407.jpg,7
Highway/Highway_1227.jpg,3
SeaLake/SeaLake_2671.jpg,9
AnnualCrop/AnnualCrop_1033.jpg,0
SeaLake/SeaLake_1104.jpg,9
Forest/Forest_430.jpg,1
Residential/Residential_963.jpg,7
PermanentCrop/PermanentCrop_1109.jpg,6
Highway/Highway_168.jpg,3
Residential/Residential_475.jpg,7
AnnualCrop/AnnualCrop_1687.jpg,0
River/River_1777.jpg,8
AnnualCrop/AnnualCrop_2756.jpg,0
Residential/Residential_1268.jpg,7
AnnualCrop/AnnualCrop_410.jpg,0
Forest/Forest_2424.jpg,1
Residential/Residential_1990.jpg,7
HerbaceousVegetation/HerbaceousVegetation_1310.jpg,2
PermanentCrop/PermanentCrop_424.jpg,6
PermanentCrop/PermanentCrop_2267.jpg,6
Highway/Highway_550.jpg,3
Highway/Highway_2424.jpg,3
River/River_2328.jpg,8
Highway/Highway_558.jpg,3
AnnualCrop/AnnualCrop_861.jpg,0
PermanentCrop/PermanentCrop_1533.jpg,6
SeaLake/SeaLake_1000.jpg,9
PermanentCrop/PermanentCrop_2130.jpg,6
SeaLake/SeaLake_527.jpg,9
Forest/Forest_2816.jpg,1
SeaLake/SeaLake_77.jpg,9
Pasture/Pasture_452.jpg,5
Industrial/Industrial_897.jpg,4
SeaLake/SeaLake_258.jpg,9
Residential/Residential_447.jpg,7
Forest/Forest_2930.jpg,1
SeaLake/SeaLake_877.jpg,9
SeaLake/SeaLake_1595.jpg,9
AnnualCrop/AnnualCrop_1387.jpg,0
River/River_1098.jpg,8
HerbaceousVegetation/HerbaceousVegetation_995.jpg,2
PermanentCrop/PermanentCrop_326.jpg,6
Forest/Forest_575.jpg,1
PermanentCrop/PermanentCrop_1123.jpg,6
PermanentCrop/PermanentCrop_1792.jpg,6
Highway/Highway_1867.jpg,3
AnnualCrop/AnnualCrop_2480.jpg,0
HerbaceousVegetation/HerbaceousVegetation_2208.jpg,2
Forest/Forest_742.jpg,1
Residential/Residential_974.jpg,7
AnnualCrop/AnnualCrop_2043.jpg,0
River/River_1472.jpg,8
Forest/Forest_326.jpg,1
PermanentCrop/PermanentCrop_1000.jpg,6
HerbaceousVegetation/HerbaceousVegetation_2439.jpg,2
River/River_1737.jpg,8
PermanentCrop/PermanentCrop_1412.jpg,6
Forest/Forest_2644.jpg,1
Pasture/Pasture_1168.jpg,5
Forest/Forest_1606.jpg,1
HerbaceousVegetation/HerbaceousVegetation_1593.jpg,2
SeaLake/SeaLake_1797.jpg,9
Residential/Residential_2243.jpg,7
SeaLake/SeaLake_1474.jpg,9
Industrial/Industrial_1981.jpg,4
AnnualCrop/AnnualCrop_782.jpg,0
Pasture/Pasture_815.jpg,5
Forest/Forest_1372.jpg,1
Residential/Residential_2309.jpg,7
HerbaceousVegetation/HerbaceousVegetation_2785.jpg,2
SeaLake/SeaLake_2315.jpg,9
Highway/Highway_2091.jpg,3
AnnualCrop/AnnualCrop_2339.jpg,0
Pasture/Pasture_1622.jpg,5
Industrial/Industrial_2391.jpg,4
AnnualCrop/AnnualCrop_446.jpg,0
River/River_916.jpg,8
HerbaceousVegetation/HerbaceousVegetation_1702.jpg,2
Forest/Forest_571.jpg,1
Highway/Highway_244.jpg,3
AnnualCrop/AnnualCrop_2520.jpg,0
Highway/Highway_2040.jpg,3
Forest/Forest_174.jpg,1
Forest/Forest_1646.jpg,1
Highway/Highway_2024.jpg,3
SeaLake/SeaLake_1269.jpg,9
Forest/Forest_2166.jpg,1
Highway/Highway_81.jpg,3
Highway/Highway_2036.jpg,3
Forest/Forest_1806.jpg,1
AnnualCrop/AnnualCrop_2935.jpg,0
Forest/Forest_1703.jpg,1
River/River_1642.jpg,8
Residential/Residential_612.jpg,7
PermanentCrop/PermanentCrop_1319.jpg,6
Pasture/Pasture_1926.jpg,5
Industrial/Industrial_1426.jpg,4
Industrial/Industrial_153.jpg,4
River/River_785.jpg,8
PermanentCrop/PermanentCrop_447.jpg,6
Industrial/Industrial_1950.jpg,4
Residential/Residential_983.jpg,7
Industrial/Industrial_2113.jpg,4
Industrial/Industrial_1302.jpg,4
SeaLake/SeaLake_1889.jpg,9
Forest/Forest_1217.jpg,1
Residential/Residential_1494.jpg,7
Pasture/Pasture_1920.jpg,5
Highway/Highway_1057.jpg,3
Forest/Forest_633.jpg,1
PermanentCrop/PermanentCrop_2184.jpg,6
Residential/Residential_371.jpg,7
Highway/Highway_1243.jpg,3
Highway/Highway_1104.jpg,3
PermanentCrop/PermanentCrop_640.jpg,6
Residential/Residential_373.jpg,7
Industrial/Industrial_946.jpg,4
Forest/Forest_2853.jpg,1
HerbaceousVegetation/HerbaceousVegetation_842.jpg,2
SeaLake/SeaLake_1814.jpg,9
Highway/Highway_378.jpg,3
Forest/Forest_2703.jpg,1
PermanentCrop/PermanentCrop_826.jpg,6
River/River_2198.jpg,8
Forest/Forest_1883.jpg,1
PermanentCrop/PermanentCrop_1888.jpg,6
Highway/Highway_1099.jpg,3
HerbaceousVegetation/HerbaceousVegetation_6.jpg,2
Residential/Residential_982.jpg,7
Industrial/Industrial_454.jpg,4
Forest/Forest_2747.jpg,1
Residential/Residential_1261.jpg,7
PermanentCrop/PermanentCrop_807.jpg,6
SeaLake/SeaLake_777.jpg,9
AnnualCrop/AnnualCrop_1717.jpg,0
PermanentCrop/PermanentCrop_1657.jpg,6
AnnualCrop/AnnualCrop_1444.jpg,0
Forest/Forest_593.jpg,1
Residential/Residential_2501.jpg,7
AnnualCrop/AnnualCrop_929.jpg,0
HerbaceousVegetation/HerbaceousVegetation_630.jpg,2
Residential/Residential_919.jpg,7
Pasture/Pasture_1088.jpg,5
PermanentCrop/PermanentCrop_1791.jpg,6
River/River_2031.jpg,8
SeaLake/SeaLake_2417.jpg,9
Residential/Residential_2240.jpg,7
SeaLake/SeaLake_43.jpg,9
PermanentCrop/PermanentCrop_480.jpg,6
SeaLake/SeaLake_2.jpg,9
Residential/Residential_1013.jpg,7
Industrial/Industrial_819.jpg,4
Forest/Forest_1615.jpg,1
Industrial/Industrial_124.jpg,4
HerbaceousVegetation/HerbaceousVegetation_1424.jpg,2
HerbaceousVegetation/HerbaceousVegetation_826.jpg,2
HerbaceousVegetation/HerbaceousVegetation_2478.jpg,2
Residential/Residential_780.jpg,7
River/River_2167.jpg,8
Residential/Residential_2933.jpg,7
Forest/Forest_2923.jpg,1
Residential/Residential_1408.jpg,7
Industrial/Industrial_1205.jpg,4
Highway/Highway_1350.jpg,3
AnnualCrop/AnnualCrop_475.jpg,0
Industrial/Industrial_1929.jpg,4
Residential/Residential_1737.jpg,7
Industrial/Industrial_811.jpg,4
River/River_1810.jpg,8
SeaLake/SeaLake_2905.jpg,9
Forest/Forest_329.jpg,1
Forest/Forest_2188.jpg,1
PermanentCrop/PermanentCrop_307.jpg,6
Residential/Residential_2110.jpg,7
SeaLake/SeaLake_2700.jpg,9
Forest/Forest_774.jpg,1
River/River_1297.jpg,8
AnnualCrop/AnnualCrop_2814.jpg,0
PermanentCrop/PermanentCrop_882.jpg,6
Forest/Forest_2669.jpg,1
River/River_1806.jpg,8
Pasture/Pasture_1021.jpg,5
Forest/Forest_1508.jpg,1
Forest/Forest_1343.jpg,1
AnnualCrop/AnnualCrop_806.jpg,0
AnnualCrop/AnnualCrop_187.jpg,0
AnnualCrop/AnnualCrop_2785.jpg,0
HerbaceousVegetation/HerbaceousVegetation_141.jpg,2
River/River_308.jpg,8
Industrial/Industrial_1659.jpg,4
PermanentCrop/PermanentCrop_1206.jpg,6
AnnualCrop/AnnualCrop_1556.jpg,0
Highway/Highway_2105.jpg,3
River/River_2262.jpg,8
SeaLake/SeaLake_621.jpg,9
Residential/Residential_125.jpg,7
PermanentCrop/PermanentCrop_2189.jpg,6
SeaLake/SeaLake_1324.jpg,9
HerbaceousVegetation/HerbaceousVegetation_1028.jpg,2
SeaLake/SeaLake_1461.jpg,9
SeaLake/SeaLake_2505.jpg,9
Industrial/Industrial_2254.jpg,4
Pasture/Pasture_1754.jpg,5
Forest/Forest_1149.jpg,1
Highway/Highway_1712.jpg,3
Residential/Residential_749.jpg,7
River/River_263.jpg,8
PermanentCrop/PermanentCrop_1672.jpg,6
Forest/Forest_1633.jpg,1
River/River_1192.jpg,8
PermanentCrop/PermanentCrop_374.jpg,6
AnnualCrop/AnnualCrop_1196.jpg,0
Residential/Residential_647.jpg,7
Industrial/Industrial_1764.jpg,4
River/River_1608.jpg,8
HerbaceousVegetation/HerbaceousVegetation_653.jpg,2
Highway/Highway_2059.jpg,3
HerbaceousVegetation/HerbaceousVegetation_275.jpg,2
Forest/Forest_488.jpg,1
Forest/Forest_1407.jpg,1
Highway/Highway_2027.jpg,3
PermanentCrop/PermanentCrop_1974.jpg,6
AnnualCrop/AnnualCrop_206.jpg,0
Forest/Forest_735.jpg,1
Residential/Residential_947.jpg,7
Industrial/Industrial_2241.jpg,4
PermanentCrop/PermanentCrop_814.jpg,6
Forest/Forest_423.jpg,1
Industrial/Industrial_576.jpg,4
Forest/Forest_1668.jpg,1
SeaLake/SeaLake_2398.jpg,9
Forest/Forest_705.jpg,1
HerbaceousVegetation/HerbaceousVegetation_339.jpg,2
PermanentCrop/PermanentCrop_579.jpg,6
Residential/Residential_207.jpg,7
Industrial/Industrial_1682.jpg,4
SeaLake/SeaLake_2624.jpg,9
River/River_405.jpg,8
Forest/Forest_796.jpg,1
Industrial/Industrial_266.jpg,4
Industrial/Industrial_1546.jpg,4
Forest/Forest_1886.jpg,1
HerbaceousVegetation/HerbaceousVegetation_2041.jpg,2
HerbaceousVegetation/HerbaceousVegetation_129.jpg,2
SeaLake/SeaLake_752.jpg,9
Residential/Residential_239.jpg,7
Highway/Highway_1140.jpg,3
Industrial/Industrial_622.jpg,4
Industrial/Industrial_1612.jpg,4
HerbaceousVegetation/HerbaceousVegetation_157.jpg,2
HerbaceousVegetation/HerbaceousVegetation_2567.jpg,2
Forest/Forest_106.jpg,1
PermanentCrop/PermanentCrop_1513.jpg,6
Residential/Residential_74.jpg,7
Highway/Highway_716.jpg,3
Industrial/Industrial_2074.jpg,4
PermanentCrop/PermanentCrop_355.jpg,6
Residential/Residential_2003.jpg,7
AnnualCrop/AnnualCrop_525.jpg,0
Pasture/Pasture_621.jpg,5
SeaLake/SeaLake_1352.jpg,9
SeaLake/SeaLake_386.jpg,9
Residential/Residential_607.jpg,7
PermanentCrop/PermanentCrop_2356.jpg,6
Residential/Residential_2789.jpg,7
HerbaceousVegetation/HerbaceousVegetation_1986.jpg,2
Pasture/Pasture_102.jpg,5
Residential/Residential_220.jpg,7
HerbaceousVegetation/HerbaceousVegetation_1684.jpg,2
Pasture/Pasture_834.jpg,5
HerbaceousVegetation/HerbaceousVegetation_1990.jpg,2
AnnualCrop/AnnualCrop_1753.jpg,0
HerbaceousVegetation/HerbaceousVegetation_566.jpg,2
PermanentCrop/PermanentCrop_2426.jpg,6
SeaLake/SeaLake_1612.jpg,9
AnnualCrop/AnnualCrop_2009.jpg,0
Forest/Forest_355.jpg,1
Pasture/Pasture_1964.jpg,5
Industrial/Industrial_1643.jpg,4
HerbaceousVegetation/HerbaceousVegetation_1351.jpg,2
River/River_1354.jpg,8
Pasture/Pasture_1503.jpg,5
Forest/Forest_2910.jpg,1
AnnualCrop/AnnualCrop_2066.jpg,0
Forest/Forest_467.jpg,1
Forest/Forest_2305.jpg,1
Industrial/Industrial_76.jpg,4
Forest/Forest_2036.jpg,1
Highway/Highway_1470.jpg,3
Forest/Forest_1249.jpg,1
HerbaceousVegetation/HerbaceousVegetation_552.jpg,2
Industrial/Industrial_258.jpg,4
River/River_1803.jpg,8
Pasture/Pasture_1585.jpg,5
Highway/Highway_1075.jpg,3
Residential/Residential_606.jpg,7
PermanentCrop/PermanentCrop_1514.jpg,6
PermanentCrop/PermanentCrop_661.jpg,6
Pasture/Pasture_1246.jpg,5
River/River_1883.jpg,8
AnnualCrop/AnnualCrop_2069.jpg,0
River/River_649.jpg,8
Industrial/Industrial_2451.jpg,4
Residential/Residential_2546.jpg,7
Forest/Forest_2981.jpg,1
PermanentCrop/PermanentCrop_1457.jpg,6
Industrial/Industrial_337.jpg,4
Highway/Highway_2269.jpg,3
Pasture/Pasture_1099.jpg,5
HerbaceousVegetation/HerbaceousVegetation_2179.jpg,2
Residential/Residential_2348.jpg,7
HerbaceousVegetation/HerbaceousVegetation_1613.jpg,2
Industrial/Industrial_746.jpg,4
Highway/Highway_2097.jpg,3
Highway/Highway_2209.jpg,3
Industrial/Industrial_629.jpg,4
Highway/Highway_1741.jpg,3
Highway/Highway_241.jpg,3
Residential/Residential_2041.jpg,7
Forest/Forest_1295.jpg,1
Forest/Forest_1582.jpg,1
Industrial/Industrial_1656.jpg,4
Highway/Highway_396.jpg,3
Forest/Forest_2859.jpg,1
AnnualCrop/AnnualCrop_2310.jpg,0
Residential/Residential_1672.jpg,7
Forest/Forest_2236.jpg,1
Residential/Residential_1559.jpg,7
AnnualCrop/AnnualCrop_2415.jpg,0
SeaLake/SeaLake_2707.jpg,9
PermanentCrop/PermanentCrop_2497.jpg,6
PermanentCrop/PermanentCrop_1710.jpg,6
AnnualCrop/AnnualCrop_2596.jpg,0
HerbaceousVegetation/HerbaceousVegetation_460.jpg,2
Forest/Forest_1543.jpg,1
River/River_1929.jpg,8
AnnualCrop/AnnualCrop_2707.jpg,0
Highway/Highway_1584.jpg,3
Industrial/Industrial_2123.jpg,4
River/River_1118.jpg,8
HerbaceousVegetation/HerbaceousVegetation_735.jpg,2
Industrial/Industrial_815.jpg,4
SeaLake/SeaLake_2620.jpg,9
AnnualCrop/AnnualCrop_71.jpg,0
Industrial/Industrial_792.jpg,4
Pasture/Pasture_1154.jpg,5
PermanentCrop/PermanentCrop_347.jpg,6
Industrial/Industrial_2141.jpg,4
Pasture/Pasture_1017.jpg,5
Pasture/Pasture_1465.jpg,5
Residential/Residential_2011.jpg,7
AnnualCrop/AnnualCrop_1658.jpg,0
AnnualCrop/AnnualCrop_569.jpg,0
Residential/Residential_2128.jpg,7
Industrial/Industrial_830.jpg,4
HerbaceousVegetation/HerbaceousVegetation_2243.jpg,2
SeaLake/SeaLake_1950.jpg,9
River/River_1224.jpg,8
Residential/Residential_2480.jpg,7
Pasture/Pasture_1690.jpg,5
SeaLake/SeaLake_2559.jpg,9
Residential/Residential_199.jpg,7
Forest/Forest_1649.jpg,1
PermanentCrop/PermanentCrop_758.jpg,6
SeaLake/SeaLake_1905.jpg,9
Industrial/Industrial_482.jpg,4
River/River_588.jpg,8
Forest/Forest_1384.jpg,1
AnnualCrop/AnnualCrop_2587.jpg,0
Highway/Highway_856.jpg,3
HerbaceousVegetation/HerbaceousVegetation_1821.jpg,2
Residential/Residential_2624.jpg,7
Forest/Forest_1369.jpg,1
HerbaceousVegetation/HerbaceousVegetation_292.jpg,2
Residential/Residential_2597.jpg,7
AnnualCrop/AnnualCrop_102.jpg,0
River/River_2361.jpg,8
Highway/Highway_679.jpg,3
SeaLake/SeaLake_1162.jpg,9
PermanentCrop/PermanentCrop_2276.jpg,6
Forest/Forest_850.jpg,1
Forest/Forest_1911.jpg,1
River/River_991.jpg,8
PermanentCrop/PermanentCrop_1047.jpg,6
Forest/Forest_2749.jpg,1
Forest/Forest_1271.jpg,1
SeaLake/SeaLake_936.jpg,9
Residential/Residential_2755.jpg,7
Highway/Highway_2459.jpg,3
Pasture/Pasture_1326.jpg,5
PermanentCrop/PermanentCrop_91.jpg,6
HerbaceousVegetation/HerbaceousVegetation_210.jpg,2
River/River_1183.jpg,8
SeaLake/SeaLake_2009.jpg,9
Industrial/Industrial_1774.jpg,4
Forest/Forest_2964.jpg,1
Forest/Forest_881.jpg,1
AnnualCrop/AnnualCrop_2190.jpg,0
Pasture/Pasture_223.jpg,5
Highway/Highway_2133.jpg,3
PermanentCrop/PermanentCrop_1326.jpg,6
Residential/Residential_987.jpg,7
PermanentCrop/PermanentCrop_527.jpg,6
Highway/Highway_1032.jpg,3
Pasture/Pasture_1331.jpg,5
Forest/Forest_2890.jpg,1
PermanentCrop/PermanentCrop_1926.jpg,6
SeaLake/SeaLake_2686.jpg,9
PermanentCrop/PermanentCrop_1838.jpg,6
Highway/Highway_221.jpg,3
Residential/Residential_2115.jpg,7
Forest/Forest_1060.jpg,1
SeaLake/SeaLake_2745.jpg,9
Highway/Highway_561.jpg,3
Residential/Residential_59.jpg,7
Pasture/Pasture_642.jpg,5
HerbaceousVegetation/HerbaceousVegetation_414.jpg,2
SeaLake/SeaLake_841.jpg,9
Residential/Residential_2769.jpg,7
AnnualCrop/AnnualCrop_1019.jpg,0
HerbaceousVegetation/HerbaceousVegetation_1767.jpg,2
HerbaceousVegetation/HerbaceousVegetation_2153.jpg,2
Pasture/Pasture_1443.jpg,5
Highway/Highway_299.jpg,3
Pasture/Pasture_1568.jpg,5
Highway/Highway_652.jpg,3
PermanentCrop/PermanentCrop_2450.jpg,6
AnnualCrop/AnnualCrop_2452.jpg,0
River/River_999.jpg,8
AnnualCrop/AnnualCrop_2408.jpg,0
Pasture/Pasture_1045.jpg,5
Forest/Forest_1410.jpg,1
HerbaceousVegetation/HerbaceousVegetation_1324.jpg,2
Highway/Highway_590.jpg,3
HerbaceousVegetation/HerbaceousVegetation_361.jpg,2
Residential/Residential_790.jpg,7
SeaLake/SeaLake_1065.jpg,9
Industrial/Industrial_404.jpg,4
River/River_1294.jpg,8
Residential/Residential_1026.jpg,7
SeaLake/SeaLake_809.jpg,9
Industrial/Industrial_644.jpg,4
Industrial/Industrial_217.jpg,4
AnnualCrop/AnnualCrop_628.jpg,0
River/River_177.jpg,8
Residential/Residential_2652.jpg,7
AnnualCrop/AnnualCrop_1876.jpg,0
HerbaceousVegetation/HerbaceousVegetation_1011.jpg,2
Highway/Highway_2151.jpg,3
AnnualCrop/AnnualCrop_2235.jpg,0
Residential/Residential_1251.jpg,7
PermanentCrop/PermanentCrop_1748.jpg,6
Industrial/Industrial_1027.jpg,4
SeaLake/SeaLake_330.jpg,9
SeaLake/SeaLake_402.jpg,9
Pasture/Pasture_1571.jpg,5
Industrial/Industrial_2314.jpg,4
Highway/Highway_2180.jpg,3
PermanentCrop/PermanentCrop_56.jpg,6
SeaLake/SeaLake_37.jpg,9
Forest/Forest_2220.jpg,1
Industrial/Industrial_1099.jpg,4
AnnualCrop/AnnualCrop_167.jpg,0
Residential/Residential_2497.jpg,7
Forest/Forest_2218.jpg,1
Pasture/Pasture_73.jpg,5
River/River_2326.jpg,8
SeaLake/SeaLake_256.jpg,9
SeaLake/SeaLake_1552.jpg,9
SeaLake/SeaLake_1458.jpg,9
Industrial/Industrial_380.jpg,4
HerbaceousVegetation/HerbaceousVegetation_692.jpg,2
Pasture/Pasture_198.jpg,5
Residential/Residential_2762.jpg,7
HerbaceousVegetation/HerbaceousVegetation_1960.jpg,2
Pasture/Pasture_1838.jpg,5
Residential/Residential_1073.jpg,7
HerbaceousVegetation/HerbaceousVegetation_1082.jpg,2
PermanentCrop/PermanentCrop_1329.jpg,6
AnnualCrop/AnnualCrop_484.jpg,0
Residential/Residential_1998.jpg,7
Forest/Forest_337.jpg,1
PermanentCrop/PermanentCrop_1765.jpg,6
Forest/Forest_1884.jpg,1
Forest/Forest_676.jpg,1
River/River_2438.jpg,8
Pasture/Pasture_850.jpg,5
Forest/Forest_891.jpg,1
HerbaceousVegetation/HerbaceousVegetation_2457.jpg,2
Industrial/Industrial_1895.jpg,4
Residential/Residential_2073.jpg,7
Forest/Forest_1767.jpg,1
River/River_1040.jpg,8
HerbaceousVegetation/HerbaceousVegetation_2406.jpg,2
Highway/Highway_526.jpg,3
HerbaceousVegetation/HerbaceousVegetation_2756.jpg,2
Highway/Highway_1770.jpg,3
HerbaceousVegetation/HerbaceousVegetation_2976.jpg,2
HerbaceousVegetation/HerbaceousVegetation_2326.jpg,2
River/River_733.jpg,8
River/River_718.jpg,8
Forest/Forest_1402.jpg,1
PermanentCrop/PermanentCrop_853.jpg,6
HerbaceousVegetation/HerbaceousVegetation_2837.jpg,2
PermanentCrop/PermanentCrop_2163.jpg,6
River/River_1259.jpg,8
Highway/Highway_875.jpg,3
River/River_990.jpg,8
Residential/Residential_2566.jpg,7
SeaLake/SeaLake_712.jpg,9
AnnualCrop/AnnualCrop_1302.jpg,0
River/River_1959.jpg,8
Forest/Forest_305.jpg,1
Forest/Forest_307.jpg,1
Pasture/Pasture_1433.jpg,5
River/River_1448.jpg,8
Pasture/Pasture_1654.jpg,5
Forest/Forest_2319.jpg,1
AnnualCrop/AnnualCrop_667.jpg,0
HerbaceousVegetation/HerbaceousVegetation_1921.jpg,2
Residential/Residential_552.jpg,7
AnnualCrop/AnnualCrop_1177.jpg,0
PermanentCrop/PermanentCrop_226.jpg,6
Pasture/Pasture_558.jpg,5
Pasture/Pasture_489.jpg,5
HerbaceousVegetation/HerbaceousVegetation_325.jpg,2
Residential/Residential_2947.jpg,7
HerbaceousVegetation/HerbaceousVegetation_2183.jpg,2
HerbaceousVegetation/HerbaceousVegetation_754.jpg,2
Highway/Highway_2312.jpg,3
Pasture/Pasture_1699.jpg,5
Residential/Residential_434.jpg,7
Industrial/Industrial_841.jpg,4
Industrial/Industrial_611.jpg,4
River/River_2355.jpg,8
Residential/Residential_1727.jpg,7
SeaLake/SeaLake_116.jpg,9
River/River_521.jpg,8
Highway/Highway_116.jpg,3
Highway/Highway_2383.jpg,3
Forest/Forest_1415.jpg,1
Industrial/Industrial_2425.jpg,4
Highway/Highway_1816.jpg,3
SeaLake/SeaLake_2466.jpg,9
AnnualCrop/AnnualCrop_1729.jpg,0
Industrial/Industrial_1941.jpg,4
AnnualCrop/AnnualCrop_1310.jpg,0
PermanentCrop/PermanentCrop_131.jpg,6
Pasture/Pasture_14.jpg,5
PermanentCrop/PermanentCrop_1952.jpg,6
River/River_1257.jpg,8
Forest/Forest_2288.jpg,1
Pasture/Pasture_1487.jpg,5
Residential/Residential_281.jpg,7
PermanentCrop/PermanentCrop_1165.jpg,6
Highway/Highway_247.jpg,3
Industrial/Industrial_707.jpg,4
SeaLake/SeaLake_2585.jpg,9
Residential/Residential_1687.jpg,7
AnnualCrop/AnnualCrop_2784.jpg,0
PermanentCrop/PermanentCrop_1429.jpg,6
Pasture/Pasture_1801.jpg,5
Industrial/Industrial_1522.jpg,4
Forest/Forest_142.jpg,1
Highway/Highway_857.jpg,3
Forest/Forest_2074.jpg,1
AnnualCrop/AnnualCrop_1270.jpg,0
River/River_659.jpg,8
Residential/Residential_1865.jpg,7
River/River_209.jpg,8
Forest/Forest_1281.jpg,1
SeaLake/SeaLake_642.jpg,9
Residential/Residential_681.jpg,7
River/River_1130.jpg,8
Forest/Forest_1098.jpg,1
Industrial/Industrial_911.jpg,4
River/River_1967.jpg,8
River/River_933.jpg,8
Pasture/Pasture_1446.jpg,5
Highway/Highway_1451.jpg,3
Highway/Highway_687.jpg,3
Highway/Highway_1076.jpg,3
Forest/Forest_1979.jpg,1
River/River_268.jpg,8
Highway/Highway_1162.jpg,3
Industrial/Industrial_295.jpg,4
Pasture/Pasture_135.jpg,5
PermanentCrop/PermanentCrop_1576.jpg,6
AnnualCrop/AnnualCrop_747.jpg,0
Forest/Forest_2198.jpg,1
River/River_1968.jpg,8
Highway/Highway_438.jpg,3
Pasture/Pasture_1208.jpg,5
SeaLake/SeaLake_132.jpg,9
AnnualCrop/AnnualCrop_11.jpg,0
AnnualCrop/AnnualCrop_2389.jpg,0
SeaLake/SeaLake_966.jpg,9
Industrial/Industrial_895.jpg,4
AnnualCrop/AnnualCrop_1848.jpg,0
PermanentCrop/PermanentCrop_717.jpg,6
PermanentCrop/PermanentCrop_1805.jpg,6
Forest/Forest_12.jpg,1
River/River_532.jpg,8
Highway/Highway_1348.jpg,3
HerbaceousVegetation/HerbaceousVegetation_1122.jpg,2
HerbaceousVegetation/HerbaceousVegetation_463.jpg,2
AnnualCrop/AnnualCrop_1451.jpg,0
Highway/Highway_1157.jpg,3
Highway/Highway_498.jpg,3
Pasture/Pasture_1434.jpg,5
Residential/Residential_1260.jpg,7
SeaLake/SeaLake_2950.jpg,9
Industrial/Industrial_338.jpg,4
River/River_1747.jpg,8
PermanentCrop/PermanentCrop_2372.jpg,6
HerbaceousVegetation/HerbaceousVegetation_2058.jpg,2
Pasture/Pasture_170.jpg,5
SeaLake/SeaLake_2992.jpg,9
Highway/Highway_1089.jpg,3
Residential/Residential_272.jpg,7
SeaLake/SeaLake_990.jpg,9
Forest/Forest_2170.jpg,1
AnnualCrop/AnnualCrop_652.jpg,0
Industrial/Industrial_199.jpg,4
Highway/Highway_397.jpg,3
PermanentCrop/PermanentCrop_1746.jpg,6
Highway/Highway_2012.jpg,3
Pasture/Pasture_63.jpg,5
Highway/Highway_1977.jpg,3
Pasture/Pasture_1784.jpg,5
Residential/Residential_1925.jpg,7
Forest/Forest_2570.jpg,1
SeaLake/SeaLake_1650.jpg,9
PermanentCrop/PermanentCrop_2486.jpg,6
SeaLake/SeaLake_232.jpg,9
Highway/Highway_1498.jpg,3
Residential/Residential_1549.jpg,7
Residential/Residential_2377.jpg,7
SeaLake/SeaLake_1703.jpg,9
PermanentCrop/PermanentCrop_1646.jpg,6
Residential/Residential_323.jpg,7
HerbaceousVegetation/HerbaceousVegetation_2381.jpg,2
Pasture/Pasture_598.jpg,5
River/River_241.jpg,8
SeaLake/SeaLake_1546.jpg,9
AnnualCrop/AnnualCrop_1353.jpg,0
HerbaceousVegetation/HerbaceousVegetation_2201.jpg,2
SeaLake/SeaLake_2064.jpg,9
River/River_2042.jpg,8
Forest/Forest_1707.jpg,1
AnnualCrop/AnnualCrop_2950.jpg,0
Industrial/Industrial_2375.jpg,4
AnnualCrop/AnnualCrop_1230.jpg,0
PermanentCrop/PermanentCrop_440.jpg,6
Pasture/Pasture_286.jpg,5
Highway/Highway_1113.jpg,3
River/River_19.jpg,8
HerbaceousVegetation/HerbaceousVegetation_1004.jpg,2
PermanentCrop/PermanentCrop_418.jpg,6
PermanentCrop/PermanentCrop_318.jpg,6
River/River_1.jpg,8
HerbaceousVegetation/HerbaceousVegetation_462.jpg,2
Residential/Residential_789.jpg,7
Forest/Forest_136.jpg,1
HerbaceousVegetation/HerbaceousVegetation_1147.jpg,2
SeaLake/SeaLake_2499.jpg,9
AnnualCrop/AnnualCrop_2006.jpg,0
PermanentCrop/PermanentCrop_1770.jpg,6
PermanentCrop/PermanentCrop_2141.jpg,6
HerbaceousVegetation/HerbaceousVegetation_1099.jpg,2
SeaLake/SeaLake_760.jpg,9
Residential/Residential_150.jpg,7
Forest/Forest_474.jpg,1
AnnualCrop/AnnualCrop_1186.jpg,0
Residential/Residential_931.jpg,7
SeaLake/SeaLake_2679.jpg,9
River/River_897.jpg,8
Forest/Forest_1790.jpg,1
SeaLake/SeaLake_2859.jpg,9
Forest/Forest_402.jpg,1
SeaLake/SeaLake_363.jpg,9
SeaLake/SeaLake_702.jpg,9
Highway/Highway_420.jpg,3
AnnualCrop/AnnualCrop_2065.jpg,0
SeaLake/SeaLake_2727.jpg,9
Highway/Highway_1806.jpg,3
AnnualCrop/AnnualCrop_1604.jpg,0
AnnualCrop/AnnualCrop_2126.jpg,0
Industrial/Industrial_1919.jpg,4
HerbaceousVegetation/HerbaceousVegetation_278.jpg,2
River/River_813.jpg,8
Residential/Residential_2783.jpg,7
Forest/Forest_2515.jpg,1
AnnualCrop/AnnualCrop_1413.jpg,0
Industrial/Industrial_391.jpg,4
Highway/Highway_393.jpg,3
HerbaceousVegetation/HerbaceousVegetation_1938.jpg,2
SeaLake/SeaLake_1460.jpg,9
SeaLake/SeaLake_1338.jpg,9
Highway/Highway_340.jpg,3
PermanentCrop/PermanentCrop_2287.jpg,6
Highway/Highway_2307.jpg,3
Residential/Residential_2293.jpg,7
PermanentCrop/PermanentCrop_249.jpg,6
AnnualCrop/AnnualCrop_1133.jpg,0
SeaLake/SeaLake_1697.jpg,9
AnnualCrop/AnnualCrop_1483.jpg,0
Forest/Forest_2688.jpg,1
AnnualCrop/AnnualCrop_737.jpg,0
Highway/Highway_1005.jpg,3
Pasture/Pasture_219.jpg,5
AnnualCrop/AnnualCrop_152.jpg,0
Highway/Highway_235.jpg,3
AnnualCrop/AnnualCrop_2821.jpg,0
AnnualCrop/AnnualCrop_906.jpg,0
SeaLake/SeaLake_540.jpg,9
AnnualCrop/AnnualCrop_1742.jpg,0
HerbaceousVegetation/HerbaceousVegetation_1266.jpg,2
Residential/Residential_1700.jpg,7
SeaLake/SeaLake_381.jpg,9
AnnualCrop/AnnualCrop_995.jpg,0
River/River_1267.jpg,8
HerbaceousVegetation/HerbaceousVegetation_2133.jpg,2
Highway/Highway_448.jpg,3
Residential/Residential_459.jpg,7
AnnualCrop/AnnualCrop_1238.jpg,0
PermanentCrop/PermanentCrop_61.jpg,6
Industrial/Industrial_1505.jpg,4
Forest/Forest_1975.jpg,1
AnnualCrop/AnnualCrop_1531.jpg,0
PermanentCrop/PermanentCrop_1126.jpg,6
Highway/Highway_2015.jpg,3
River/River_1767.jpg,8
Industrial/Industrial_1638.jpg,4
AnnualCrop/AnnualCrop_1476.jpg,0
SeaLake/SeaLake_662.jpg,9
Forest/Forest_471.jpg,1
AnnualCrop/AnnualCrop_2887.jpg,0
HerbaceousVegetation/HerbaceousVegetation_121.jpg,2
Residential/Residential_2737.jpg,7
Residential/Residential_1024.jpg,7
AnnualCrop/AnnualCrop_2709.jpg,0
AnnualCrop/AnnualCrop_2138.jpg,0
Residential/Residential_527.jpg,7
SeaLake/SeaLake_1109.jpg,9
River/River_286.jpg,8
Pasture/Pasture_1136.jpg,5
Highway/Highway_213.jpg,3
SeaLake/SeaLake_2803.jpg,9
Highway/Highway_696.jpg,3
Industrial/Industrial_363.jpg,4
AnnualCrop/AnnualCrop_2972.jpg,0
Pasture/Pasture_11.jpg,5
Pasture/Pasture_1921.jpg,5
HerbaceousVegetation/HerbaceousVegetation_2495.jpg,2
Residential/Residential_1469.jpg,7
HerbaceousVegetation/HerbaceousVegetation_1376.jpg,2
River/River_2138.jpg,8
River/River_1199.jpg,8
Pasture/Pasture_552.jpg,5
Forest/Forest_795.jpg,1
River/River_1982.jpg,8
River/River_905.jpg,8
Industrial/Industrial_858.jpg,4
Forest/Forest_205.jpg,1
SeaLake/SeaLake_2413.jpg,9
Residential/Residential_682.jpg,7
AnnualCrop/AnnualCrop_940.jpg,0
Highway/Highway_2454.jpg,3
SeaLake/SeaLake_494.jpg,9
HerbaceousVegetation/HerbaceousVegetation_2847.jpg,2
Forest/Forest_2513.jpg,1
Pasture/Pasture_1675.jpg,5
PermanentCrop/PermanentCrop_105.jpg,6
Forest/Forest_1834.jpg,1
River/River_2086.jpg,8
SeaLake/SeaLake_1563.jpg,9
SeaLake/SeaLake_2923.jpg,9
Highway/Highway_217.jpg,3
SeaLake/SeaLake_2368.jpg,9
Residential/Residential_341.jpg,7
Pasture/Pasture_99.jpg,5
Industrial/Industrial_1749.jpg,4
Highway/Highway_1625.jpg,3
Industrial/Industrial_677.jpg,4
PermanentCrop/PermanentCrop_162.jpg,6
PermanentCrop/PermanentCrop_1482.jpg,6
SeaLake/SeaLake_2638.jpg,9
HerbaceousVegetation/HerbaceousVegetation_2184.jpg,2
SeaLake/SeaLake_1035.jpg,9
AnnualCrop/AnnualCrop_1201.jpg,0
Forest/Forest_1997.jpg,1
River/River_1421.jpg,8
River/River_1389.jpg,8
Pasture/Pasture_794.jpg,5
Pasture/Pasture_1126.jpg,5
HerbaceousVegetation/HerbaceousVegetation_2969.jpg,2
HerbaceousVegetation/HerbaceousVegetation_249.jpg,2
River/River_2468.jpg,8
SeaLake/SeaLake_892.jpg,9
SeaLake/SeaLake_2884.jpg,9
Highway/Highway_1910.jpg,3
SeaLake/SeaLake_2720.jpg,9
Pasture/Pasture_799.jpg,5
HerbaceousVegetation/HerbaceousVegetation_2118.jpg,2
Industrial/Industrial_1397.jpg,4
Residential/Residential_991.jpg,7
PermanentCrop/PermanentCrop_1252.jpg,6
SeaLake/SeaLake_2513.jpg,9
Forest/Forest_111.jpg,1
AnnualCrop/AnnualCrop_1914.jpg,0
HerbaceousVegetation/HerbaceousVegetation_1344.jpg,2
HerbaceousVegetation/HerbaceousVegetation_952.jpg,2
Highway/Highway_2035.jpg,3
Forest/Forest_2473.jpg,1
SeaLake/SeaLake_1228.jpg,9
HerbaceousVegetation/HerbaceousVegetation_1160.jpg,2
Residential/Residential_1984.jpg,7
Highway/Highway_450.jpg,3
AnnualCrop/AnnualCrop_1314.jpg,0
Forest/Forest_945.jpg,1
HerbaceousVegetation/HerbaceousVegetation_1682.jpg,2
Forest/Forest_2957.jpg,1
SeaLake/SeaLake_2095.jpg,9
Highway/Highway_2011.jpg,3
SeaLake/SeaLake_1526.jpg,9
SeaLake/SeaLake_392.jpg,9
River/River_1401.jpg,8
SeaLake/SeaLake_1990.jpg,9
HerbaceousVegetation/HerbaceousVegetation_2251.jpg,2
Pasture/Pasture_239.jpg,5
Forest/Forest_2255.jpg,1
HerbaceousVegetation/HerbaceousVegetation_1537.jpg,2
AnnualCrop/AnnualCrop_2282.jpg,0
Forest/Forest_1063.jpg,1
River/River_1114.jpg,8
River/River_1003.jpg,8
Industrial/Industrial_2101.jpg,4
SeaLake/SeaLake_1562.jpg,9
PermanentCrop/PermanentCrop_2299.jpg,6
PermanentCrop/PermanentCrop_875.jpg,6
Pasture/Pasture_1729.jpg,5
AnnualCrop/AnnualCrop_2376.jpg,0
Pasture/Pasture_964.jpg,5
SeaLake/SeaLake_2381.jpg,9
Residential/Residential_486.jpg,7
Forest/Forest_171.jpg,1
AnnualCrop/AnnualCrop_2111.jpg,0
Residential/Residential_2.jpg,7
Industrial/Industrial_1821.jpg,4
PermanentCrop/PermanentCrop_1078.jpg,6
Forest/Forest_247.jpg,1
AnnualCrop/AnnualCrop_2431.jpg,0
River/River_529.jpg,8
Pasture/Pasture_832.jpg,5
Highway/Highway_2146.jpg,3
Residential/Residential_2034.jpg,7
HerbaceousVegetation/HerbaceousVegetation_2902.jpg,2
Industrial/Industrial_989.jpg,4
AnnualCrop/AnnualCrop_2672.jpg,0
Residential/Residential_1651.jpg,7
Forest/Forest_1579.jpg,1
AnnualCrop/AnnualCrop_1072.jpg,0
Pasture/Pasture_1361.jpg,5
Highway/Highway_1773.jpg,3
Pasture/Pasture_1330.jpg,5
SeaLake/SeaLake_1217.jpg,9
Industrial/Industrial_1121.jpg,4
Residential/Residential_2228.jpg,7
Industrial/Industrial_2242.jpg,4
AnnualCrop/AnnualCrop_439.jpg,0
Highway/Highway_2083.jpg,3
Forest/Forest_235.jpg,1
Highway/Highway_211.jpg,3
SeaLake/SeaLake_1839.jpg,9
River/River_1129.jpg,8
Forest/Forest_865.jpg,1
Industrial/Industrial_149.jpg,4
AnnualCrop/AnnualCrop_166.jpg,0
River/River_2411.jpg,8
Industrial/Industrial_1714.jpg,4
River/River_205.jpg,8
AnnualCrop/AnnualCrop_1394.jpg,0
Residential/Residential_2517.jpg,7
Forest/Forest_1807.jpg,1
PermanentCrop/PermanentCrop_559.jpg,6
Highway/Highway_1885.jpg,3
HerbaceousVegetation/HerbaceousVegetation_622.jpg,2
River/River_2417.jpg,8
Pasture/Pasture_700.jpg,5
HerbaceousVegetation/HerbaceousVegetation_2803.jpg,2
AnnualCrop/AnnualCrop_1937.jpg,0
Highway/Highway_1847.jpg,3
AnnualCrop/AnnualCrop_2894.jpg,0
PermanentCrop/PermanentCrop_290.jpg,6
AnnualCrop/AnnualCrop_1263.jpg,0
Pasture/Pasture_1684.jpg,5
AnnualCrop/AnnualCrop_2761.jpg,0
River/River_1302.jpg,8
SeaLake/SeaLake_1574.jpg,9
Industrial/Industrial_822.jpg,4
AnnualCrop/AnnualCrop_1731.jpg,0
Residential/Residential_2893.jpg,7
Residential/Residential_171.jpg,7
Industrial/Industrial_369.jpg,4
Forest/Forest_1913.jpg,1
Residential/Residential_1974.jpg,7
SeaLake/SeaLake_338.jpg,9
Residential/Residential_1633.jpg,7
Residential/Residential_917.jpg,7
River/River_1106.jpg,8
SeaLake/SeaLake_1135.jpg,9
Highway/Highway_2327.jpg,3
Industrial/Industrial_1918.jpg,4
PermanentCrop/PermanentCrop_2266.jpg,6
HerbaceousVegetation/HerbaceousVegetation_2119.jpg,2
AnnualCrop/AnnualCrop_1362.jpg,0
HerbaceousVegetation/HerbaceousVegetation_1834.jpg,2
PermanentCrop/PermanentCrop_323.jpg,6
HerbaceousVegetation/HerbaceousVegetation_2788.jpg,2
Residential/Residential_2825.jpg,7
SeaLake/SeaLake_73.jpg,9
Residential/Residential_89.jpg,7
River/River_1380.jpg,8
SeaLake/SeaLake_1076.jpg,9
SeaLake/SeaLake_186.jpg,9
Highway/Highway_1475.jpg,3
Industrial/Industrial_342.jpg,4
SeaLake/SeaLake_371.jpg,9
Forest/Forest_1830.jpg,1
River/River_1015.jpg,8
AnnualCrop/AnnualCrop_860.jpg,0
Residential/Residential_1267.jpg,7
AnnualCrop/AnnualCrop_1396.jpg,0
Highway/Highway_871.jpg,3
Highway/Highway_362.jpg,3
Residential/Residential_518.jpg,7
Forest/Forest_622.jpg,1
Highway/Highway_1.jpg,3
PermanentCrop/PermanentCrop_1213.jpg,6
SeaLake/SeaLake_1621.jpg,9
Industrial/Industrial_802.jpg,4
AnnualCrop/AnnualCrop_2966.jpg,0
Highway/Highway_717.jpg,3
Pasture/Pasture_457.jpg,5
AnnualCrop/AnnualCrop_2591.jpg,0
Pasture/Pasture_1901.jpg,5
AnnualCrop/AnnualCrop_2848.jpg,0
River/River_1674.jpg,8
River/River_952.jpg,8
HerbaceousVegetation/HerbaceousVegetation_1668.jpg,2
Residential/Residential_321.jpg,7
SeaLake/SeaLake_2208.jpg,9
Industrial/Industrial_590.jpg,4
Pasture/Pasture_583.jpg,5
Industrial/Industrial_2220.jpg,4
AnnualCrop/AnnualCrop_139.jpg,0
Forest/Forest_572.jpg,1
HerbaceousVegetation/HerbaceousVegetation_1445.jpg,2
AnnualCrop/AnnualCrop_373.jpg,0
PermanentCrop/PermanentCrop_1055.jpg,6
Residential/Residential_1801.jpg,7
Highway/Highway_136.jpg,3
River/River_1578.jpg,8
SeaLake/SeaLake_1886.jpg,9
HerbaceousVegetation/HerbaceousVegetation_357.jpg,2
SeaLake/SeaLake_2389.jpg,9
Industrial/Industrial_1513.jpg,4
Highway/Highway_879.jpg,3
Residential/Residential_1863.jpg,7
Industrial/Industrial_744.jpg,4
AnnualCrop/AnnualCrop_2562.jpg,0
Residential/Residential_2458.jpg,7
HerbaceousVegetation/HerbaceousVegetation_1408.jpg,2
HerbaceousVegetation/HerbaceousVegetation_2986.jpg,2
River/River_731.jpg,8
Pasture/Pasture_114.jpg,5
PermanentCrop/PermanentCrop_1095.jpg,6
PermanentCrop/PermanentCrop_1877.jpg,6
Forest/Forest_2465.jpg,1
Industrial/Industrial_1608.jpg,4
AnnualCrop/AnnualCrop_542.jpg,0
Residential/Residential_2344.jpg,7
HerbaceousVegetation/HerbaceousVegetation_1689.jpg,2
PermanentCrop/PermanentCrop_24.jpg,6
River/River_2079.jpg,8
Industrial/Industrial_704.jpg,4
PermanentCrop/PermanentCrop_1320.jpg,6
SeaLake/SeaLake_1802.jpg,9
Residential/Residential_2237.jpg,7
Highway/Highway_982.jpg,3
SeaLake/SeaLake_160.jpg,9
HerbaceousVegetation/HerbaceousVegetation_25.jpg,2
Forest/Forest_1714.jpg,1
Residential/Residential_2590.jpg,7
SeaLake/SeaLake_710.jpg,9
AnnualCrop/AnnualCrop_115.jpg,0
Industrial/Industrial_505.jpg,4
HerbaceousVegetation/HerbaceousVegetation_2923.jpg,2
HerbaceousVegetation/HerbaceousVegetation_448.jpg,2
SeaLake/SeaLake_179.jpg,9
PermanentCrop/PermanentCrop_357.jpg,6
Residential/Residential_1694.jpg,7
Highway/Highway_287.jpg,3
AnnualCrop/AnnualCrop_801.jpg,0
AnnualCrop/AnnualCrop_950.jpg,0
AnnualCrop/AnnualCrop_2223.jpg,0
Residential/Residential_2713.jpg,7
Industrial/Industrial_501.jpg,4
River/River_881.jpg,8
AnnualCrop/AnnualCrop_30.jpg,0
SeaLake/SeaLake_1456.jpg,9
Forest/Forest_1892.jpg,1
Highway/Highway_443.jpg,3
Forest/Forest_115.jpg,1
AnnualCrop/AnnualCrop_1963.jpg,0
Pasture/Pasture_922.jpg,5
HerbaceousVegetation/HerbaceousVegetation_459.jpg,2
Residential/Residential_1450.jpg,7
Highway/Highway_330.jpg,3
HerbaceousVegetation/HerbaceousVegetation_741.jpg,2
River/River_959.jpg,8
SeaLake/SeaLake_1361.jpg,9
Residential/Residential_2401.jpg,7
Pasture/Pasture_443.jpg,5
HerbaceousVegetation/HerbaceousVegetation_228.jpg,2
PermanentCrop/PermanentCrop_1274.jpg,6
Industrial/Industrial_2159.jpg,4
AnnualCrop/AnnualCrop_1514.jpg,0
AnnualCrop/AnnualCrop_935.jpg,0
River/River_2303.jpg,8
PermanentCrop/PermanentCrop_1803.jpg,6
SeaLake/SeaLake_1179.jpg,9
Residential/Residential_1221.jpg,7
River/River_2217.jpg,8
Forest/Forest_2582.jpg,1
River/River_2448.jpg,8
Pasture/Pasture_1705.jpg,5
River/River_2094.jpg,8
Forest/Forest_1604.jpg,1
PermanentCrop/PermanentCrop_2301.jpg,6
Industrial/Industrial_242.jpg,4
AnnualCrop/AnnualCrop_2399.jpg,0
Forest/Forest_837.jpg,1
PermanentCrop/PermanentCrop_2443.jpg,6
SeaLake/SeaLake_914.jpg,9
Industrial/Industrial_436.jpg,4
Pasture/Pasture_317.jpg,5
Highway/Highway_616.jpg,3
PermanentCrop/PermanentCrop_34.jpg,6
River/River_2184.jpg,8
SeaLake/SeaLake_2384.jpg,9
SeaLake/SeaLake_505.jpg,9
AnnualCrop/AnnualCrop_1191.jpg,0
AnnualCrop/AnnualCrop_694.jpg,0
Pasture/Pasture_1563.jpg,5
Forest/Forest_1040.jpg,1
AnnualCrop/AnnualCrop_2688.jpg,0
SeaLake/SeaLake_254.jpg,9
SeaLake/SeaLake_2183.jpg,9
Residential/Residential_493.jpg,7
HerbaceousVegetation/HerbaceousVegetation_388.jpg,2
HerbaceousVegetation/HerbaceousVegetation_429.jpg,2
Residential/Residential_2877.jpg,7
PermanentCrop/PermanentCrop_2408.jpg,6
Highway/Highway_1562.jpg,3
AnnualCrop/AnnualCrop_2257.jpg,0
Residential/Residential_101.jpg,7
PermanentCrop/PermanentCrop_1693.jpg,6
Industrial/Industrial_400.jpg,4
Residential/Residential_1675.jpg,7
Highway/Highway_1566.jpg,3
SeaLake/SeaLake_187.jpg,9
HerbaceousVegetation/HerbaceousVegetation_1392.jpg,2
Pasture/Pasture_988.jpg,5
PermanentCrop/PermanentCrop_1316.jpg,6
SeaLake/SeaLake_1490.jpg,9
PermanentCrop/PermanentCrop_990.jpg,6
Pasture/Pasture_1922.jpg,5
River/River_1793.jpg,8
River/River_1928.jpg,8
Highway/Highway_709.jpg,3
AnnualCrop/AnnualCrop_2125.jpg,0
HerbaceousVegetation/HerbaceousVegetation_1027.jpg,2
Forest/Forest_327.jpg,1
Pasture/Pasture_1936.jpg,5
HerbaceousVegetation/HerbaceousVegetation_270.jpg,2
HerbaceousVegetation/HerbaceousVegetation_1403.jpg,2
AnnualCrop/AnnualCrop_2071.jpg,0
Forest/Forest_14.jpg,1
Residential/Residential_716.jpg,7
PermanentCrop/PermanentCrop_1780.jpg,6
Forest/Forest_460.jpg,1
Industrial/Industrial_2032.jpg,4
AnnualCrop/AnnualCrop_402.jpg,0
Industrial/Industrial_1972.jpg,4
River/River_2319.jpg,8
Forest/Forest_245.jpg,1
Forest/Forest_1378.jpg,1
River/River_102.jpg,8
Industrial/Industrial_2333.jpg,4
Highway/Highway_1983.jpg,3
PermanentCrop/PermanentCrop_296.jpg,6
Residential/Residential_2732.jpg,7
HerbaceousVegetation/HerbaceousVegetation_1164.jpg,2
River/River_1846.jpg,8
Industrial/Industrial_101.jpg,4
PermanentCrop/PermanentCrop_331.jpg,6
Residential/Residential_235.jpg,7
Highway/Highway_231.jpg,3
Highway/Highway_2025.jpg,3
Industrial/Industrial_994.jpg,4
AnnualCrop/AnnualCrop_1548.jpg,0
AnnualCrop/AnnualCrop_1966.jpg,0
Industrial/Industrial_1865.jpg,4
Residential/Residential_6.jpg,7
AnnualCrop/AnnualCrop_376.jpg,0
Pasture/Pasture_385.jpg,5
PermanentCrop/PermanentCrop_621.jpg,6
Industrial/Industrial_853.jpg,4
AnnualCrop/AnnualCrop_1659.jpg,0
Highway/Highway_1508.jpg,3
Highway/Highway_695.jpg,3
Residential/Residential_911.jpg,7
Forest/Forest_177.jpg,1
Industrial/Industrial_1326.jpg,4
HerbaceousVegetation/HerbaceousVegetation_280.jpg,2
Forest/Forest_2691.jpg,1
Forest/Forest_2543.jpg,1
AnnualCrop/AnnualCrop_1905.jpg,0
PermanentCrop/PermanentCrop_1734.jpg,6
Pasture/Pasture_1832.jpg,5
HerbaceousVegetation/HerbaceousVegetation_1465.jpg,2
SeaLake/SeaLake_1862.jpg,9
Pasture/Pasture_712.jpg,5
River/River_10.jpg,8
Residential/Residential_2300.jpg,7
SeaLake/SeaLake_1224.jpg,9
Industrial/Industrial_1470.jpg,4
SeaLake/SeaLake_975.jpg,9
Industrial/Industrial_1408.jpg,4
Industrial/Industrial_624.jpg,4
Pasture/Pasture_717.jpg,5
AnnualCrop/AnnualCrop_2706.jpg,0
Pasture/Pasture_1293.jpg,5
Highway/Highway_1550.jpg,3
Residential/Residential_1328.jpg,7
Forest/Forest_2151.jpg,1
Residential/Residential_1304.jpg,7
PermanentCrop/PermanentCrop_2269.jpg,6
Highway/Highway_1664.jpg,3
PermanentCrop/PermanentCrop_705.jpg,6
AnnualCrop/AnnualCrop_1657.jpg,0
Pasture/Pasture_1149.jpg,5
Forest/Forest_2476.jpg,1
River/River_1818.jpg,8
HerbaceousVegetation/HerbaceousVegetation_2065.jpg,2
SeaLake/SeaLake_718.jpg,9
Industrial/Industrial_2415.jpg,4
HerbaceousVegetation/HerbaceousVegetation_983.jpg,2
AnnualCrop/AnnualCrop_2484.jpg,0
Residential/Residential_1894.jpg,7
HerbaceousVegetation/HerbaceousVegetation_2547.jpg,2
PermanentCrop/PermanentCrop_420.jpg,6
SeaLake/SeaLake_803.jpg,9
AnnualCrop/AnnualCrop_1277.jpg,0
Highway/Highway_2194.jpg,3
Pasture/Pasture_1524.jpg,5
AnnualCrop/AnnualCrop_848.jpg,0
HerbaceousVegetation/HerbaceousVegetation_1514.jpg,2
Highway/Highway_2367.jpg,3
AnnualCrop/AnnualCrop_618.jpg,0
River/River_1980.jpg,8
River/River_1037.jpg,8
Forest/Forest_1100.jpg,1
Forest/Forest_977.jpg,1
Pasture/Pasture_1736.jpg,5
HerbaceousVegetation/HerbaceousVegetation_2859.jpg,2
SeaLake/SeaLake_987.jpg,9
River/River_2050.jpg,8
Residential/Residential_1245.jpg,7
Industrial/Industrial_275.jpg,4
SeaLake/SeaLake_307.jpg,9
River/River_2410.jpg,8
Forest/Forest_516.jpg,1
Highway/Highway_1411.jpg,3
PermanentCrop/PermanentCrop_575.jpg,6
AnnualCrop/AnnualCrop_2381.jpg,0
HerbaceousVegetation/HerbaceousVegetation_2906.jpg,2
Pasture/Pasture_1976.jpg,5
PermanentCrop/PermanentCrop_729.jpg,6
HerbaceousVegetation/HerbaceousVegetation_962.jpg,2
Pasture/Pasture_105.jpg,5
AnnualCrop/AnnualCrop_258.jpg,0
SeaLake/SeaLake_2734.jpg,9
Residential/Residential_2172.jpg,7
River/River_734.jpg,8
Forest/Forest_265.jpg,1
Industrial/Industrial_974.jpg,4
Residential/Residential_2071.jpg,7
SeaLake/SeaLake_2080.jpg,9
Forest/Forest_787.jpg,1
SeaLake/SeaLake_345.jpg,9
River/River_2494.jpg,8
Pasture/Pasture_1025.jpg,5
Residential/Residential_1826.jpg,7
River/River_1417.jpg,8
SeaLake/SeaLake_531.jpg,9
Industrial/Industrial_605.jpg,4
Pasture/Pasture_351.jpg,5
PermanentCrop/PermanentCrop_1282.jpg,6
HerbaceousVegetation/HerbaceousVegetation_1814.jpg,2
Industrial/Industrial_1645.jpg,4
Residential/Residential_2298.jpg,7
Highway/Highway_2057.jpg,3
Highway/Highway_1786.jpg,3
HerbaceousVegetation/HerbaceousVegetation_2509.jpg,2
River/River_255.jpg,8
Residential/Residential_2964.jpg,7
SeaLake/SeaLake_2268.jpg,9
SeaLake/SeaLake_1734.jpg,9
Residential/Residential_1962.jpg,7
River/River_212.jpg,8
Residential/Residential_2064.jpg,7
SeaLake/SeaLake_772.jpg,9
AnnualCrop/AnnualCrop_2606.jpg,0
Residential/Residential_2661.jpg,7
PermanentCrop/PermanentCrop_1149.jpg,6
SeaLake/SeaLake_698.jpg,9
Pasture/Pasture_1971.jpg,5
Industrial/Industrial_477.jpg,4
AnnualCrop/AnnualCrop_1989.jpg,0
AnnualCrop/AnnualCrop_909.jpg,0
PermanentCrop/PermanentCrop_82.jpg,6
HerbaceousVegetation/HerbaceousVegetation_1276.jpg,2
River/River_835.jpg,8
Forest/Forest_1530.jpg,1
HerbaceousVegetation/HerbaceousVegetation_2583.jpg,2
Highway/Highway_1825.jpg,3
Residential/Residential_984.jpg,7
Pasture/Pasture_46.jpg,5
SeaLake/SeaLake_1827.jpg,9
River/River_1443.jpg,8
Forest/Forest_2192.jpg,1
AnnualCrop/AnnualCrop_651.jpg,0
Forest/Forest_2969.jpg,1
River/River_2222.jpg,8
Highway/Highway_66.jpg,3
Forest/Forest_2887.jpg,1
PermanentCrop/PermanentCrop_535.jpg,6
AnnualCrop/AnnualCrop_1141.jpg,0
River/River_31.jpg,8
Industrial/Industrial_621.jpg,4
Highway/Highway_1556.jpg,3
Highway/Highway_117.jpg,3
SeaLake/SeaLake_62.jpg,9
Industrial/Industrial_540.jpg,4
SeaLake/SeaLake_1101.jpg,9
PermanentCrop/PermanentCrop_1121.jpg,6
Highway/Highway_1930.jpg,3
Forest/Forest_655.jpg,1
PermanentCrop/PermanentCrop_2496.jpg,6
HerbaceousVegetation/HerbaceousVegetation_1989.jpg,2
PermanentCrop/PermanentCrop_2260.jpg,6
SeaLake/SeaLake_415.jpg,9
Residential/Residential_2897.jpg,7
Industrial/Industrial_1114.jpg,4
River/River_706.jpg,8
Highway/Highway_90.jpg,3
SeaLake/SeaLake_2229.jpg,9
AnnualCrop/AnnualCrop_497.jpg,0
Forest/Forest_343.jpg,1
SeaLake/SeaLake_1332.jpg,9
PermanentCrop/PermanentCrop_1702.jpg,6
AnnualCrop/AnnualCrop_2416.jpg,0
Forest/Forest_1483.jpg,1
Residential/Residential_1048.jpg,7
SeaLake/SeaLake_1857.jpg,9
HerbaceousVegetation/HerbaceousVegetation_1781.jpg,2
SeaLake/SeaLake_2697.jpg,9
AnnualCrop/AnnualCrop_385.jpg,0
PermanentCrop/PermanentCrop_1582.jpg,6
PermanentCrop/PermanentCrop_568.jpg,6
HerbaceousVegetation/HerbaceousVegetation_1052.jpg,2
Forest/Forest_48.jpg,1
River/River_571.jpg,8
Highway/Highway_2206.jpg,3
PermanentCrop/PermanentCrop_2440.jpg,6
PermanentCrop/PermanentCrop_1956.jpg,6
Industrial/Industrial_1.jpg,4
Pasture/Pasture_107.jpg,5
Highway/Highway_1706.jpg,3
PermanentCrop/PermanentCrop_1957.jpg,6
Residential/Residential_2654.jpg,7
SeaLake/SeaLake_2475.jpg,9
HerbaceousVegetation/HerbaceousVegetation_2510.jpg,2
HerbaceousVegetation/HerbaceousVegetation_1526.jpg,2
Industrial/Industrial_324.jpg,4
Residential/Residential_2529.jpg,7
Forest/Forest_109.jpg,1
Pasture/Pasture_1939.jpg,5
SeaLake/SeaLake_510.jpg,9
Residential/Residential_2923.jpg,7
PermanentCrop/PermanentCrop_1814.jpg,6
Residential/Residential_2174.jpg,7
AnnualCrop/AnnualCrop_2087.jpg,0
AnnualCrop/AnnualCrop_2847.jpg,0
SeaLake/SeaLake_2689.jpg,9
AnnualCrop/AnnualCrop_2892.jpg,0
Forest/Forest_1987.jpg,1
PermanentCrop/PermanentCrop_1064.jpg,6
Forest/Forest_332.jpg,1
HerbaceousVegetation/HerbaceousVegetation_2441.jpg,2
Highway/Highway_915.jpg,3
AnnualCrop/AnnualCrop_1581.jpg,0
SeaLake/SeaLake_1616.jpg,9
SeaLake/SeaLake_1759.jpg,9
Highway/Highway_617.jpg,3
SeaLake/SeaLake_8.jpg,9
Residential/Residential_2679.jpg,7
Industrial/Industrial_1754.jpg,4
HerbaceousVegetation/HerbaceousVegetation_559.jpg,2
Industrial/Industrial_177.jpg,4
River/River_732.jpg,8
Forest/Forest_625.jpg,1
AnnualCrop/AnnualCrop_792.jpg,0
AnnualCrop/AnnualCrop_2315.jpg,0
SeaLake/SeaLake_266.jpg,9
River/River_1743.jpg,8
Industrial/Industrial_1305.jpg,4
Forest/Forest_1764.jpg,1
Industrial/Industrial_868.jpg,4
Pasture/Pasture_867.jpg,5
SeaLake/SeaLake_2170.jpg,9
HerbaceousVegetation/HerbaceousVegetation_2410.jpg,2
HerbaceousVegetation/HerbaceousVegetation_793.jpg,2
Forest/Forest_2454.jpg,1
Highway/Highway_391.jpg,3
HerbaceousVegetation/HerbaceousVegetation_2396.jpg,2
Pasture/Pasture_259.jpg,5
HerbaceousVegetation/HerbaceousVegetation_1568.jpg,2
PermanentCrop/PermanentCrop_1610.jpg,6
Pasture/Pasture_896.jpg,5
PermanentCrop/PermanentCrop_1311.jpg,6
Highway/Highway_1424.jpg,3
Forest/Forest_175.jpg,1
HerbaceousVegetation/HerbaceousVegetation_1018.jpg,2
Pasture/Pasture_638.jpg,5
PermanentCrop/PermanentCrop_561.jpg,6
SeaLake/SeaLake_2234.jpg,9
SeaLake/SeaLake_860.jpg,9
Highway/Highway_1127.jpg,3
AnnualCrop/AnnualCrop_174.jpg,0
Highway/Highway_1846.jpg,3
Forest/Forest_744.jpg,1
HerbaceousVegetation/HerbaceousVegetation_2960.jpg,2
AnnualCrop/AnnualCrop_353.jpg,0
Residential/Residential_1813.jpg,7
HerbaceousVegetation/HerbaceousVegetation_2792.jpg,2
Highway/Highway_1291.jpg,3
Pasture/Pasture_94.jpg,5
SeaLake/SeaLake_1921.jpg,9
Forest/Forest_1293.jpg,1
HerbaceousVegetation/HerbaceousVegetation_718.jpg,2
Forest/Forest_349.jpg,1
Forest/Forest_2432.jpg,1
Pasture/Pasture_1188.jpg,5
Industrial/Industrial_1923.jpg,4
River/River_1605.jpg,8
Forest/Forest_1569.jpg,1
Residential/Residential_2040.jpg,7
Pasture/Pasture_1124.jpg,5
PermanentCrop/PermanentCrop_891.jpg,6
HerbaceousVegetation/HerbaceousVegetation_657.jpg,2
PermanentCrop/PermanentCrop_222.jpg,6
Forest/Forest_653.jpg,1
River/River_1175.jpg,8
PermanentCrop/PermanentCrop_1459.jpg,6
Pasture/Pasture_2.jpg,5
Residential/Residential_1481.jpg,7
AnnualCrop/AnnualCrop_2488.jpg,0
Forest/Forest_1259.jpg,1
AnnualCrop/AnnualCrop_885.jpg,0
AnnualCrop/AnnualCrop_1295.jpg,0
Residential/Residential_1898.jpg,7
HerbaceousVegetation/HerbaceousVegetation_1306.jpg,2
Highway/Highway_572.jpg,3
HerbaceousVegetation/HerbaceousVegetation_2623.jpg,2
SeaLake/SeaLake_634.jpg,9
Pasture/Pasture_1259.jpg,5
PermanentCrop/PermanentCrop_49.jpg,6
PermanentCrop/PermanentCrop_1898.jpg,6
Residential/Residential_2448.jpg,7
HerbaceousVegetation/HerbaceousVegetation_2456.jpg,2
Forest/Forest_1813.jpg,1
Industrial/Industrial_1173.jpg,4
Industrial/Industrial_2496.jpg,4
Industrial/Industrial_2042.jpg,4
Forest/Forest_1285.jpg,1
Highway/Highway_506.jpg,3
HerbaceousVegetation/HerbaceousVegetation_1968.jpg,2
AnnualCrop/AnnualCrop_2834.jpg,0
River/River_2374.jpg,8
SeaLake/SeaLake_1812.jpg,9
Residential/Residential_638.jpg,7
SeaLake/SeaLake_1327.jpg,9
River/River_26.jpg,8
River/River_367.jpg,8
SeaLake/SeaLake_1204.jpg,9
River/River_1863.jpg,8
River/River_194.jpg,8
AnnualCrop/AnnualCrop_2256.jpg,0
Forest/Forest_1550.jpg,1
Industrial/Industrial_2435.jpg,4
Pasture/Pasture_1221.jpg,5
Highway/Highway_1168.jpg,3
AnnualCrop/AnnualCrop_1158.jpg,0
Pasture/Pasture_1181.jpg,5
Forest/Forest_2006.jpg,1
Residential/Residential_1557.jpg,7
AnnualCrop/AnnualCrop_917.jpg,0
Forest/Forest_250.jpg,1
Forest/Forest_78.jpg,1
Highway/Highway_427.jpg,3
Industrial/Industrial_1015.jpg,4
Highway/Highway_132.jpg,3
Highway/Highway_2138.jpg,3
Forest/Forest_1374.jpg,1
River/River_288.jpg,8
Forest/Forest_561.jpg,1
HerbaceousVegetation/HerbaceousVegetation_879.jpg,2
Forest/Forest_25.jpg,1
AnnualCrop/AnnualCrop_2417.jpg,0
HerbaceousVegetation/HerbaceousVegetation_419.jpg,2
Residential/Residential_2738.jpg,7
River/River_1766.jpg,8
Residential/Residential_1853.jpg,7
HerbaceousVegetation/HerbaceousVegetation_2211.jpg,2
AnnualCrop/AnnualCrop_2084.jpg,0
SeaLake/SeaLake_2534.jpg,9
River/River_2267.jpg,8
Industrial/Industrial_2379.jpg,4
Highway/Highway_1373.jpg,3
HerbaceousVegetation/HerbaceousVegetation_1077.jpg,2
AnnualCrop/AnnualCrop_1461.jpg,0
Pasture/Pasture_183.jpg,5
PermanentCrop/PermanentCrop_111.jpg,6
Highway/Highway_2010.jpg,3
PermanentCrop/PermanentCrop_722.jpg,6
Residential/Residential_881.jpg,7
Highway/Highway_1445.jpg,3
SeaLake/SeaLake_364.jpg,9
River/River_819.jpg,8
Residential/Residential_1955.jpg,7
HerbaceousVegetation/HerbaceousVegetation_970.jpg,2
AnnualCrop/AnnualCrop_2683.jpg,0
Residential/Residential_1689.jpg,7
AnnualCrop/AnnualCrop_2936.jpg,0
PermanentCrop/PermanentCrop_146.jpg,6
SeaLake/SeaLake_1156.jpg,9
SeaLake/SeaLake_1285.jpg,9
Highway/Highway_2207.jpg,3
PermanentCrop/PermanentCrop_834.jpg,6
Pasture/Pasture_1860.jpg,5
Industrial/Industrial_162.jpg,4
Highway/Highway_1951.jpg,3
PermanentCrop/PermanentCrop_144.jpg,6
SeaLake/SeaLake_68.jpg,9
SeaLake/SeaLake_2085.jpg,9
HerbaceousVegetation/HerbaceousVegetation_1505.jpg,2
Forest/Forest_374.jpg,1
Industrial/Industrial_2456.jpg,4
Highway/Highway_612.jpg,3
Residential/Residential_2233.jpg,7
SeaLake/SeaLake_544.jpg,9
Pasture/Pasture_444.jpg,5
River/River_1360.jpg,8
River/River_1384.jpg,8
HerbaceousVegetation/HerbaceousVegetation_389.jpg,2
River/River_1874.jpg,8
HerbaceousVegetation/HerbaceousVegetation_1060.jpg,2
Residential/Residential_1003.jpg,7
SeaLake/SeaLake_2476.jpg,9
Residential/Residential_1446.jpg,7
Forest/Forest_995.jpg,1
Pasture/Pasture_1466.jpg,5
Highway/Highway_1540.jpg,3
River/River_1686.jpg,8
Residential/Residential_2460.jpg,7
Forest/Forest_2835.jpg,1
Forest/Forest_2759.jpg,1
SeaLake/SeaLake_2294.jpg,9
Pasture/Pasture_1242.jpg,5
Industrial/Industrial_1029.jpg,4
Pasture/Pasture_240.jpg,5
SeaLake/SeaLake_552.jpg,9
HerbaceousVegetation/HerbaceousVegetation_1094.jpg,2
PermanentCrop/PermanentCrop_309.jpg,6
HerbaceousVegetation/HerbaceousVegetation_530.jpg,2
River/River_1601.jpg,8
Pasture/Pasture_673.jpg,5
SeaLake/SeaLake_1758.jpg,9
HerbaceousVegetation/HerbaceousVegetation_2161.jpg,2
AnnualCrop/AnnualCrop_1498.jpg,0
River/River_1913.jpg,8
SeaLake/SeaLake_84.jpg,9
Residential/Residential_122.jpg,7
Highway/Highway_2085.jpg,3
Pasture/Pasture_1439.jpg,5
Residential/Residential_710.jpg,7
Forest/Forest_769.jpg,1
PermanentCrop/PermanentCrop_2439.jpg,6
River/River_2175.jpg,8
HerbaceousVegetation/HerbaceousVegetation_2796.jpg,2
HerbaceousVegetation/HerbaceousVegetation_1956.jpg,2
Forest/Forest_219.jpg,1
Residential/Residential_2560.jpg,7
Pasture/Pasture_897.jpg,5
River/River_2310.jpg,8
Industrial/Industrial_670.jpg,4
Residential/Residential_213.jpg,7
Pasture/Pasture_1334.jpg,5
Industrial/Industrial_302.jpg,4
Residential/Residential_483.jpg,7
SeaLake/SeaLake_2325.jpg,9
River/River_554.jpg,8
River/River_2487.jpg,8
Forest/Forest_2293.jpg,1
River/River_465.jpg,8
Residential/Residential_1851.jpg,7
Industrial/Industrial_1260.jpg,4
Highway/Highway_2432.jpg,3
Pasture/Pasture_1794.jpg,5
HerbaceousVegetation/HerbaceousVegetation_1301.jpg,2
River/River_865.jpg,8
Forest/Forest_1749.jpg,1
AnnualCrop/AnnualCrop_866.jpg,0
SeaLake/SeaLake_1238.jpg,9
HerbaceousVegetation/HerbaceousVegetation_2582.jpg,2
SeaLake/SeaLake_1670.jpg,9
Pasture/Pasture_959.jpg,5
SeaLake/SeaLake_826.jpg,9
Pasture/Pasture_1215.jpg,5
Highway/Highway_1937.jpg,3
HerbaceousVegetation/HerbaceousVegetation_1777.jpg,2
Highway/Highway_1292.jpg,3
River/River_2012.jpg,8
Residential/Residential_2822.jpg,7
Forest/Forest_2014.jpg,1
SeaLake/SeaLake_638.jpg,9
Residential/Residential_2476.jpg,7
Residential/Residential_584.jpg,7
HerbaceousVegetation/HerbaceousVegetation_1158.jpg,2
HerbaceousVegetation/HerbaceousVegetation_2031.jpg,2
Highway/Highway_1658.jpg,3
River/River_2102.jpg,8
AnnualCrop/AnnualCrop_1245.jpg,0
HerbaceousVegetation/HerbaceousVegetation_2950.jpg,2
SeaLake/SeaLake_1395.jpg,9
SeaLake/SeaLake_54.jpg,9
River/River_437.jpg,8
Forest/Forest_938.jpg,1
AnnualCrop/AnnualCrop_371.jpg,0
Forest/Forest_41.jpg,1
AnnualCrop/AnnualCrop_1766.jpg,0
Pasture/Pasture_289.jpg,5
Industrial/Industrial_711.jpg,4
AnnualCrop/AnnualCrop_1016.jpg,0
River/River_560.jpg,8
SeaLake/SeaLake_685.jpg,9
Residential/Residential_633.jpg,7
Industrial/Industrial_2203.jpg,4
PermanentCrop/PermanentCrop_498.jpg,6
Forest/Forest_148.jpg,1
Industrial/Industrial_551.jpg,4
Highway/Highway_141.jpg,3
HerbaceousVegetation/HerbaceousVegetation_1372.jpg,2
HerbaceousVegetation/HerbaceousVegetation_1227.jpg,2
SeaLake/SeaLake_25.jpg,9
Forest/Forest_555.jpg,1
PermanentCrop/PermanentCrop_2026.jpg,6
Highway/Highway_222.jpg,3
Industrial/Industrial_1149.jpg,4
Forest/Forest_452.jpg,1
SeaLake/SeaLake_2845.jpg,9
River/River_1888.jpg,8
Industrial/Industrial_796.jpg,4
River/River_1613.jpg,8
Highway/Highway_1463.jpg,3
PermanentCrop/PermanentCrop_1020.jpg,6
River/River_524.jpg,8
HerbaceousVegetation/HerbaceousVegetation_1766.jpg,2
HerbaceousVegetation/HerbaceousVegetation_413.jpg,2
PermanentCrop/PermanentCrop_1441.jpg,6
Industrial/Industrial_2349.jpg,4
Pasture/Pasture_946.jpg,5
River/River_1893.jpg,8
AnnualCrop/AnnualCrop_2803.jpg,0
Pasture/Pasture_761.jpg,5
HerbaceousVegetation/HerbaceousVegetation_186.jpg,2
AnnualCrop/AnnualCrop_2355.jpg,0
Forest/Forest_583.jpg,1
Residential/Residential_11.jpg,7
Residential/Residential_78.jpg,7
AnnualCrop/AnnualCrop_1432.jpg,0
SeaLake/SeaLake_1335.jpg,9
Residential/Residential_2335.jpg,7
Forest/Forest_2502.jpg,1
River/River_2418.jpg,8
SeaLake/SeaLake_82.jpg,9
HerbaceousVegetation/HerbaceousVegetation_658.jpg,2
Highway/Highway_1722.jpg,3
PermanentCrop/PermanentCrop_662.jpg,6
PermanentCrop/PermanentCrop_825.jpg,6
Residential/Residential_1540.jpg,7
AnnualCrop/AnnualCrop_1783.jpg,0
Highway/Highway_129.jpg,3
Highway/Highway_1371.jpg,3
River/River_73.jpg,8
HerbaceousVegetation/HerbaceousVegetation_1497.jpg,2
Residential/Residential_920.jpg,7
HerbaceousVegetation/HerbaceousVegetation_950.jpg,2
HerbaceousVegetation/HerbaceousVegetation_488.jpg,2
SeaLake/SeaLake_953.jpg,9
Industrial/Industrial_218.jpg,4
Highway/Highway_759.jpg,3
HerbaceousVegetation/HerbaceousVegetation_2022.jpg,2
River/River_443.jpg,8
Highway/Highway_638.jpg,3
SeaLake/SeaLake_2842.jpg,9
PermanentCrop/PermanentCrop_2113.jpg,6
HerbaceousVegetation/HerbaceousVegetation_1961.jpg,2
HerbaceousVegetation/HerbaceousVegetation_868.jpg,2
Industrial/Industrial_438.jpg,4
Residential/Residential_1011.jpg,7
HerbaceousVegetation/HerbaceousVegetation_1743.jpg,2
Pasture/Pasture_213.jpg,5
SeaLake/SeaLake_158.jpg,9
Pasture/Pasture_920.jpg,5
River/River_1740.jpg,8
Forest/Forest_1659.jpg,1
SeaLake/SeaLake_850.jpg,9
HerbaceousVegetation/HerbaceousVegetation_2099.jpg,2
PermanentCrop/PermanentCrop_117.jpg,6
PermanentCrop/PermanentCrop_673.jpg,6
HerbaceousVegetation/HerbaceousVegetation_1238.jpg,2
Highway/Highway_2330.jpg,3
AnnualCrop/AnnualCrop_2261.jpg,0
River/River_1383.jpg,8
Industrial/Industrial_1210.jpg,4
HerbaceousVegetation/HerbaceousVegetation_1550.jpg,2
Highway/Highway_21.jpg,3
Pasture/Pasture_753.jpg,5
Highway/Highway_2055.jpg,3
Pasture/Pasture_1793.jpg,5
Highway/Highway_2385.jpg,3
AnnualCrop/AnnualCrop_56.jpg,0
SeaLake/SeaLake_2669.jpg,9
PermanentCrop/PermanentCrop_1374.jpg,6
Residential/Residential_783.jpg,7
SeaLake/SeaLake_894.jpg,9
SeaLake/SeaLake_1980.jpg,9
HerbaceousVegetation/HerbaceousVegetation_2227.jpg,2
SeaLake/SeaLake_2164.jpg,9
Highway/Highway_1905.jpg,3
HerbaceousVegetation/HerbaceousVegetation_322.jpg,2
SeaLake/SeaLake_2610.jpg,9
Industrial/Industrial_2127.jpg,4
River/River_2409.jpg,8
River/River_2467.jpg,8
AnnualCrop/AnnualCrop_2061.jpg,0
SeaLake/SeaLake_864.jpg,9
HerbaceousVegetation/HerbaceousVegetation_2608.jpg,2
Forest/Forest_1925.jpg,1
River/River_987.jpg,8
Residential/Residential_915.jpg,7
Forest/Forest_2291.jpg,1
AnnualCrop/AnnualCrop_2109.jpg,0
HerbaceousVegetation/HerbaceousVegetation_2350.jpg,2
River/River_1746.jpg,8
Residential/Residential_2049.jpg,7
Highway/Highway_846.jpg,3
AnnualCrop/AnnualCrop_1027.jpg,0
Industrial/Industrial_1636.jpg,4
HerbaceousVegetation/HerbaceousVegetation_2811.jpg,2
PermanentCrop/PermanentCrop_2344.jpg,6
Industrial/Industrial_216.jpg,4
Highway/Highway_1316.jpg,3
Industrial/Industrial_2012.jpg,4
Highway/Highway_974.jpg,3
Highway/Highway_424.jpg,3
Highway/Highway_2145.jpg,3
Industrial/Industrial_1615.jpg,4
SeaLake/SeaLake_2484.jpg,9
Forest/Forest_557.jpg,1
Highway/Highway_2378.jpg,3
PermanentCrop/PermanentCrop_2072.jpg,6
HerbaceousVegetation/HerbaceousVegetation_721.jpg,2
AnnualCrop/AnnualCrop_897.jpg,0
SeaLake/SeaLake_1421.jpg,9
SeaLake/SeaLake_1630.jpg,9
SeaLake/SeaLake_188.jpg,9
River/River_1055.jpg,8
Pasture/Pasture_1905.jpg,5
Pasture/Pasture_13.jpg,5
Pasture/Pasture_352.jpg,5
SeaLake/SeaLake_2887.jpg,9
SeaLake/SeaLake_1148.jpg,9
SeaLake/SeaLake_2703.jpg,9
River/River_1663.jpg,8
Industrial/Industrial_1039.jpg,4
River/River_85.jpg,8
Industrial/Industrial_1999.jpg,4
HerbaceousVegetation/HerbaceousVegetation_535.jpg,2
HerbaceousVegetation/HerbaceousVegetation_172.jpg,2
Industrial/Industrial_1419.jpg,4
River/River_581.jpg,8
Highway/Highway_1619.jpg,3
AnnualCrop/AnnualCrop_1398.jpg,0
HerbaceousVegetation/HerbaceousVegetation_925.jpg,2
Industrial/Industrial_1591.jpg,4
HerbaceousVegetation/HerbaceousVegetation_2871.jpg,2
HerbaceousVegetation/HerbaceousVegetation_499.jpg,2
Highway/Highway_1160.jpg,3
Industrial/Industrial_1467.jpg,4
HerbaceousVegetation/HerbaceousVegetation_2039.jpg,2
SeaLake/SeaLake_1029.jpg,9
Residential/Residential_1807.jpg,7
SeaLake/SeaLake_1675.jpg,9
SeaLake/SeaLake_1496.jpg,9
Residential/Residential_2048.jpg,7
SeaLake/SeaLake_523.jpg,9
Highway/Highway_88.jpg,3
AnnualCrop/AnnualCrop_168.jpg,0
Pasture/Pasture_679.jpg,5
HerbaceousVegetation/HerbaceousVegetation_895.jpg,2
Industrial/Industrial_2413.jpg,4
HerbaceousVegetation/HerbaceousVegetation_1706.jpg,2
Pasture/Pasture_615.jpg,5
Industrial/Industrial_448.jpg,4
Highway/Highway_1889.jpg,3
Residential/Residential_1319.jpg,7
Residential/Residential_2758.jpg,7
AnnualCrop/AnnualCrop_972.jpg,0
Highway/Highway_1427.jpg,3
Forest/Forest_2142.jpg,1
HerbaceousVegetation/HerbaceousVegetation_2292.jpg,2
AnnualCrop/AnnualCrop_2743.jpg,0
Residential/Residential_814.jpg,7
Pasture/Pasture_1203.jpg,5
Forest/Forest_2802.jpg,1
Forest/Forest_1671.jpg,1
Forest/Forest_2908.jpg,1
Residential/Residential_516.jpg,7
River/River_2373.jpg,8
SeaLake/SeaLake_513.jpg,9
Residential/Residential_314.jpg,7
HerbaceousVegetation/HerbaceousVegetation_2543.jpg,2
SeaLake/SeaLake_1915.jpg,9
Forest/Forest_2366.jpg,1
Industrial/Industrial_2139.jpg,4
Residential/Residential_2411.jpg,7
SeaLake/SeaLake_1018.jpg,9
Forest/Forest_1220.jpg,1
Industrial/Industrial_472.jpg,4
Residential/Residential_332.jpg,7
HerbaceousVegetation/HerbaceousVegetation_726.jpg,2
Industrial/Industrial_1761.jpg,4
PermanentCrop/PermanentCrop_1981.jpg,6
HerbaceousVegetation/HerbaceousVegetation_349.jpg,2
River/River_1677.jpg,8
Residential/Residential_2467.jpg,7
HerbaceousVegetation/HerbaceousVegetation_1745.jpg,2
Residential/Residential_1591.jpg,7
SeaLake/SeaLake_792.jpg,9
Pasture/Pasture_161.jpg,5
PermanentCrop/PermanentCrop_1492.jpg,6
Residential/Residential_1257.jpg,7
Residential/Residential_370.jpg,7
HerbaceousVegetation/HerbaceousVegetation_24.jpg,2
Forest/Forest_1984.jpg,1
Pasture/Pasture_1132.jpg,5
Residential/Residential_99.jpg,7
PermanentCrop/PermanentCrop_2349.jpg,6
Residential/Residential_2125.jpg,7
River/River_2498.jpg,8
Industrial/Industrial_1338.jpg,4
HerbaceousVegetation/HerbaceousVegetation_1754.jpg,2
Residential/Residential_1461.jpg,7
Forest/Forest_667.jpg,1
HerbaceousVegetation/HerbaceousVegetation_1863.jpg,2
Residential/Residential_2721.jpg,7
River/River_1344.jpg,8
Highway/Highway_1571.jpg,3
River/River_669.jpg,8
Industrial/Industrial_1062.jpg,4
PermanentCrop/PermanentCrop_1470.jpg,6
Industrial/Industrial_478.jpg,4
Highway/Highway_2117.jpg,3
AnnualCrop/AnnualCrop_2863.jpg,0
Forest/Forest_1432.jpg,1
HerbaceousVegetation/HerbaceousVegetation_1170.jpg,2
PermanentCrop/PermanentCrop_1422.jpg,6
Forest/Forest_1670.jpg,1
Highway/Highway_1967.jpg,3
River/River_921.jpg,8
AnnualCrop/AnnualCrop_664.jpg,0
Residential/Residential_750.jpg,7
Highway/Highway_384.jpg,3
Highway/Highway_1809.jpg,3
HerbaceousVegetation/HerbaceousVegetation_607.jpg,2
PermanentCrop/PermanentCrop_448.jpg,6
AnnualCrop/AnnualCrop_2552.jpg,0
AnnualCrop/AnnualCrop_952.jpg,0
SeaLake/SeaLake_1881.jpg,9
PermanentCrop/PermanentCrop_84.jpg,6
Industrial/Industrial_2436.jpg,4
River/River_2058.jpg,8
River/River_1385.jpg,8
PermanentCrop/PermanentCrop_678.jpg,6
AnnualCrop/AnnualCrop_577.jpg,0
Highway/Highway_1096.jpg,3
AnnualCrop/AnnualCrop_654.jpg,0
Industrial/Industrial_1417.jpg,4
Residential/Residential_796.jpg,7
SeaLake/SeaLake_2279.jpg,9
HerbaceousVegetation/HerbaceousVegetation_896.jpg,2
Industrial/Industrial_2442.jpg,4
Industrial/Industrial_760.jpg,4
Forest/Forest_1152.jpg,1
Highway/Highway_555.jpg,3
Pasture/Pasture_754.jpg,5
SeaLake/SeaLake_875.jpg,9
HerbaceousVegetation/HerbaceousVegetation_1302.jpg,2
PermanentCrop/PermanentCrop_1713.jpg,6
Industrial/Industrial_1976.jpg,4
Pasture/Pasture_793.jpg,5
AnnualCrop/AnnualCrop_357.jpg,0
Highway/Highway_1528.jpg,3
Industrial/Industrial_418.jpg,4
Forest/Forest_1909.jpg,1
Forest/Forest_1994.jpg,1
HerbaceousVegetation/HerbaceousVegetation_2744.jpg,2
HerbaceousVegetation/HerbaceousVegetation_1809.jpg,2
AnnualCrop/AnnualCrop_1243.jpg,0
HerbaceousVegetation/HerbaceousVegetation_91.jpg,2
Industrial/Industrial_849.jpg,4
SeaLake/SeaLake_2098.jpg,9
PermanentCrop/PermanentCrop_2081.jpg,6
Industrial/Industrial_265.jpg,4
Forest/Forest_1930.jpg,1
Industrial/Industrial_862.jpg,4
Residential/Residential_491.jpg,7
Pasture/Pasture_195.jpg,5
HerbaceousVegetation/HerbaceousVegetation_2337.jpg,2
Forest/Forest_2279.jpg,1
Pasture/Pasture_1100.jpg,5
PermanentCrop/PermanentCrop_69.jpg,6
Pasture/Pasture_316.jpg,5
Forest/Forest_2526.jpg,1
PermanentCrop/PermanentCrop_2457.jpg,6
Highway/Highway_2345.jpg,3
Forest/Forest_1010.jpg,1
Pasture/Pasture_1153.jpg,5
SeaLake/SeaLake_700.jpg,9
Forest/Forest_1592.jpg,1
Residential/Residential_279.jpg,7
Forest/Forest_490.jpg,1
HerbaceousVegetation/HerbaceousVegetation_2566.jpg,2
AnnualCrop/AnnualCrop_850.jpg,0
Forest/Forest_568.jpg,1
HerbaceousVegetation/HerbaceousVegetation_1248.jpg,2
River/River_2001.jpg,8
Residential/Residential_574.jpg,7
HerbaceousVegetation/HerbaceousVegetation_2861.jpg,2
SeaLake/SeaLake_2399.jpg,9
PermanentCrop/PermanentCrop_1460.jpg,6
Forest/Forest_1908.jpg,1
Forest/Forest_873.jpg,1
AnnualCrop/AnnualCrop_1342.jpg,0
Forest/Forest_2047.jpg,1
HerbaceousVegetation/HerbaceousVegetation_2514.jpg,2
SeaLake/SeaLake_195.jpg,9
AnnualCrop/AnnualCrop_4.jpg,0
Pasture/Pasture_1457.jpg,5
Residential/Residential_2291.jpg,7
River/River_481.jpg,8
Highway/Highway_1774.jpg,3
SeaLake/SeaLake_1235.jpg,9
River/River_663.jpg,8
River/River_915.jpg,8
Industrial/Industrial_1687.jpg,4
SeaLake/SeaLake_1158.jpg,9
Forest/Forest_406.jpg,1
Highway/Highway_1817.jpg,3
Pasture/Pasture_1986.jpg,5
Residential/Residential_1307.jpg,7
Forest/Forest_1620.jpg,1
HerbaceousVegetation/HerbaceousVegetation_2366.jpg,2
PermanentCrop/PermanentCrop_1869.jpg,6
PermanentCrop/PermanentCrop_862.jpg,6
AnnualCrop/AnnualCrop_1736.jpg,0
PermanentCrop/PermanentCrop_96.jpg,6
SeaLake/SeaLake_1108.jpg,9
Industrial/Industrial_1579.jpg,4
HerbaceousVegetation/HerbaceousVegetation_2141.jpg,2
HerbaceousVegetation/HerbaceousVegetation_1899.jpg,2
Industrial/Industrial_2116.jpg,4
HerbaceousVegetation/HerbaceousVegetation_2321.jpg,2
SeaLake/SeaLake_316.jpg,9
River/River_236.jpg,8
Highway/Highway_2384.jpg,3
SeaLake/SeaLake_1017.jpg,9
HerbaceousVegetation/HerbaceousVegetation_869.jpg,2
Forest/Forest_1457.jpg,1
River/River_1988.jpg,8
PermanentCrop/PermanentCrop_1122.jpg,6
AnnualCrop/AnnualCrop_1009.jpg,0
AnnualCrop/AnnualCrop_2222.jpg,0
Residential/Residential_2173.jpg,7
SeaLake/SeaLake_929.jpg,9
Highway/Highway_1360.jpg,3
AnnualCrop/AnnualCrop_2400.jpg,0
AnnualCrop/AnnualCrop_1919.jpg,0
AnnualCrop/AnnualCrop_687.jpg,0
Residential/Residential_2555.jpg,7
Highway/Highway_1955.jpg,3
Pasture/Pasture_1307.jpg,5
HerbaceousVegetation/HerbaceousVegetation_48.jpg,2
HerbaceousVegetation/HerbaceousVegetation_135.jpg,2
AnnualCrop/AnnualCrop_68.jpg,0
Industrial/Industrial_2206.jpg,4
SeaLake/SeaLake_1289.jpg,9
AnnualCrop/AnnualCrop_772.jpg,0
Industrial/Industrial_2143.jpg,4
AnnualCrop/AnnualCrop_1113.jpg,0
Industrial/Industrial_1094.jpg,4
Industrial/Industrial_453.jpg,4
Residential/Residential_812.jpg,7
PermanentCrop/PermanentCrop_1569.jpg,6
Industrial/Industrial_1318.jpg,4
AnnualCrop/AnnualCrop_1456.jpg,0
Highway/Highway_712.jpg,3
HerbaceousVegetation/HerbaceousVegetation_948.jpg,2
HerbaceousVegetation/HerbaceousVegetation_2878.jpg,2
SeaLake/SeaLake_125.jpg,9
Forest/Forest_961.jpg,1
Forest/Forest_673.jpg,1
HerbaceousVegetation/HerbaceousVegetation_2766.jpg,2
Highway/Highway_1897.jpg,3
Industrial/Industrial_284.jpg,4
SeaLake/SeaLake_1008.jpg,9
HerbaceousVegetation/HerbaceousVegetation_180.jpg,2
SeaLake/SeaLake_968.jpg,9
SeaLake/SeaLake_1653.jpg,9
Highway/Highway_1059.jpg,3
Industrial/Industrial_1120.jpg,4
Forest/Forest_2902.jpg,1
Highway/Highway_223.jpg,3
River/River_904.jpg,8
AnnualCrop/AnnualCrop_853.jpg,0
HerbaceousVegetation/HerbaceousVegetation_470.jpg,2
Residential/Residential_366.jpg,7
Residential/Residential_2595.jpg,7
Highway/Highway_1814.jpg,3
Residential/Residential_2338.jpg,7
Residential/Residential_582.jpg,7
Residential/Residential_2659.jpg,7
Residential/Residential_85.jpg,7
AnnualCrop/AnnualCrop_105.jpg,0
SeaLake/SeaLake_1717.jpg,9
SeaLake/SeaLake_1296.jpg,9
Industrial/Industrial_240.jpg,4
Industrial/Industrial_1817.jpg,4
SeaLake/SeaLake_636.jpg,9
Residential/Residential_428.jpg,7
Forest/Forest_1872.jpg,1
Highway/Highway_2087.jpg,3
Forest/Forest_2154.jpg,1
Highway/Highway_414.jpg,3
Industrial/Industrial_2231.jpg,4
River/River_1820.jpg,8
Forest/Forest_2243.jpg,1
Industrial/Industrial_1499.jpg,4
SeaLake/SeaLake_114.jpg,9
Forest/Forest_2277.jpg,1
HerbaceousVegetation/HerbaceousVegetation_647.jpg,2
Forest/Forest_2936.jpg,1
Forest/Forest_1383.jpg,1
SeaLake/SeaLake_2967.jpg,9
Forest/Forest_1231.jpg,1
Residential/Residential_678.jpg,7
Highway/Highway_2457.jpg,3
Forest/Forest_577.jpg,1
Pasture/Pasture_854.jpg,5
Residential/Residential_1008.jpg,7
Industrial/Industrial_318.jpg,4
Industrial/Industrial_1986.jpg,4
Residential/Residential_2367.jpg,7
HerbaceousVegetation/HerbaceousVegetation_1365.jpg,2
Residential/Residential_1935.jpg,7
Industrial/Industrial_2184.jpg,4
River/River_1415.jpg,8
SeaLake/SeaLake_2142.jpg,9
PermanentCrop/PermanentCrop_2475.jpg,6
PermanentCrop/PermanentCrop_2364.jpg,6
Residential/Residential_501.jpg,7
HerbaceousVegetation/HerbaceousVegetation_967.jpg,2
Industrial/Industrial_961.jpg,4
PermanentCrop/PermanentCrop_180.jpg,6
PermanentCrop/PermanentCrop_2.jpg,6
AnnualCrop/AnnualCrop_464.jpg,0
Residential/Residential_462.jpg,7
Industrial/Industrial_2.jpg,4
Forest/Forest_2518.jpg,1
Pasture/Pasture_1254.jpg,5
HerbaceousVegetation/HerbaceousVegetation_1556.jpg,2
Industrial/Industrial_2092.jpg,4
SeaLake/SeaLake_1507.jpg,9
Industrial/Industrial_1224.jpg,4
Pasture/Pasture_1886.jpg,5
Residential/Residential_631.jpg,7
HerbaceousVegetation/HerbaceousVegetation_1000.jpg,2
PermanentCrop/PermanentCrop_1539.jpg,6
Industrial/Industrial_1409.jpg,4
PermanentCrop/PermanentCrop_1614.jpg,6
Highway/Highway_83.jpg,3
Industrial/Industrial_494.jpg,4
SeaLake/SeaLake_1941.jpg,9
River/River_2315.jpg,8
Residential/Residential_2486.jpg,7
AnnualCrop/AnnualCrop_1781.jpg,0
River/River_1488.jpg,8
Residential/Residential_2477.jpg,7
Highway/Highway_791.jpg,3
River/River_1152.jpg,8
River/River_384.jpg,8
SeaLake/SeaLake_2005.jpg,9
River/River_1416.jpg,8
HerbaceousVegetation/HerbaceousVegetation_2732.jpg,2
Pasture/Pasture_1464.jpg,5
AnnualCrop/AnnualCrop_1527.jpg,0
SeaLake/SeaLake_538.jpg,9
PermanentCrop/PermanentCrop_733.jpg,6
AnnualCrop/AnnualCrop_1832.jpg,0
HerbaceousVegetation/HerbaceousVegetation_899.jpg,2
Industrial/Industrial_2430.jpg,4
AnnualCrop/AnnualCrop_214.jpg,0
Forest/Forest_2621.jpg,1
Residential/Residential_684.jpg,7
Forest/Forest_1161.jpg,1
River/River_104.jpg,8
PermanentCrop/PermanentCrop_1094.jpg,6
River/River_1776.jpg,8
River/River_1954.jpg,8
River/River_1780.jpg,8
HerbaceousVegetation/HerbaceousVegetation_61.jpg,2
Residential/Residential_720.jpg,7
Residential/Residential_1194.jpg,7
Residential/Residential_578.jpg,7
HerbaceousVegetation/HerbaceousVegetation_1909.jpg,2
Pasture/Pasture_346.jpg,5
Industrial/Industrial_430.jpg,4
HerbaceousVegetation/HerbaceousVegetation_1488.jpg,2
Forest/Forest_66.jpg,1
HerbaceousVegetation/HerbaceousVegetation_2984.jpg,2
Highway/Highway_1269.jpg,3
Forest/Forest_1711.jpg,1
Industrial/Industrial_1273.jpg,4
Forest/Forest_893.jpg,1
Industrial/Industrial_1222.jpg,4
HerbaceousVegetation/HerbaceousVegetation_1134.jpg,2
Highway/Highway_10.jpg,3
AnnualCrop/AnnualCrop_231.jpg,0
Residential/Residential_1666.jpg,7
AnnualCrop/AnnualCrop_2815.jpg,0
Forest/Forest_1844.jpg,1
Residential/Residential_2271.jpg,7
Pasture/Pasture_1279.jpg,5
HerbaceousVegetation/HerbaceousVegetation_2945.jpg,2
HerbaceousVegetation/HerbaceousVegetation_147.jpg,2
Residential/Residential_1491.jpg,7
Pasture/Pasture_813.jpg,5
Industrial/Industrial_920.jpg,4
SeaLake/SeaLake_1795.jpg,9
Industrial/Industrial_826.jpg,4
Highway/Highway_563.jpg,3
SeaLake/SeaLake_855.jpg,9
AnnualCrop/AnnualCrop_518.jpg,0
HerbaceousVegetation/HerbaceousVegetation_2776.jpg,2
SeaLake/SeaLake_194.jpg,9
PermanentCrop/PermanentCrop_1995.jpg,6
AnnualCrop/AnnualCrop_1765.jpg,0
SeaLake/SeaLake_1189.jpg,9
AnnualCrop/AnnualCrop_2127.jpg,0
PermanentCrop/PermanentCrop_752.jpg,6
SeaLake/SeaLake_1737.jpg,9
AnnualCrop/AnnualCrop_2243.jpg,0
HerbaceousVegetation/HerbaceousVegetation_2907.jpg,2
Industrial/Industrial_1658.jpg,4
Industrial/Industrial_2001.jpg,4
PermanentCrop/PermanentCrop_1709.jpg,6
Pasture/Pasture_337.jpg,5
HerbaceousVegetation/HerbaceousVegetation_954.jpg,2
Industrial/Industrial_388.jpg,4
River/River_413.jpg,8
River/River_993.jpg,8
Industrial/Industrial_814.jpg,4
Industrial/Industrial_297.jpg,4
Highway/Highway_838.jpg,3
AnnualCrop/AnnualCrop_854.jpg,0
AnnualCrop/AnnualCrop_1028.jpg,0
Forest/Forest_62.jpg,1
Forest/Forest_2222.jpg,1
HerbaceousVegetation/HerbaceousVegetation_654.jpg,2
Residential/Residential_2496.jpg,7
SeaLake/SeaLake_964.jpg,9
Highway/Highway_621.jpg,3
SeaLake/SeaLake_1808.jpg,9
HerbaceousVegetation/HerbaceousVegetation_2982.jpg,2
PermanentCrop/PermanentCrop_1967.jpg,6
Residential/Residential_2607.jpg,7
AnnualCrop/AnnualCrop_2012.jpg,0
Industrial/Industrial_397.jpg,4
River/River_43.jpg,8
PermanentCrop/PermanentCrop_874.jpg,6
HerbaceousVegetation/HerbaceousVegetation_359.jpg,2
PermanentCrop/PermanentCrop_381.jpg,6
Residential/Residential_727.jpg,7
HerbaceousVegetation/HerbaceousVegetation_1400.jpg,2
Pasture/Pasture_1946.jpg,5
AnnualCrop/AnnualCrop_2671.jpg,0
AnnualCrop/AnnualCrop_1254.jpg,0
SeaLake/SeaLake_2370.jpg,9
Industrial/Industrial_416.jpg,4
SeaLake/SeaLake_1614.jpg,9
Residential/Residential_2005.jpg,7
Forest/Forest_2444.jpg,1
Residential/Residential_374.jpg,7
Forest/Forest_120.jpg,1
Pasture/Pasture_1472.jpg,5
Industrial/Industrial_312.jpg,4
River/River_361.jpg,8
AnnualCrop/AnnualCrop_1430.jpg,0
Pasture/Pasture_402.jpg,5
River/River_1622.jpg,8
Highway/Highway_768.jpg,3
SeaLake/SeaLake_808.jpg,9
Residential/Residential_5.jpg,7
Residential/Residential_702.jpg,7
Highway/Highway_2349.jpg,3
Industrial/Industrial_1914.jpg,4
AnnualCrop/AnnualCrop_2915.jpg,0
AnnualCrop/AnnualCrop_1912.jpg,0
AnnualCrop/AnnualCrop_704.jpg,0
HerbaceousVegetation/HerbaceousVegetation_1291.jpg,2
Highway/Highway_2372.jpg,3
Industrial/Industrial_1101.jpg,4
Industrial/Industrial_1621.jpg,4
HerbaceousVegetation/HerbaceousVegetation_1690.jpg,2
Industrial/Industrial_449.jpg,4
Forest/Forest_1148.jpg,1
Highway/Highway_1279.jpg,3
Highway/Highway_1024.jpg,3
Industrial/Industrial_1626.jpg,4
Forest/Forest_2010.jpg,1
HerbaceousVegetation/HerbaceousVegetation_2128.jpg,2
SeaLake/SeaLake_2331.jpg,9
River/River_887.jpg,8
AnnualCrop/AnnualCrop_2538.jpg,0
SeaLake/SeaLake_2418.jpg,9
Forest/Forest_139.jpg,1
Residential/Residential_2876.jpg,7
Highway/Highway_175.jpg,3
Highway/Highway_2191.jpg,3
HerbaceousVegetation/HerbaceousVegetation_2180.jpg,2
HerbaceousVegetation/HerbaceousVegetation_2348.jpg,2
AnnualCrop/AnnualCrop_278.jpg,0
Residential/Residential_816.jpg,7
AnnualCrop/AnnualCrop_481.jpg,0
Residential/Residential_2351.jpg,7
Forest/Forest_802.jpg,1
PermanentCrop/PermanentCrop_134.jpg,6
Residential/Residential_2871.jpg,7
River/River_533.jpg,8
Pasture/Pasture_1590.jpg,5
HerbaceousVegetation/HerbaceousVegetation_2955.jpg,2
Highway/Highway_1775.jpg,3
Residential/Residential_1331.jpg,7
River/River_2064.jpg,8
SeaLake/SeaLake_2287.jpg,9
Forest/Forest_1589.jpg,1
SeaLake/SeaLake_100.jpg,9
Industrial/Industrial_1134.jpg,4
Industrial/Industrial_1732.jpg,4
Highway/Highway_339.jpg,3
Pasture/Pasture_502.jpg,5
River/River_1741.jpg,8
Forest/Forest_971.jpg,1
HerbaceousVegetation/HerbaceousVegetation_716.jpg,2
AnnualCrop/AnnualCrop_411.jpg,0
Highway/Highway_925.jpg,3
Pasture/Pasture_1515.jpg,5
HerbaceousVegetation/HerbaceousVegetation_2191.jpg,2
Highway/Highway_365.jpg,3
HerbaceousVegetation/HerbaceousVegetation_972.jpg,2
River/River_1516.jpg,8
Pasture/Pasture_1121.jpg,5
HerbaceousVegetation/HerbaceousVegetation_2995.jpg,2
Highway/Highway_1986.jpg,3
AnnualCrop/AnnualCrop_1340.jpg,0
Residential/Residential_328.jpg,7
Forest/Forest_2768.jpg,1
PermanentCrop/PermanentCrop_2392.jpg,6
River/River_2142.jpg,8
River/River_1730.jpg,8
Pasture/Pasture_1224.jpg,5
Forest/Forest_2215.jpg,1
PermanentCrop/PermanentCrop_36.jpg,6
AnnualCrop/AnnualCrop_2528.jpg,0
Pasture/Pasture_1748.jpg,5
HerbaceousVegetation/HerbaceousVegetation_196.jpg,2
AnnualCrop/AnnualCrop_2472.jpg,0
Pasture/Pasture_570.jpg,5
River/River_2346.jpg,8
SeaLake/SeaLake_1100.jpg,9
Industrial/Industrial_2044.jpg,4
AnnualCrop/AnnualCrop_198.jpg,0
SeaLake/SeaLake_1379.jpg,9
Industrial/Industrial_2394.jpg,4
Residential/Residential_2677.jpg,7
Forest/Forest_32.jpg,1
River/River_609.jpg,8
PermanentCrop/PermanentCrop_1388.jpg,6
Pasture/Pasture_1478.jpg,5
HerbaceousVegetation/HerbaceousVegetation_2481.jpg,2
AnnualCrop/AnnualCrop_2808.jpg,0
Pasture/Pasture_1627.jpg,5
Forest/Forest_975.jpg,1
SeaLake/SeaLake_1973.jpg,9
River/River_1631.jpg,8
Residential/Residential_2583.jpg,7
PermanentCrop/PermanentCrop_123.jpg,6
Pasture/Pasture_1204.jpg,5
HerbaceousVegetation/HerbaceousVegetation_1425.jpg,2
River/River_347.jpg,8
Pasture/Pasture_79.jpg,5
Highway/Highway_1952.jpg,3
Forest/Forest_1208.jpg,1
Pasture/Pasture_874.jpg,5
SeaLake/SeaLake_1565.jpg,9
PermanentCrop/PermanentCrop_646.jpg,6
HerbaceousVegetation/HerbaceousVegetation_547.jpg,2
River/River_1034.jpg,8
PermanentCrop/PermanentCrop_2188.jpg,6
AnnualCrop/AnnualCrop_26.jpg,0
River/River_76.jpg,8
HerbaceousVegetation/HerbaceousVegetation_1776.jpg,2
Forest/Forest_656.jpg,1
Industrial/Industrial_1034.jpg,4
HerbaceousVegetation/HerbaceousVegetation_2593.jpg,2
AnnualCrop/AnnualCrop_2852.jpg,0
Industrial/Industrial_1372.jpg,4
AnnualCrop/AnnualCrop_2489.jpg,0
Pasture/Pasture_1724.jpg,5
SeaLake/SeaLake_2275.jpg,9
SeaLake/SeaLake_463.jpg,9
Industrial/Industrial_906.jpg,4
River/River_1047.jpg,8
HerbaceousVegetation/HerbaceousVegetation_742.jpg,2
AnnualCrop/AnnualCrop_1521.jpg,0
Forest/Forest_2746.jpg,1
Pasture/Pasture_1772.jpg,5
Industrial/Industrial_638.jpg,4
AnnualCrop/AnnualCrop_1082.jpg,0
River/River_720.jpg,8
Forest/Forest_80.jpg,1
SeaLake/SeaLake_665.jpg,9
SeaLake/SeaLake_2006.jpg,9
Pasture/Pasture_1606.jpg,5
SeaLake/SeaLake_1251.jpg,9
AnnualCrop/AnnualCrop_1517.jpg,0
Residential/Residential_1860.jpg,7
AnnualCrop/AnnualCrop_314.jpg,0
Industrial/Industrial_1429.jpg,4
Industrial/Industrial_1891.jpg,4
Pasture/Pasture_1665.jpg,5
Forest/Forest_2829.jpg,1
HerbaceousVegetation/HerbaceousVegetation_1313.jpg,2
Pasture/Pasture_582.jpg,5
AnnualCrop/AnnualCrop_309.jpg,0
PermanentCrop/PermanentCrop_1462.jpg,6
River/River_612.jpg,8
Residential/Residential_1798.jpg,7
Forest/Forest_1225.jpg,1
River/River_898.jpg,8
HerbaceousVegetation/HerbaceousVegetation_1475.jpg,2
PermanentCrop/PermanentCrop_54.jpg,6
Industrial/Industrial_2493.jpg,4
Pasture/Pasture_1065.jpg,5
AnnualCrop/AnnualCrop_1798.jpg,0
HerbaceousVegetation/HerbaceousVegetation_1769.jpg,2
Forest/Forest_2251.jpg,1
Forest/Forest_69.jpg,1
HerbaceousVegetation/HerbaceousVegetation_219.jpg,2
Forest/Forest_866.jpg,1
PermanentCrop/PermanentCrop_505.jpg,6
Residential/Residential_2268.jpg,7
Industrial/Industrial_495.jpg,4
Forest/Forest_1505.jpg,1
Pasture/Pasture_1034.jpg,5
Pasture/Pasture_1130.jpg,5
Forest/Forest_791.jpg,1
Industrial/Industrial_1924.jpg,4
Forest/Forest_2365.jpg,1
AnnualCrop/AnnualCrop_2252.jpg,0
Pasture/Pasture_435.jpg,5
Industrial/Industrial_1266.jpg,4
Forest/Forest_113.jpg,1
Highway/Highway_651.jpg,3
Residential/Residential_894.jpg,7
Highway/Highway_1759.jpg,3
Residential/Residential_117.jpg,7
Pasture/Pasture_861.jpg,5
SeaLake/SeaLake_384.jpg,9
Pasture/Pasture_1271.jpg,5
AnnualCrop/AnnualCrop_1540.jpg,0
River/River_1275.jpg,8
Residential/Residential_600.jpg,7
AnnualCrop/AnnualCrop_482.jpg,0
Pasture/Pasture_675.jpg,5
Forest/Forest_780.jpg,1
PermanentCrop/PermanentCrop_2198.jpg,6
Pasture/Pasture_1960.jpg,5
AnnualCrop/AnnualCrop_1381.jpg,0
Highway/Highway_1481.jpg,3
SeaLake/SeaLake_1429.jpg,9
Residential/Residential_2392.jpg,7
PermanentCrop/PermanentCrop_1307.jpg,6
Pasture/Pasture_22.jpg,5
Forest/Forest_2634.jpg,1
Industrial/Industrial_2168.jpg,4
Pasture/Pasture_652.jpg,5
Forest/Forest_1690.jpg,1
HerbaceousVegetation/HerbaceousVegetation_2900.jpg,2
Industrial/Industrial_720.jpg,4
AnnualCrop/AnnualCrop_2757.jpg,0
Pasture/Pasture_1414.jpg,5
PermanentCrop/PermanentCrop_1376.jpg,6
HerbaceousVegetation/HerbaceousVegetation_1645.jpg,2
Forest/Forest_233.jpg,1
Residential/Residential_2544.jpg,7
Residential/Residential_543.jpg,7
HerbaceousVegetation/HerbaceousVegetation_2307.jpg,2
AnnualCrop/AnnualCrop_828.jpg,0
Pasture/Pasture_1077.jpg,5
SeaLake/SeaLake_2529.jpg,9
River/River_936.jpg,8
SeaLake/SeaLake_1213.jpg,9
AnnualCrop/AnnualCrop_1512.jpg,0
Highway/Highway_1895.jpg,3
AnnualCrop/AnnualCrop_22.jpg,0
SeaLake/SeaLake_1465.jpg,9
River/River_206.jpg,8
Forest/Forest_1661.jpg,1
Industrial/Industrial_1378.jpg,4
HerbaceousVegetation/HerbaceousVegetation_2319.jpg,2
Forest/Forest_240.jpg,1
Industrial/Industrial_1365.jpg,4
River/River_153.jpg,8
Highway/Highway_1921.jpg,3
River/River_1494.jpg,8
Highway/Highway_2179.jpg,3
SeaLake/SeaLake_2984.jpg,9
Forest/Forest_2595.jpg,1
PermanentCrop/PermanentCrop_1626.jpg,6
HerbaceousVegetation/HerbaceousVegetation_1205.jpg,2
Forest/Forest_371.jpg,1
HerbaceousVegetation/HerbaceousVegetation_1369.jpg,2
Industrial/Industrial_1329.jpg,4
Pasture/Pasture_954.jpg,5
Highway/Highway_1190.jpg,3
PermanentCrop/PermanentCrop_332.jpg,6
Highway/Highway_1522.jpg,3
HerbaceousVegetation/HerbaceousVegetation_2849.jpg,2
River/River_1121.jpg,8
PermanentCrop/PermanentCrop_2102.jpg,6
Pasture/Pasture_1404.jpg,5
River/River_2024.jpg,8
Residential/Residential_65.jpg,7
PermanentCrop/PermanentCrop_460.jpg,6
Residential/Residential_201.jpg,7
AnnualCrop/AnnualCrop_271.jpg,0
SeaLake/SeaLake_2189.jpg,9
SeaLake/SeaLake_2010.jpg,9
Highway/Highway_1192.jpg,3
Forest/Forest_978.jpg,1
AnnualCrop/AnnualCrop_1795.jpg,0
AnnualCrop/AnnualCrop_1003.jpg,0
PermanentCrop/PermanentCrop_2127.jpg,6
Highway/Highway_1564.jpg,3
Pasture/Pasture_849.jpg,5
Industrial/Industrial_1558.jpg,4
AnnualCrop/AnnualCrop_810.jpg,0
Forest/Forest_140.jpg,1
PermanentCrop/PermanentCrop_1917.jpg,6
PermanentCrop/PermanentCrop_1178.jpg,6
HerbaceousVegetation/HerbaceousVegetation_2667.jpg,2
Pasture/Pasture_217.jpg,5
Residential/Residential_203.jpg,7
Industrial/Industrial_1675.jpg,4
AnnualCrop/AnnualCrop_1568.jpg,0
PermanentCrop/PermanentCrop_720.jpg,6
PermanentCrop/PermanentCrop_390.jpg,6
Industrial/Industrial_88.jpg,4
SeaLake/SeaLake_1488.jpg,9
Forest/Forest_1617.jpg,1
PermanentCrop/PermanentCrop_101.jpg,6
Forest/Forest_669.jpg,1
HerbaceousVegetation/HerbaceousVegetation_1411.jpg,2
HerbaceousVegetation/HerbaceousVegetation_1125.jpg,2
Residential/Residential_2632.jpg,7
Residential/Residential_1867.jpg,7
Industrial/Industrial_141.jpg,4
Industrial/Industrial_1113.jpg,4
Forest/Forest_2976.jpg,1
River/River_604.jpg,8
Industrial/Industrial_1446.jpg,4
HerbaceousVegetation/HerbaceousVegetation_2306.jpg,2
Pasture/Pasture_1582.jpg,5
Residential/Residential_1715.jpg,7
SeaLake/SeaLake_2527.jpg,9
AnnualCrop/AnnualCrop_92.jpg,0
HerbaceousVegetation/HerbaceousVegetation_1251.jpg,2
Industrial/Industrial_2081.jpg,4
PermanentCrop/PermanentCrop_2361.jpg,6
Highway/Highway_295.jpg,3
AnnualCrop/AnnualCrop_123.jpg,0
Forest/Forest_1890.jpg,1
HerbaceousVegetation/HerbaceousVegetation_664.jpg,2
HerbaceousVegetation/HerbaceousVegetation_75.jpg,2
Forest/Forest_1902.jpg,1
Forest/Forest_2128.jpg,1
Residential/Residential_2835.jpg,7
Highway/Highway_2276.jpg,3
Residential/Residential_2715.jpg,7
PermanentCrop/PermanentCrop_1852.jpg,6
River/River_149.jpg,8
HerbaceousVegetation/HerbaceousVegetation_2401.jpg,2
Industrial/Industrial_1601.jpg,4
AnnualCrop/AnnualCrop_2393.jpg,0
AnnualCrop/AnnualCrop_2134.jpg,0
Industrial/Industrial_2025.jpg,4
Forest/Forest_946.jpg,1
Forest/Forest_1962.jpg,1
River/River_1791.jpg,8
AnnualCrop/AnnualCrop_111.jpg,0
PermanentCrop/PermanentCrop_1962.jpg,6
Residential/Residential_430.jpg,7
Forest/Forest_1720.jpg,1
Highway/Highway_2042.jpg,3
SeaLake/SeaLake_1433.jpg,9
Industrial/Industrial_773.jpg,4
AnnualCrop/AnnualCrop_431.jpg,0
River/River_1176.jpg,8
SeaLake/SeaLake_2373.jpg,9
HerbaceousVegetation/HerbaceousVegetation_2625.jpg,2
River/River_1336.jpg,8
SeaLake/SeaLake_2837.jpg,9
Forest/Forest_704.jpg,1
HerbaceousVegetation/HerbaceousVegetation_1841.jpg,2
AnnualCrop/AnnualCrop_877.jpg,0
PermanentCrop/PermanentCrop_1258.jpg,6
Forest/Forest_597.jpg,1
AnnualCrop/AnnualCrop_1559.jpg,0
Residential/Residential_1285.jpg,7
Pasture/Pasture_33.jpg,5
SeaLake/SeaLake_366.jpg,9
Highway/Highway_1364.jpg,3
HerbaceousVegetation/HerbaceousVegetation_2064.jpg,2
AnnualCrop/AnnualCrop_281.jpg,0
Pasture/Pasture_1072.jpg,5
Industrial/Industrial_2102.jpg,4
HerbaceousVegetation/HerbaceousVegetation_2523.jpg,2
SeaLake/SeaLake_2500.jpg,9
AnnualCrop/AnnualCrop_356.jpg,0
Forest/Forest_635.jpg,1
AnnualCrop/AnnualCrop_1034.jpg,0
Pasture/Pasture_1615.jpg,5
SeaLake/SeaLake_2877.jpg,9
Highway/Highway_1744.jpg,3
Highway/Highway_1228.jpg,3
HerbaceousVegetation/HerbaceousVegetation_750.jpg,2
SeaLake/SeaLake_2822.jpg,9
Pasture/Pasture_292.jpg,5
Forest/Forest_967.jpg,1
Highway/Highway_1726.jpg,3
Forest/Forest_2130.jpg,1
PermanentCrop/PermanentCrop_1144.jpg,6
River/River_592.jpg,8
Residential/Residential_2989.jpg,7
River/River_994.jpg,8
Residential/Residential_1841.jpg,7
AnnualCrop/AnnualCrop_1173.jpg,0
Residential/Residential_2140.jpg,7
AnnualCrop/AnnualCrop_2202.jpg,0
Highway/Highway_1939.jpg,3
Residential/Residential_2757.jpg,7
SeaLake/SeaLake_2569.jpg,9
Industrial/Industrial_937.jpg,4
HerbaceousVegetation/HerbaceousVegetation_37.jpg,2
Industrial/Industrial_244.jpg,4
Residential/Residential_2637.jpg,7
HerbaceousVegetation/HerbaceousVegetation_1992.jpg,2
Forest/Forest_1325.jpg,1
SeaLake/SeaLake_2606.jpg,9
Residential/Residential_344.jpg,7
Forest/Forest_1206.jpg,1
PermanentCrop/PermanentCrop_1730.jpg,6
Forest/Forest_1262.jpg,1
PermanentCrop/PermanentCrop_1067.jpg,6
SeaLake/SeaLake_2639.jpg,9
Forest/Forest_2700.jpg,1
Residential/Residential_1556.jpg,7
AnnualCrop/AnnualCrop_1518.jpg,0
SeaLake/SeaLake_2543.jpg,9
PermanentCrop/PermanentCrop_1913.jpg,6
PermanentCrop/PermanentCrop_1075.jpg,6
AnnualCrop/AnnualCrop_2090.jpg,0
SeaLake/SeaLake_234.jpg,9
Pasture/Pasture_1165.jpg,5
Residential/Residential_1213.jpg,7
Highway/Highway_2328.jpg,3
PermanentCrop/PermanentCrop_2323.jpg,6
Pasture/Pasture_1533.jpg,5
SeaLake/SeaLake_2843.jpg,9
AnnualCrop/AnnualCrop_235.jpg,0
Highway/Highway_941.jpg,3
Highway/Highway_1091.jpg,3
SeaLake/SeaLake_917.jpg,9
PermanentCrop/PermanentCrop_1959.jpg,6
Industrial/Industrial_1031.jpg,4
AnnualCrop/AnnualCrop_1116.jpg,0
SeaLake/SeaLake_1149.jpg,9
Industrial/Industrial_1868.jpg,4
HerbaceousVegetation/HerbaceousVegetation_1137.jpg,2
AnnualCrop/AnnualCrop_617.jpg,0
Residential/Residential_461.jpg,7
Highway/Highway_1687.jpg,3
River/River_1813.jpg,8
Forest/Forest_226.jpg,1
PermanentCrop/PermanentCrop_648.jpg,6
PermanentCrop/PermanentCrop_1999.jpg,6
Industrial/Industrial_775.jpg,4
Forest/Forest_2314.jpg,1
AnnualCrop/AnnualCrop_2661.jpg,0
HerbaceousVegetation/HerbaceousVegetation_2377.jpg,2
River/River_1166.jpg,8
Pasture/Pasture_1595.jpg,5
SeaLake/SeaLake_2903.jpg,9
Highway/Highway_681.jpg,3
PermanentCrop/PermanentCrop_216.jpg,6
HerbaceousVegetation/HerbaceousVegetation_1634.jpg,2
Forest/Forest_2324.jpg,1
Residential/Residential_2653.jpg,7
Highway/Highway_912.jpg,3
SeaLake/SeaLake_2928.jpg,9
Industrial/Industrial_365.jpg,4
Pasture/Pasture_759.jpg,5
Residential/Residential_1747.jpg,7
Pasture/Pasture_1093.jpg,5
Industrial/Industrial_1461.jpg,4
Residential/Residential_2913.jpg,7
AnnualCrop/AnnualCrop_1980.jpg,0
Forest/Forest_2351.jpg,1
SeaLake/SeaLake_215.jpg,9
SeaLake/SeaLake_1044.jpg,9
River/River_1300.jpg,8
SeaLake/SeaLake_1091.jpg,9
HerbaceousVegetation/HerbaceousVegetation_28.jpg,2
Industrial/Industrial_245.jpg,4
Pasture/Pasture_1542.jpg,5
SeaLake/SeaLake_246.jpg,9
HerbaceousVegetation/HerbaceousVegetation_640.jpg,2
PermanentCrop/PermanentCrop_443.jpg,6
PermanentCrop/PermanentCrop_1031.jpg,6
Highway/Highway_1810.jpg,3
SeaLake/SeaLake_496.jpg,9
Residential/Residential_2750.jpg,7
Residential/Residential_2247.jpg,7
AnnualCrop/AnnualCrop_923.jpg,0
SeaLake/SeaLake_1818.jpg,9
Pasture/Pasture_44.jpg,5
SeaLake/SeaLake_208.jpg,9
Forest/Forest_447.jpg,1
PermanentCrop/PermanentCrop_2155.jpg,6
Industrial/Industrial_1350.jpg,4
PermanentCrop/PermanentCrop_422.jpg,6
Forest/Forest_2173.jpg,1
HerbaceousVegetation/HerbaceousVegetation_1036.jpg,2
HerbaceousVegetation/HerbaceousVegetation_2908.jpg,2
Residential/Residential_2869.jpg,7
River/River_301.jpg,8
PermanentCrop/PermanentCrop_421.jpg,6
HerbaceousVegetation/HerbaceousVegetation_792.jpg,2
AnnualCrop/AnnualCrop_2324.jpg,0
Residential/Residential_1891.jpg,7
SeaLake/SeaLake_2186.jpg,9
River/River_741.jpg,8
River/River_1627.jpg,8
Forest/Forest_1348.jpg,1
Highway/Highway_515.jpg,3
River/River_500.jpg,8
Forest/Forest_955.jpg,1
HerbaceousVegetation/HerbaceousVegetation_2927.jpg,2
SeaLake/SeaLake_2104.jpg,9
Forest/Forest_2490.jpg,1
Highway/Highway_408.jpg,3
SeaLake/SeaLake_770.jpg,9
Forest/Forest_2584.jpg,1
River/River_1939.jpg,8
HerbaceousVegetation/HerbaceousVegetation_1382.jpg,2
River/River_2281.jpg,8
River/River_1756.jpg,8
Industrial/Industrial_781.jpg,4
PermanentCrop/PermanentCrop_2479.jpg,6
River/River_338.jpg,8
AnnualCrop/AnnualCrop_598.jpg,0
SeaLake/SeaLake_1157.jpg,9
SeaLake/SeaLake_2258.jpg,9
Highway/Highway_900.jpg,3
AnnualCrop/AnnualCrop_145.jpg,0
PermanentCrop/PermanentCrop_1104.jpg,6
SeaLake/SeaLake_219.jpg,9
Forest/Forest_1222.jpg,1
Residential/Residential_1472.jpg,7
River/River_1428.jpg,8
PermanentCrop/PermanentCrop_1951.jpg,6
SeaLake/SeaLake_2521.jpg,9
AnnualCrop/AnnualCrop_1694.jpg,0
Pasture/Pasture_121.jpg,5
Residential/Residential_922.jpg,7
SeaLake/SeaLake_205.jpg,9
HerbaceousVegetation/HerbaceousVegetation_2166.jpg,2
PermanentCrop/PermanentCrop_1087.jpg,6
River/River_1369.jpg,8
Highway/Highway_1612.jpg,3
Forest/Forest_2509.jpg,1
Pasture/Pasture_1367.jpg,5
PermanentCrop/PermanentCrop_2016.jpg,6
Highway/Highway_1899.jpg,3
PermanentCrop/PermanentCrop_1969.jpg,6
Industrial/Industrial_1713.jpg,4
AnnualCrop/AnnualCrop_1587.jpg,0
Highway/Highway_106.jpg,3
HerbaceousVegetation/HerbaceousVegetation_2883.jpg,2
PermanentCrop/PermanentCrop_2272.jpg,6
AnnualCrop/AnnualCrop_2333.jpg,0
HerbaceousVegetation/HerbaceousVegetation_563.jpg,2
Industrial/Industrial_1509.jpg,4
Industrial/Industrial_829.jpg,4
AnnualCrop/AnnualCrop_1562.jpg,0
River/River_1095.jpg,8
HerbaceousVegetation/HerbaceousVegetation_254.jpg,2
AnnualCrop/AnnualCrop_2969.jpg,0
Forest/Forest_2586.jpg,1
Forest/Forest_820.jpg,1
AnnualCrop/AnnualCrop_2735.jpg,0
Residential/Residential_419.jpg,7
Highway/Highway_2308.jpg,3
Forest/Forest_2058.jpg,1
PermanentCrop/PermanentCrop_221.jpg,6
River/River_1875.jpg,8
Pasture/Pasture_1657.jpg,5
HerbaceousVegetation/HerbaceousVegetation_77.jpg,2
Industrial/Industrial_128.jpg,4
Forest/Forest_2392.jpg,1
HerbaceousVegetation/HerbaceousVegetation_579.jpg,2
HerbaceousVegetation/HerbaceousVegetation_1877.jpg,2
AnnualCrop/AnnualCrop_284.jpg,0
HerbaceousVegetation/HerbaceousVegetation_1563.jpg,2
HerbaceousVegetation/HerbaceousVegetation_1683.jpg,2
SeaLake/SeaLake_1089.jpg,9
River/River_2168.jpg,8
Residential/Residential_64.jpg,7
River/River_2030.jpg,8
HerbaceousVegetation/HerbaceousVegetation_2196.jpg,2
River/River_1435.jpg,8
SeaLake/SeaLake_409.jpg,9
Highway/Highway_2129.jpg,3
River/River_1264.jpg,8
River/River_1451.jpg,8
HerbaceousVegetation/HerbaceousVegetation_698.jpg,2
Residential/Residential_2882.jpg,7
AnnualCrop/AnnualCrop_1242.jpg,0
Highway/Highway_2181.jpg,3
AnnualCrop/AnnualCrop_1500.jpg,0
Pasture/Pasture_804.jpg,5
Highway/Highway_1529.jpg,3
SeaLake/SeaLake_347.jpg,9
HerbaceousVegetation/HerbaceousVegetation_2374.jpg,2
AnnualCrop/AnnualCrop_1050.jpg,0
AnnualCrop/AnnualCrop_2182.jpg,0
River/River_894.jpg,8
Pasture/Pasture_308.jpg,5
River/River_1964.jpg,8
Highway/Highway_7.jpg,3
PermanentCrop/PermanentCrop_243.jpg,6
AnnualCrop/AnnualCrop_1404.jpg,0
Highway/Highway_1591.jpg,3
HerbaceousVegetation/HerbaceousVegetation_480.jpg,2
HerbaceousVegetation/HerbaceousVegetation_1655.jpg,2
Pasture/Pasture_1272.jpg,5
Forest/Forest_60.jpg,1
HerbaceousVegetation/HerbaceousVegetation_910.jpg,2
PermanentCrop/PermanentCrop_1148.jpg,6
Highway/Highway_607.jpg,3
HerbaceousVegetation/HerbaceousVegetation_900.jpg,2
Pasture/Pasture_86.jpg,5
SeaLake/SeaLake_2952.jpg,9
River/River_1470.jpg,8
PermanentCrop/PermanentCrop_674.jpg,6
Highway/Highway_690.jpg,3
Highway/Highway_2343.jpg,3
HerbaceousVegetation/HerbaceousVegetation_1912.jpg,2
River/River_2239.jpg,8
AnnualCrop/AnnualCrop_2263.jpg,0
AnnualCrop/AnnualCrop_1649.jpg,0
Highway/Highway_2161.jpg,3
PermanentCrop/PermanentCrop_1324.jpg,6
River/River_1719.jpg,8
Industrial/Industrial_2310.jpg,4
AnnualCrop/AnnualCrop_1307.jpg,0
River/River_855.jpg,8
Highway/Highway_415.jpg,3
AnnualCrop/AnnualCrop_1161.jpg,0
Forest/Forest_1682.jpg,1
SeaLake/SeaLake_2586.jpg,9
Industrial/Industrial_1629.jpg,4
Residential/Residential_1596.jpg,7
SeaLake/SeaLake_1190.jpg,9
River/River_296.jpg,8
Pasture/Pasture_1206.jpg,5
Residential/Residential_2065.jpg,7
HerbaceousVegetation/HerbaceousVegetation_1832.jpg,2
HerbaceousVegetation/HerbaceousVegetation_1917.jpg,2
AnnualCrop/AnnualCrop_1266.jpg,0
AnnualCrop/AnnualCrop_868.jpg,0
Forest/Forest_898.jpg,1
Industrial/Industrial_1506.jpg,4
Pasture/Pasture_1668.jpg,5
Highway/Highway_1000.jpg,3
River/River_1943.jpg,8
Residential/Residential_1679.jpg,7
PermanentCrop/PermanentCrop_466.jpg,6
Industrial/Industrial_883.jpg,4
Residential/Residential_46.jpg,7
AnnualCrop/AnnualCrop_268.jpg,0
Forest/Forest_183.jpg,1
Residential/Residential_2160.jpg,7
SeaLake/SeaLake_2254.jpg,9
Residential/Residential_2126.jpg,7
Forest/Forest_2846.jpg,1
PermanentCrop/PermanentCrop_2042.jpg,6
Forest/Forest_413.jpg,1
Forest/Forest_71.jpg,1
SeaLake/SeaLake_1328.jpg,9
Pasture/Pasture_1432.jpg,5
SeaLake/SeaLake_2547.jpg,9
AnnualCrop/AnnualCrop_2500.jpg,0
Forest/Forest_1393.jpg,1
HerbaceousVegetation/HerbaceousVegetation_1679.jpg,2
AnnualCrop/AnnualCrop_226.jpg,0
AnnualCrop/AnnualCrop_2824.jpg,0
Highway/Highway_505.jpg,3
River/River_940.jpg,8
Residential/Residential_2202.jpg,7
Industrial/Industrial_2126.jpg,4
SeaLake/SeaLake_1449.jpg,9
AnnualCrop/AnnualCrop_119.jpg,0
AnnualCrop/AnnualCrop_2909.jpg,0
Forest/Forest_2331.jpg,1
Residential/Residential_128.jpg,7
HerbaceousVegetation/HerbaceousVegetation_2458.jpg,2
HerbaceousVegetation/HerbaceousVegetation_2738.jpg,2
Residential/Residential_785.jpg,7
AnnualCrop/AnnualCrop_1132.jpg,0
HerbaceousVegetation/HerbaceousVegetation_2001.jpg,2
Pasture/Pasture_146.jpg,5
Residential/Residential_1761.jpg,7
PermanentCrop/PermanentCrop_1393.jpg,6
SeaLake/SeaLake_2815.jpg,9
Industrial/Industrial_1189.jpg,4
HerbaceousVegetation/HerbaceousVegetation_1049.jpg,2
Forest/Forest_2564.jpg,1
Industrial/Industrial_1800.jpg,4
Forest/Forest_1411.jpg,1
River/River_1363.jpg,8
PermanentCrop/PermanentCrop_1608.jpg,6
AnnualCrop/AnnualCrop_478.jpg,0
Industrial/Industrial_382.jpg,4
HerbaceousVegetation/HerbaceousVegetation_1030.jpg,2
Highway/Highway_1042.jpg,3
Residential/Residential_2168.jpg,7
Pasture/Pasture_451.jpg,5
AnnualCrop/AnnualCrop_576.jpg,0
Residential/Residential_361.jpg,7
River/River_1099.jpg,8
AnnualCrop/AnnualCrop_1755.jpg,0
Forest/Forest_2610.jpg,1
Forest/Forest_1874.jpg,1
Industrial/Industrial_193.jpg,4
River/River_2325.jpg,8
River/River_2136.jpg,8
SeaLake/SeaLake_2637.jpg,9
HerbaceousVegetation/HerbaceousVegetation_2711.jpg,2
Forest/Forest_36.jpg,1
Residential/Residential_658.jpg,7
HerbaceousVegetation/HerbaceousVegetation_1112.jpg,2
AnnualCrop/AnnualCrop_2205.jpg,0
Residential/Residential_1470.jpg,7
SeaLake/SeaLake_1986.jpg,9
Forest/Forest_1229.jpg,1
Industrial/Industrial_1061.jpg,4
SeaLake/SeaLake_2628.jpg,9
Industrial/Industrial_2039.jpg,4
SeaLake/SeaLake_2317.jpg,9
Residential/Residential_302.jpg,7
Industrial/Industrial_1819.jpg,4
Highway/Highway_853.jpg,3
River/River_888.jpg,8
SeaLake/SeaLake_237.jpg,9
Industrial/Industrial_2441.jpg,4
River/River_1640.jpg,8
HerbaceousVegetation/HerbaceousVegetation_167.jpg,2
Highway/Highway_1894.jpg,3
HerbaceousVegetation/HerbaceousVegetation_306.jpg,2
SeaLake/SeaLake_1283.jpg,9
HerbaceousVegetation/HerbaceousVegetation_513.jpg,2
Forest/Forest_2678.jpg,1
Forest/Forest_1889.jpg,1
Residential/Residential_2603.jpg,7
AnnualCrop/AnnualCrop_608.jpg,0
River/River_626.jpg,8
Residential/Residential_354.jpg,7
Industrial/Industrial_1577.jpg,4
Residential/Residential_472.jpg,7
AnnualCrop/AnnualCrop_151.jpg,0
River/River_1938.jpg,8
Forest/Forest_1345.jpg,1
Highway/Highway_858.jpg,3
Forest/Forest_526.jpg,1
HerbaceousVegetation/HerbaceousVegetation_2958.jpg,2
Forest/Forest_1481.jpg,1
Residential/Residential_981.jpg,7
Pasture/Pasture_1040.jpg,5
River/River_199.jpg,8
Industrial/Industrial_1401.jpg,4
Residential/Residential_1767.jpg,7
AnnualCrop/AnnualCrop_240.jpg,0
AnnualCrop/AnnualCrop_2578.jpg,0
Forest/Forest_1548.jpg,1
AnnualCrop/AnnualCrop_1085.jpg,0
Residential/Residential_2930.jpg,7
Forest/Forest_2042.jpg,1
HerbaceousVegetation/HerbaceousVegetation_2044.jpg,2
SeaLake/SeaLake_686.jpg,9
Forest/Forest_1434.jpg,1
AnnualCrop/AnnualCrop_88.jpg,0
SeaLake/SeaLake_1698.jpg,9
Forest/Forest_2896.jpg,1
River/River_2224.jpg,8
River/River_1226.jpg,8
Residential/Residential_1160.jpg,7
Forest/Forest_2841.jpg,1
HerbaceousVegetation/HerbaceousVegetation_2991.jpg,2
AnnualCrop/AnnualCrop_2172.jpg,0
River/River_2304.jpg,8
SeaLake/SeaLake_2345.jpg,9
AnnualCrop/AnnualCrop_1341.jpg,0
AnnualCrop/AnnualCrop_1861.jpg,0
AnnualCrop/AnnualCrop_195.jpg,0
Residential/Residential_2864.jpg,7
PermanentCrop/PermanentCrop_240.jpg,6
River/River_34.jpg,8
HerbaceousVegetation/HerbaceousVegetation_1171.jpg,2
Industrial/Industrial_2247.jpg,4
Forest/Forest_2852.jpg,1
Forest/Forest_1630.jpg,1
Residential/Residential_841.jpg,7
HerbaceousVegetation/HerbaceousVegetation_519.jpg,2
HerbaceousVegetation/HerbaceousVegetation_154.jpg,2
AnnualCrop/AnnualCrop_1817.jpg,0
Residential/Residential_2884.jpg,7
Residential/Residential_1062.jpg,7
HerbaceousVegetation/HerbaceousVegetation_1175.jpg,2
SeaLake/SeaLake_1762.jpg,9
Forest/Forest_2881.jpg,1
SeaLake/SeaLake_1299.jpg,9
SeaLake/SeaLake_138.jpg,9
Industrial/Industrial_2228.jpg,4
Highway/Highway_517.jpg,3
Residential/Residential_544.jpg,7
River/River_355.jpg,8
Industrial/Industrial_1701.jpg,4
Industrial/Industrial_1748.jpg,4
Industrial/Industrial_1053.jpg,4
AnnualCrop/AnnualCrop_47.jpg,0
Industrial/Industrial_1752.jpg,4
River/River_1025.jpg,8
AnnualCrop/AnnualCrop_1523.jpg,0
Residential/Residential_2959.jpg,7
Highway/Highway_370.jpg,3
HerbaceousVegetation/HerbaceousVegetation_2841.jpg,2
River/River_77.jpg,8
PermanentCrop/PermanentCrop_1851.jpg,6
Residential/Residential_2136.jpg,7
SeaLake/SeaLake_821.jpg,9
Forest/Forest_531.jpg,1
Pasture/Pasture_984.jpg,5
River/River_815.jpg,8
PermanentCrop/PermanentCrop_1476.jpg,6
Forest/Forest_846.jpg,1
Highway/Highway_544.jpg,3
Highway/Highway_1493.jpg,3
Pasture/Pasture_344.jpg,5
AnnualCrop/AnnualCrop_2948.jpg,0
Forest/Forest_1634.jpg,1
HerbaceousVegetation/HerbaceousVegetation_2124.jpg,2
PermanentCrop/PermanentCrop_2274.jpg,6
Industrial/Industrial_174.jpg,4
SeaLake/SeaLake_165.jpg,9
PermanentCrop/PermanentCrop_790.jpg,6
SeaLake/SeaLake_1363.jpg,9
AnnualCrop/AnnualCrop_1486.jpg,0
River/River_88.jpg,8
PermanentCrop/PermanentCrop_1639.jpg,6
Pasture/Pasture_1561.jpg,5
Highway/Highway_1242.jpg,3
River/River_1634.jpg,8
Pasture/Pasture_176.jpg,5
SeaLake/SeaLake_2847.jpg,9
Industrial/Industrial_1605.jpg,4
Residential/Residential_1989.jpg,7
River/River_773.jpg,8
HerbaceousVegetation/HerbaceousVegetation_1936.jpg,2
Residential/Residential_688.jpg,7
Forest/Forest_723.jpg,1
Residential/Residential_2016.jpg,7
Forest/Forest_1478.jpg,1
Industrial/Industrial_2311.jpg,4
HerbaceousVegetation/HerbaceousVegetation_2352.jpg,2
HerbaceousVegetation/HerbaceousVegetation_408.jpg,2
PermanentCrop/PermanentCrop_920.jpg,6
River/River_1072.jpg,8
Residential/Residential_2847.jpg,7
AnnualCrop/AnnualCrop_1942.jpg,0
River/River_2165.jpg,8
HerbaceousVegetation/HerbaceousVegetation_2334.jpg,2
PermanentCrop/PermanentCrop_2173.jpg,6
River/River_2420.jpg,8
PermanentCrop/PermanentCrop_2129.jpg,6
Industrial/Industrial_741.jpg,4
Industrial/Industrial_1729.jpg,4
River/River_1672.jpg,8
Residential/Residential_2248.jpg,7
Forest/Forest_2450.jpg,1
Industrial/Industrial_1562.jpg,4
AnnualCrop/AnnualCrop_2577.jpg,0
River/River_1799.jpg,8
Pasture/Pasture_1031.jpg,5
PermanentCrop/PermanentCrop_1408.jpg,6
SeaLake/SeaLake_1742.jpg,9
River/River_82.jpg,8
Highway/Highway_2258.jpg,3
Pasture/Pasture_1879.jpg,5
AnnualCrop/AnnualCrop_2792.jpg,0
AnnualCrop/AnnualCrop_1182.jpg,0
Forest/Forest_2286.jpg,1
Pasture/Pasture_1501.jpg,5
Industrial/Industrial_2283.jpg,4
PermanentCrop/PermanentCrop_1920.jpg,6
AnnualCrop/AnnualCrop_531.jpg,0
River/River_670.jpg,8
Pasture/Pasture_1808.jpg,5
River/River_851.jpg,8
HerbaceousVegetation/HerbaceousVegetation_170.jpg,2
Industrial/Industrial_2077.jpg,4
SeaLake/SeaLake_1209.jpg,9
PermanentCrop/PermanentCrop_1089.jpg,6
PermanentCrop/PermanentCrop_2192.jpg,6
River/River_559.jpg,8
Forest/Forest_992.jpg,1
SeaLake/SeaLake_2742.jpg,9
AnnualCrop/AnnualCrop_28.jpg,0
SeaLake/SeaLake_1665.jpg,9
SeaLake/SeaLake_2350.jpg,9
AnnualCrop/AnnualCrop_2795.jpg,0
HerbaceousVegetation/HerbaceousVegetation_115.jpg,2
Industrial/Industrial_1291.jpg,4
Industrial/Industrial_2412.jpg,4
Residential/Residential_1640.jpg,7
AnnualCrop/AnnualCrop_1163.jpg,0
Pasture/Pasture_440.jpg,5
Residential/Residential_1249.jpg,7
HerbaceousVegetation/HerbaceousVegetation_2197.jpg,2
SeaLake/SeaLake_658.jpg,9
Highway/Highway_1908.jpg,3
Highway/Highway_1560.jpg,3
River/River_1832.jpg,8
Industrial/Industrial_2317.jpg,4
Residential/Residential_1708.jpg,7
River/River_989.jpg,8
PermanentCrop/PermanentCrop_2032.jpg,6
River/River_220.jpg,8
SeaLake/SeaLake_972.jpg,9
Highway/Highway_1177.jpg,3
PermanentCrop/PermanentCrop_2322.jpg,6
Highway/Highway_703.jpg,3
HerbaceousVegetation/HerbaceousVegetation_133.jpg,2
River/River_146.jpg,8
Residential/Residential_2527.jpg,7
SeaLake/SeaLake_1397.jpg,9
AnnualCrop/AnnualCrop_2869.jpg,0
HerbaceousVegetation/HerbaceousVegetation_40.jpg,2
River/River_1466.jpg,8
Industrial/Industrial_1570.jpg,4
Highway/Highway_283.jpg,3
HerbaceousVegetation/HerbaceousVegetation_1039.jpg,2
SeaLake/SeaLake_2934.jpg,9
HerbaceousVegetation/HerbaceousVegetation_1589.jpg,2
Forest/Forest_450.jpg,1
River/River_353.jpg,8
SeaLake/SeaLake_2754.jpg,9
AnnualCrop/AnnualCrop_1757.jpg,0
Industrial/Industrial_798.jpg,4
AnnualCrop/AnnualCrop_2960.jpg,0
Industrial/Industrial_1773.jpg,4
Forest/Forest_1477.jpg,1
SeaLake/SeaLake_981.jpg,9
AnnualCrop/AnnualCrop_2845.jpg,0
AnnualCrop/AnnualCrop_137.jpg,0
Pasture/Pasture_878.jpg,5
Residential/Residential_2214.jpg,7
River/River_27.jpg,8
Pasture/Pasture_966.jpg,5
Pasture/Pasture_1594.jpg,5
Pasture/Pasture_1368.jpg,5
HerbaceousVegetation/HerbaceousVegetation_22.jpg,2
SeaLake/SeaLake_988.jpg,9
Industrial/Industrial_1801.jpg,4
AnnualCrop/AnnualCrop_1619.jpg,0
Forest/Forest_59.jpg,1
AnnualCrop/AnnualCrop_931.jpg,0
AnnualCrop/AnnualCrop_587.jpg,0
HerbaceousVegetation/HerbaceousVegetation_1744.jpg,2
Residential/Residential_2485.jpg,7
Industrial/Industrial_1680.jpg,4
Residential/Residential_952.jpg,7
River/River_1111.jpg,8
SeaLake/SeaLake_643.jpg,9
AnnualCrop/AnnualCrop_581.jpg,0
PermanentCrop/PermanentCrop_2089.jpg,6
Highway/Highway_1359.jpg,3
HerbaceousVegetation/HerbaceousVegetation_2643.jpg,2
Residential/Residential_1192.jpg,7
SeaLake/SeaLake_932.jpg,9
Forest/Forest_1047.jpg,1
Highway/Highway_713.jpg,3
Forest/Forest_1735.jpg,1
AnnualCrop/AnnualCrop_1541.jpg,0
AnnualCrop/AnnualCrop_2788.jpg,0
SeaLake/SeaLake_492.jpg,9
Highway/Highway_1559.jpg,3
Highway/Highway_970.jpg,3
Industrial/Industrial_23.jpg,4
Forest/Forest_475.jpg,1
Forest/Forest_1035.jpg,1
River/River_2377.jpg,8
Forest/Forest_1662.jpg,1
Residential/Residential_2051.jpg,7
AnnualCrop/AnnualCrop_2856.jpg,0
SeaLake/SeaLake_2351.jpg,9
Residential/Residential_836.jpg,7
PermanentCrop/PermanentCrop_362.jpg,6
Highway/Highway_1206.jpg,3
SeaLake/SeaLake_2436.jpg,9
Residential/Residential_1088.jpg,7
Residential/Residential_728.jpg,7
Highway/Highway_2485.jpg,3
PermanentCrop/PermanentCrop_777.jpg,6
PermanentCrop/PermanentCrop_564.jpg,6
AnnualCrop/AnnualCrop_2309.jpg,0
PermanentCrop/PermanentCrop_765.jpg,6
HerbaceousVegetation/HerbaceousVegetation_923.jpg,2
River/River_2442.jpg,8
Residential/Residential_2798.jpg,7
SeaLake/SeaLake_1815.jpg,9
SeaLake/SeaLake_959.jpg,9
PermanentCrop/PermanentCrop_1559.jpg,6
Residential/Residential_2746.jpg,7
SeaLake/SeaLake_1117.jpg,9
PermanentCrop/PermanentCrop_2099.jpg,6
Pasture/Pasture_1185.jpg,5
Industrial/Industrial_742.jpg,4
PermanentCrop/PermanentCrop_1188.jpg,6
HerbaceousVegetation/HerbaceousVegetation_1979.jpg,2
Forest/Forest_1404.jpg,1
SeaLake/SeaLake_1095.jpg,9
Pasture/Pasture_1998.jpg,5
Industrial/Industrial_2124.jpg,4
Residential/Residential_2230.jpg,7
SeaLake/SeaLake_1236.jpg,9
River/River_494.jpg,8
HerbaceousVegetation/HerbaceousVegetation_2202.jpg,2
River/River_2089.jpg,8
AnnualCrop/AnnualCrop_627.jpg,0
HerbaceousVegetation/HerbaceousVegetation_978.jpg,2
HerbaceousVegetation/HerbaceousVegetation_1833.jpg,2
Pasture/Pasture_930.jpg,5
PermanentCrop/PermanentCrop_1292.jpg,6
AnnualCrop/AnnualCrop_767.jpg,0
Forest/Forest_727.jpg,1
HerbaceousVegetation/HerbaceousVegetation_2866.jpg,2
Industrial/Industrial_948.jpg,4
Highway/Highway_1499.jpg,3
SeaLake/SeaLake_895.jpg,9
PermanentCrop/PermanentCrop_884.jpg,6
Highway/Highway_1330.jpg,3
SeaLake/SeaLake_2919.jpg,9
PermanentCrop/PermanentCrop_1729.jpg,6
HerbaceousVegetation/HerbaceousVegetation_1095.jpg,2
River/River_939.jpg,8
River/River_20.jpg,8
Forest/Forest_1651.jpg,1
AnnualCrop/AnnualCrop_1578.jpg,0
Industrial/Industrial_580.jpg,4
Forest/Forest_165.jpg,1
Highway/Highway_2052.jpg,3
AnnualCrop/AnnualCrop_776.jpg,0
Highway/Highway_2422.jpg,3
River/River_737.jpg,8
SeaLake/SeaLake_38.jpg,9
River/River_812.jpg,8
AnnualCrop/AnnualCrop_128.jpg,0
Residential/Residential_1776.jpg,7
Residential/Residential_629.jpg,7
SeaLake/SeaLake_985.jpg,9
Residential/Residential_2349.jpg,7
Industrial/Industrial_1595.jpg,4
Forest/Forest_2360.jpg,1
Industrial/Industrial_1058.jpg,4
PermanentCrop/PermanentCrop_458.jpg,6
HerbaceousVegetation/HerbaceousVegetation_1933.jpg,2
Forest/Forest_1288.jpg,1
PermanentCrop/PermanentCrop_73.jpg,6
Pasture/Pasture_1917.jpg,5
HerbaceousVegetation/HerbaceousVegetation_600.jpg,2
AnnualCrop/AnnualCrop_2563.jpg,0
Forest/Forest_1683.jpg,1
Residential/Residential_2415.jpg,7
Highway/Highway_520.jpg,3
River/River_381.jpg,8
HerbaceousVegetation/HerbaceousVegetation_2186.jpg,2
Industrial/Industrial_1478.jpg,4
AnnualCrop/AnnualCrop_1189.jpg,0
PermanentCrop/PermanentCrop_1735.jpg,6
River/River_1508.jpg,8
PermanentCrop/PermanentCrop_1426.jpg,6
HerbaceousVegetation/HerbaceousVegetation_1118.jpg,2
HerbaceousVegetation/HerbaceousVegetation_27.jpg,2
Forest/Forest_360.jpg,1
River/River_1649.jpg,8
SeaLake/SeaLake_1931.jpg,9
Industrial/Industrial_1233.jpg,4
PermanentCrop/PermanentCrop_593.jpg,6
Highway/Highway_70.jpg,3
HerbaceousVegetation/HerbaceousVegetation_2048.jpg,2
AnnualCrop/AnnualCrop_216.jpg,0
Forest/Forest_1799.jpg,1
Industrial/Industrial_2265.jpg,4
AnnualCrop/AnnualCrop_2057.jpg,0
Pasture/Pasture_1332.jpg,5
Industrial/Industrial_1105.jpg,4
River/River_2.jpg,8
Forest/Forest_1279.jpg,1
Pasture/Pasture_748.jpg,5
SeaLake/SeaLake_1597.jpg,9
Residential/Residential_903.jpg,7
Forest/Forest_2548.jpg,1
River/River_1826.jpg,8
River/River_1235.jpg,8
Forest/Forest_833.jpg,1
SeaLake/SeaLake_2916.jpg,9
Forest/Forest_318.jpg,1
AnnualCrop/AnnualCrop_1698.jpg,0
PermanentCrop/PermanentCrop_969.jpg,6
SeaLake/SeaLake_2504.jpg,9
Residential/Residential_2475.jpg,7
AnnualCrop/AnnualCrop_2610.jpg,0
Highway/Highway_2262.jpg,3
River/River_1662.jpg,8
SeaLake/SeaLake_1952.jpg,9
Pasture/Pasture_1499.jpg,5
Highway/Highway_1656.jpg,3
HerbaceousVegetation/HerbaceousVegetation_2633.jpg,2
Industrial/Industrial_1945.jpg,4
Forest/Forest_2398.jpg,1
River/River_1558.jpg,8
AnnualCrop/AnnualCrop_1208.jpg,0
SeaLake/SeaLake_729.jpg,9
HerbaceousVegetation/HerbaceousVegetation_1733.jpg,2
HerbaceousVegetation/HerbaceousVegetation_2530.jpg,2
Residential/Residential_2587.jpg,7
SeaLake/SeaLake_1239.jpg,9
Industrial/Industrial_100.jpg,4
Highway/Highway_1469.jpg,3
HerbaceousVegetation/HerbaceousVegetation_110.jpg,2
PermanentCrop/PermanentCrop_2206.jpg,6
Forest/Forest_2752.jpg,1
AnnualCrop/AnnualCrop_891.jpg,0
HerbaceousVegetation/HerbaceousVegetation_761.jpg,2
HerbaceousVegetation/HerbaceousVegetation_1924.jpg,2
Highway/Highway_1305.jpg,3
Forest/Forest_675.jpg,1
Residential/Residential_2810.jpg,7
Forest/Forest_199.jpg,1
PermanentCrop/PermanentCrop_1139.jpg,6
Forest/Forest_2757.jpg,1
River/River_868.jpg,8
Pasture/Pasture_1826.jpg,5
PermanentCrop/PermanentCrop_275.jpg,6
HerbaceousVegetation/HerbaceousVegetation_2407.jpg,2
Forest/Forest_2426.jpg,1
River/River_1184.jpg,8
River/River_1163.jpg,8
Forest/Forest_1761.jpg,1
Industrial/Industrial_804.jpg,4
HerbaceousVegetation/HerbaceousVegetation_1136.jpg,2
Industrial/Industrial_1169.jpg,4
Pasture/Pasture_731.jpg,5
Residential/Residential_1140.jpg,7
Pasture/Pasture_473.jpg,5
Highway/Highway_1893.jpg,3
Pasture/Pasture_1007.jpg,5
AnnualCrop/AnnualCrop_2237.jpg,0
River/River_1050.jpg,8
Residential/Residential_1905.jpg,7
PermanentCrop/PermanentCrop_1854.jpg,6
Highway/Highway_476.jpg,3
HerbaceousVegetation/HerbaceousVegetation_1823.jpg,2
HerbaceousVegetation/HerbaceousVegetation_1167.jpg,2
HerbaceousVegetation/HerbaceousVegetation_1174.jpg,2
Residential/Residential_1055.jpg,7
Highway/Highway_126.jpg,3
PermanentCrop/PermanentCrop_905.jpg,6
Highway/Highway_254.jpg,3
Residential/Residential_2167.jpg,7
AnnualCrop/AnnualCrop_752.jpg,0
PermanentCrop/PermanentCrop_136.jpg,6
Residential/Residential_1599.jpg,7
Pasture/Pasture_302.jpg,5
PermanentCrop/PermanentCrop_1266.jpg,6
Highway/Highway_209.jpg,3
HerbaceousVegetation/HerbaceousVegetation_1002.jpg,2
River/River_589.jpg,8
AnnualCrop/AnnualCrop_2906.jpg,0
HerbaceousVegetation/HerbaceousVegetation_2526.jpg,2
River/River_1051.jpg,8
PermanentCrop/PermanentCrop_2231.jpg,6
AnnualCrop/AnnualCrop_2338.jpg,0
Industrial/Industrial_1511.jpg,4
SeaLake/SeaLake_781.jpg,9
SeaLake/SeaLake_2026.jpg,9
AnnualCrop/AnnualCrop_2454.jpg,0
Industrial/Industrial_1939.jpg,4
Forest/Forest_121.jpg,1
AnnualCrop/AnnualCrop_207.jpg,0
Highway/Highway_1579.jpg,3
PermanentCrop/PermanentCrop_2498.jpg,6
River/River_572.jpg,8
AnnualCrop/AnnualCrop_96.jpg,0
Residential/Residential_1119.jpg,7
Pasture/Pasture_775.jpg,5
AnnualCrop/AnnualCrop_1922.jpg,0
SeaLake/SeaLake_145.jpg,9
Industrial/Industrial_1597.jpg,4
Residential/Residential_1920.jpg,7
Forest/Forest_2869.jpg,1
River/River_1600.jpg,8
PermanentCrop/PermanentCrop_902.jpg,6
AnnualCrop/AnnualCrop_558.jpg,0
HerbaceousVegetation/HerbaceousVegetation_2659.jpg,2
AnnualCrop/AnnualCrop_15.jpg,0
Pasture/Pasture_694.jpg,5
Pasture/Pasture_331.jpg,5
HerbaceousVegetation/HerbaceousVegetation_1662.jpg,2
Residential/Residential_802.jpg,7
Industrial/Industrial_367.jpg,4
Highway/Highway_522.jpg,3
Industrial/Industrial_41.jpg,4
Residential/Residential_2521.jpg,7
Forest/Forest_1354.jpg,1
SeaLake/SeaLake_1767.jpg,9
SeaLake/SeaLake_2444.jpg,9
PermanentCrop/PermanentCrop_689.jpg,6
PermanentCrop/PermanentCrop_633.jpg,6
SeaLake/SeaLake_1.jpg,9
PermanentCrop/PermanentCrop_1484.jpg,6
AnnualCrop/AnnualCrop_2455.jpg,0
Pasture/Pasture_340.jpg,5
PermanentCrop/PermanentCrop_1850.jpg,6
Residential/Residential_1705.jpg,7
Highway/Highway_2297.jpg,3
HerbaceousVegetation/HerbaceousVegetation_558.jpg,2
SeaLake/SeaLake_61.jpg,9
PermanentCrop/PermanentCrop_376.jpg,6
AnnualCrop/AnnualCrop_743.jpg,0
Highway/Highway_1090.jpg,3
PermanentCrop/PermanentCrop_992.jpg,6
Industrial/Industrial_1803.jpg,4
SeaLake/SeaLake_1806.jpg,9
River/River_1633.jpg,8
Pasture/Pasture_171.jpg,5
AnnualCrop/AnnualCrop_1872.jpg,0
SeaLake/SeaLake_2737.jpg,9
Pasture/Pasture_1116.jpg,5
Industrial/Industrial_825.jpg,4
River/River_1036.jpg,8
Residential/Residential_2983.jpg,7
Forest/Forest_356.jpg,1
Industrial/Industrial_1985.jpg,4
Pasture/Pasture_1228.jpg,5
Forest/Forest_461.jpg,1
Pasture/Pasture_550.jpg,5
AnnualCrop/AnnualCrop_1066.jpg,0
HerbaceousVegetation/HerbaceousVegetation_18.jpg,2
River/River_2201.jpg,8
HerbaceousVegetation/HerbaceousVegetation_2218.jpg,2
River/River_1017.jpg,8
Forest/Forest_1156.jpg,1
PermanentCrop/PermanentCrop_506.jpg,6
Industrial/Industrial_2198.jpg,4
SeaLake/SeaLake_2809.jpg,9
River/River_2241.jpg,8
Pasture/Pasture_1321.jpg,5
Industrial/Industrial_1855.jpg,4
River/River_2082.jpg,8
River/River_2426.jpg,8
HerbaceousVegetation/HerbaceousVegetation_2999.jpg,2
AnnualCrop/AnnualCrop_2370.jpg,0
SeaLake/SeaLake_1646.jpg,9
Industrial/Industrial_1183.jpg,4
Residential/Residential_1271.jpg,7
AnnualCrop/AnnualCrop_458.jpg,0
HerbaceousVegetation/HerbaceousVegetation_2419.jpg,2
Forest/Forest_792.jpg,1
AnnualCrop/AnnualCrop_739.jpg,0
SeaLake/SeaLake_1663.jpg,9
River/River_290.jpg,8
River/River_417.jpg,8
River/River_80.jpg,8
AnnualCrop/AnnualCrop_2076.jpg,0
Forest/Forest_1676.jpg,1
Residential/Residential_298.jpg,7
Highway/Highway_38.jpg,3
Forest/Forest_2498.jpg,1
River/River_2314.jpg,8
Highway/Highway_2111.jpg,3
River/River_2182.jpg,8
River/River_190.jpg,8
Pasture/Pasture_1319.jpg,5
Industrial/Industrial_680.jpg,4
SeaLake/SeaLake_910.jpg,9
SeaLake/SeaLake_2426.jpg,9
Pasture/Pasture_305.jpg,5
SeaLake/SeaLake_898.jpg,9
Forest/Forest_149.jpg,1
Residential/Residential_2164.jpg,7
Residential/Residential_1010.jpg,7
Pasture/Pasture_637.jpg,5
Residential/Residential_1468.jpg,7
HerbaceousVegetation/HerbaceousVegetation_2472.jpg,2
AnnualCrop/AnnualCrop_1268.jpg,0
Residential/Residential_2642.jpg,7
Industrial/Industrial_39.jpg,4
PermanentCrop/PermanentCrop_1897.jpg,6
SeaLake/SeaLake_388.jpg,9
Forest/Forest_2488.jpg,1
PermanentCrop/PermanentCrop_570.jpg,6
Industrial/Industrial_190.jpg,4
PermanentCrop/PermanentCrop_1688.jpg,6
Industrial/Industrial_654.jpg,4
SeaLake/SeaLake_2948.jpg,9
Highway/Highway_1013.jpg,3
Industrial/Industrial_2280.jpg,4
Pasture/Pasture_60.jpg,5
Industrial/Industrial_437.jpg,4
Forest/Forest_1965.jpg,1
Pasture/Pasture_374.jpg,5
Highway/Highway_2173.jpg,3
HerbaceousVegetation/HerbaceousVegetation_289.jpg,2
Highway/Highway_377.jpg,3
Pasture/Pasture_1639.jpg,5
Highway/Highway_322.jpg,3
Pasture/Pasture_1538.jpg,5
PermanentCrop/PermanentCrop_1834.jpg,6
Residential/Residential_1368.jpg,7
AnnualCrop/AnnualCrop_690.jpg,0
River/River_1702.jpg,8
Forest/Forest_2559.jpg,1
HerbaceousVegetation/HerbaceousVegetation_1330.jpg,2
Residential/Residential_827.jpg,7
SeaLake/SeaLake_2036.jpg,9
Residential/Residential_2662.jpg,7
Highway/Highway_212.jpg,3
Industrial/Industrial_2398.jpg,4
HerbaceousVegetation/HerbaceousVegetation_1758.jpg,2
Highway/Highway_551.jpg,3
Industrial/Industrial_1664.jpg,4
Residential/Residential_1173.jpg,7
Residential/Residential_652.jpg,7
PermanentCrop/PermanentCrop_512.jpg,6
HerbaceousVegetation/HerbaceousVegetation_2506.jpg,2
Residential/Residential_216.jpg,7
Forest/Forest_287.jpg,1
Residential/Residential_2881.jpg,7
PermanentCrop/PermanentCrop_1098.jpg,6
Pasture/Pasture_916.jpg,5
Pasture/Pasture_1522.jpg,5
Industrial/Industrial_2253.jpg,4
SeaLake/SeaLake_2794.jpg,9
HerbaceousVegetation/HerbaceousVegetation_2831.jpg,2
PermanentCrop/PermanentCrop_774.jpg,6
AnnualCrop/AnnualCrop_2705.jpg,0
Forest/Forest_845.jpg,1
Pasture/Pasture_1726.jpg,5
River/River_1256.jpg,8
Industrial/Industrial_113.jpg,4
Industrial/Industrial_1653.jpg,4
Forest/Forest_2136.jpg,1
SeaLake/SeaLake_2891.jpg,9
Residential/Residential_473.jpg,7
SeaLake/SeaLake_181.jpg,9
Forest/Forest_187.jpg,1
SeaLake/SeaLake_600.jpg,9
AnnualCrop/AnnualCrop_621.jpg,0
AnnualCrop/AnnualCrop_688.jpg,0
Forest/Forest_1313.jpg,1
AnnualCrop/AnnualCrop_447.jpg,0
Residential/Residential_755.jpg,7
Forest/Forest_1640.jpg,1
Forest/Forest_383.jpg,1
HerbaceousVegetation/HerbaceousVegetation_911.jpg,2
River/River_1180.jpg,8
HerbaceousVegetation/HerbaceousVegetation_1035.jpg,2
River/River_729.jpg,8
Residential/Residential_1277.jpg,7
Highway/Highway_1739.jpg,3
HerbaceousVegetation/HerbaceousVegetation_114.jpg,2
Industrial/Industrial_1322.jpg,4
Forest/Forest_1708.jpg,1
Residential/Residential_1444.jpg,7
Pasture/Pasture_914.jpg,5
AnnualCrop/AnnualCrop_1530.jpg,0
HerbaceousVegetation/HerbaceousVegetation_205.jpg,2
Industrial/Industrial_600.jpg,4
AnnualCrop/AnnualCrop_2100.jpg,0
SeaLake/SeaLake_596.jpg,9
Industrial/Industrial_357.jpg,4
Forest/Forest_554.jpg,1
PermanentCrop/PermanentCrop_1080.jpg,6
Residential/Residential_747.jpg,7
River/River_350.jpg,8
River/River_2462.jpg,8
PermanentCrop/PermanentCrop_1786.jpg,6
AnnualCrop/AnnualCrop_1887.jpg,0
SeaLake/SeaLake_2575.jpg,9
AnnualCrop/AnnualCrop_2802.jpg,0
River/River_492.jpg,8
Pasture/Pasture_1399.jpg,5
River/River_2006.jpg,8
Residential/Residential_212.jpg,7
SeaLake/SeaLake_2233.jpg,9
Highway/Highway_2017.jpg,3
PermanentCrop/PermanentCrop_823.jpg,6
Forest/Forest_375.jpg,1
PermanentCrop/PermanentCrop_2325.jpg,6
Residential/Residential_474.jpg,7
SeaLake/SeaLake_2293.jpg,9
Residential/Residential_2996.jpg,7
Forest/Forest_722.jpg,1
Residential/Residential_1334.jpg,7
Highway/Highway_1798.jpg,3
AnnualCrop/AnnualCrop_924.jpg,0
Highway/Highway_840.jpg,3
Industrial/Industrial_349.jpg,4
AnnualCrop/AnnualCrop_561.jpg,0
Highway/Highway_1966.jpg,3
Industrial/Industrial_60.jpg,4
Industrial/Industrial_1343.jpg,4
Pasture/Pasture_589.jpg,5
HerbaceousVegetation/HerbaceousVegetation_524.jpg,2
Highway/Highway_1689.jpg,3
HerbaceousVegetation/HerbaceousVegetation_1297.jpg,2
AnnualCrop/AnnualCrop_852.jpg,0
River/River_685.jpg,8
HerbaceousVegetation/HerbaceousVegetation_2380.jpg,2
Residential/Residential_1392.jpg,7
SeaLake/SeaLake_1694.jpg,9
Residential/Residential_1584.jpg,7
PermanentCrop/PermanentCrop_1269.jpg,6
River/River_1491.jpg,8
PermanentCrop/PermanentCrop_286.jpg,6
Highway/Highway_973.jpg,3
Forest/Forest_1310.jpg,1
SeaLake/SeaLake_2488.jpg,9
Forest/Forest_1190.jpg,1
SeaLake/SeaLake_1454.jpg,9
SeaLake/SeaLake_1558.jpg,9
PermanentCrop/PermanentCrop_1344.jpg,6
HerbaceousVegetation/HerbaceousVegetation_1647.jpg,2
Forest/Forest_812.jpg,1
River/River_24.jpg,8
Forest/Forest_1025.jpg,1
SeaLake/SeaLake_1085.jpg,9
Residential/Residential_2056.jpg,7
Industrial/Industrial_1750.jpg,4
HerbaceousVegetation/HerbaceousVegetation_1981.jpg,2
PermanentCrop/PermanentCrop_603.jpg,6
Industrial/Industrial_303.jpg,4
AnnualCrop/AnnualCrop_1734.jpg,0
River/River_1481.jpg,8
River/River_69.jpg,8
Residential/Residential_1520.jpg,7
AnnualCrop/AnnualCrop_1046.jpg,0
AnnualCrop/AnnualCrop_1315.jpg,0
HerbaceousVegetation/HerbaceousVegetation_1435.jpg,2
Residential/Residential_265.jpg,7
Industrial/Industrial_882.jpg,4
SeaLake/SeaLake_2526.jpg,9
PermanentCrop/PermanentCrop_1939.jpg,6
SeaLake/SeaLake_383.jpg,9
HerbaceousVegetation/HerbaceousVegetation_2285.jpg,2
Highway/Highway_1852.jpg,3
Residential/Residential_1371.jpg,7
Pasture/Pasture_112.jpg,5
Residential/Residential_1670.jpg,7
SeaLake/SeaLake_767.jpg,9
PermanentCrop/PermanentCrop_1245.jpg,6
Forest/Forest_1500.jpg,1
River/River_1925.jpg,8
Forest/Forest_1624.jpg,1
Forest/Forest_1719.jpg,1
Highway/Highway_2153.jpg,3
AnnualCrop/AnnualCrop_211.jpg,0
River/River_1209.jpg,8
AnnualCrop/AnnualCrop_2397.jpg,0
HerbaceousVegetation/HerbaceousVegetation_250.jpg,2
Pasture/Pasture_811.jpg,5
Highway/Highway_2174.jpg,3
River/River_495.jpg,8
Forest/Forest_1134.jpg,1
HerbaceousVegetation/HerbaceousVegetation_556.jpg,2
SeaLake/SeaLake_1534.jpg,9
Forest/Forest_272.jpg,1
Industrial/Industrial_1741.jpg,4
PermanentCrop/PermanentCrop_19.jpg,6
River/River_1678.jpg,8
Residential/Residential_1258.jpg,7
Forest/Forest_462.jpg,1
HerbaceousVegetation/HerbaceousVegetation_1051.jpg,2
Residential/Residential_946.jpg,7
SeaLake/SeaLake_2115.jpg,9
Pasture/Pasture_403.jpg,5
HerbaceousVegetation/HerbaceousVegetation_1522.jpg,2
Residential/Residential_560.jpg,7
River/River_2110.jpg,8
Residential/Residential_123.jpg,7
Highway/Highway_2370.jpg,3
Highway/Highway_1720.jpg,3
HerbaceousVegetation/HerbaceousVegetation_1524.jpg,2
River/River_50.jpg,8
Forest/Forest_2269.jpg,1
Industrial/Industrial_2363.jpg,4
Forest/Forest_152.jpg,1
Pasture/Pasture_1565.jpg,5
Residential/Residential_1948.jpg,7
AnnualCrop/AnnualCrop_435.jpg,0
AnnualCrop/AnnualCrop_1846.jpg,0
Highway/Highway_663.jpg,3
HerbaceousVegetation/HerbaceousVegetation_1955.jpg,2
SeaLake/SeaLake_169.jpg,9
AnnualCrop/AnnualCrop_2365.jpg,0
Forest/Forest_2569.jpg,1
Highway/Highway_1063.jpg,3
SeaLake/SeaLake_123.jpg,9
SeaLake/SeaLake_1940.jpg,9
Highway/Highway_2197.jpg,3
AnnualCrop/AnnualCrop_911.jpg,0
AnnualCrop/AnnualCrop_2283.jpg,0
Highway/Highway_193.jpg,3
Forest/Forest_1567.jpg,1
Forest/Forest_1139.jpg,1
HerbaceousVegetation/HerbaceousVegetation_849.jpg,2
Forest/Forest_2739.jpg,1
SeaLake/SeaLake_2000.jpg,9
Highway/Highway_990.jpg,3
AnnualCrop/AnnualCrop_1416.jpg,0
Forest/Forest_617.jpg,1
AnnualCrop/AnnualCrop_77.jpg,0
HerbaceousVegetation/HerbaceousVegetation_2483.jpg,2
HerbaceousVegetation/HerbaceousVegetation_2247.jpg,2
Residential/Residential_2142.jpg,7
PermanentCrop/PermanentCrop_1522.jpg,6
Residential/Residential_1202.jpg,7
Forest/Forest_2545.jpg,1
River/River_1396.jpg,8
Highway/Highway_255.jpg,3
Highway/Highway_1124.jpg,3
AnnualCrop/AnnualCrop_370.jpg,0
Forest/Forest_99.jpg,1
SeaLake/SeaLake_2396.jpg,9
SeaLake/SeaLake_2335.jpg,9
Pasture/Pasture_159.jpg,5
AnnualCrop/AnnualCrop_2124.jpg,0
Industrial/Industrial_333.jpg,4
HerbaceousVegetation/HerbaceousVegetation_1434.jpg,2
AnnualCrop/AnnualCrop_2097.jpg,0
Pasture/Pasture_1608.jpg,5
Forest/Forest_925.jpg,1
Highway/Highway_966.jpg,3
Industrial/Industrial_1277.jpg,4
SeaLake/SeaLake_282.jpg,9
PermanentCrop/PermanentCrop_2430.jpg,6
Residential/Residential_417.jpg,7
Industrial/Industrial_1974.jpg,4
River/River_775.jpg,8
AnnualCrop/AnnualCrop_1045.jpg,0
Residential/Residential_1401.jpg,7
SeaLake/SeaLake_1291.jpg,9
River/River_1484.jpg,8
Pasture/Pasture_1049.jpg,5
HerbaceousVegetation/HerbaceousVegetation_1580.jpg,2
SeaLake/SeaLake_2002.jpg,9
Industrial/Industrial_2047.jpg,4
Industrial/Industrial_1355.jpg,4
HerbaceousVegetation/HerbaceousVegetation_1012.jpg,2
Industrial/Industrial_1672.jpg,4
Residential/Residential_2820.jpg,7
Industrial/Industrial_64.jpg,4
PermanentCrop/PermanentCrop_2491.jpg,6
AnnualCrop/AnnualCrop_1276.jpg,0
Highway/Highway_2134.jpg,3
Forest/Forest_2827.jpg,1
Pasture/Pasture_1356.jpg,5
Highway/Highway_1903.jpg,3
AnnualCrop/AnnualCrop_1904.jpg,0
Forest/Forest_1113.jpg,1
Forest/Forest_1992.jpg,1
HerbaceousVegetation/HerbaceousVegetation_1793.jpg,2
Forest/Forest_886.jpg,1
Industrial/Industrial_927.jpg,4
Pasture/Pasture_1069.jpg,5
AnnualCrop/AnnualCrop_2325.jpg,0
Forest/Forest_2224.jpg,1
River/River_9.jpg,8
PermanentCrop/PermanentCrop_581.jpg,6
Pasture/Pasture_682.jpg,5
Forest/Forest_707.jpg,1
Industrial/Industrial_2295.jpg,4
AnnualCrop/AnnualCrop_308.jpg,0
Forest/Forest_1275.jpg,1
SeaLake/SeaLake_2889.jpg,9
Pasture/Pasture_169.jpg,5
Forest/Forest_2958.jpg,1
River/River_879.jpg,8
SeaLake/SeaLake_1740.jpg,9
Highway/Highway_2268.jpg,3
AnnualCrop/AnnualCrop_1573.jpg,0
Highway/Highway_2280.jpg,3
Forest/Forest_2012.jpg,1
HerbaceousVegetation/HerbaceousVegetation_2648.jpg,2
HerbaceousVegetation/HerbaceousVegetation_2710.jpg,2
Highway/Highway_1878.jpg,3
SeaLake/SeaLake_2062.jpg,9
AnnualCrop/AnnualCrop_1870.jpg,0
AnnualCrop/AnnualCrop_78.jpg,0
Residential/Residential_2339.jpg,7
AnnualCrop/AnnualCrop_716.jpg,0
Industrial/Industrial_852.jpg,4
AnnualCrop/AnnualCrop_541.jpg,0
AnnualCrop/AnnualCrop_1275.jpg,0
AnnualCrop/AnnualCrop_2394.jpg,0
Residential/Residential_1373.jpg,7
Highway/Highway_1782.jpg,3
Forest/Forest_1371.jpg,1
PermanentCrop/PermanentCrop_1439.jpg,6
Highway/Highway_1755.jpg,3
Forest/Forest_1359.jpg,1
Highway/Highway_1012.jpg,3
Residential/Residential_1654.jpg,7
PermanentCrop/PermanentCrop_2119.jpg,6
Pasture/Pasture_177.jpg,5
SeaLake/SeaLake_1725.jpg,9
Residential/Residential_1054.jpg,7
AnnualCrop/AnnualCrop_396.jpg,0
AnnualCrop/AnnualCrop_2010.jpg,0
Residential/Residential_1802.jpg,7
AnnualCrop/AnnualCrop_2382.jpg,0
Forest/Forest_1274.jpg,1
PermanentCrop/PermanentCrop_1468.jpg,6
River/River_1282.jpg,8
AnnualCrop/AnnualCrop_2651.jpg,0
HerbaceousVegetation/HerbaceousVegetation_1639.jpg,2
Residential/Residential_926.jpg,7
AnnualCrop/AnnualCrop_2502.jpg,0
SeaLake/SeaLake_119.jpg,9
Residential/Residential_21.jpg,7
AnnualCrop/AnnualCrop_1224.jpg,0
Residential/Residential_961.jpg,7
Residential/Residential_2756.jpg,7
Highway/Highway_2435.jpg,3
AnnualCrop/AnnualCrop_2292.jpg,0
Residential/Residential_2538.jpg,7
PermanentCrop/PermanentCrop_2256.jpg,6
HerbaceousVegetation/HerbaceousVegetation_555.jpg,2
AnnualCrop/AnnualCrop_958.jpg,0
Forest/Forest_96.jpg,1
HerbaceousVegetation/HerbaceousVegetation_2645.jpg,2
Pasture/Pasture_1979.jpg,5
Forest/Forest_2438.jpg,1
SeaLake/SeaLake_1910.jpg,9
AnnualCrop/AnnualCrop_1494.jpg,0
Residential/Residential_1931.jpg,7
Residential/Residential_1987.jpg,7
PermanentCrop/PermanentCrop_1127.jpg,6
PermanentCrop/PermanentCrop_369.jpg,6
Pasture/Pasture_1619.jpg,5
Industrial/Industrial_1293.jpg,4
PermanentCrop/PermanentCrop_703.jpg,6
HerbaceousVegetation/HerbaceousVegetation_1043.jpg,2
River/River_826.jpg,8
PermanentCrop/PermanentCrop_2120.jpg,6
Residential/Residential_1641.jpg,7
Pasture/Pasture_1799.jpg,5
Industrial/Industrial_1238.jpg,4
Forest/Forest_1265.jpg,1
HerbaceousVegetation/HerbaceousVegetation_1911.jpg,2
PermanentCrop/PermanentCrop_1182.jpg,6
AnnualCrop/AnnualCrop_324.jpg,0
Residential/Residential_331.jpg,7
AnnualCrop/AnnualCrop_442.jpg,0
HerbaceousVegetation/HerbaceousVegetation_2487.jpg,2
HerbaceousVegetation/HerbaceousVegetation_496.jpg,2
AnnualCrop/AnnualCrop_2262.jpg,0
HerbaceousVegetation/HerbaceousVegetation_1652.jpg,2
Industrial/Industrial_1358.jpg,4
Industrial/Industrial_1531.jpg,4
SeaLake/SeaLake_766.jpg,9
Residential/Residential_2468.jpg,7
PermanentCrop/PermanentCrop_912.jpg,6
River/River_1031.jpg,8
Residential/Residential_1061.jpg,7
AnnualCrop/AnnualCrop_1070.jpg,0
Industrial/Industrial_1696.jpg,4
Forest/Forest_1722.jpg,1
Highway/Highway_1900.jpg,3
HerbaceousVegetation/HerbaceousVegetation_1054.jpg,2
Residential/Residential_2106.jpg,7
AnnualCrop/AnnualCrop_1605.jpg,0
AnnualCrop/AnnualCrop_1304.jpg,0
Residential/Residential_2424.jpg,7
SeaLake/SeaLake_715.jpg,9
Residential/Residential_1294.jpg,7
Industrial/Industrial_166.jpg,4
HerbaceousVegetation/HerbaceousVegetation_65.jpg,2
HerbaceousVegetation/HerbaceousVegetation_2113.jpg,2
Forest/Forest_1616.jpg,1
Industrial/Industrial_1813.jpg,4
Forest/Forest_85.jpg,1
AnnualCrop/AnnualCrop_2507.jpg,0
HerbaceousVegetation/HerbaceousVegetation_1023.jpg,2
Highway/Highway_95.jpg,3
Forest/Forest_2328.jpg,1
Pasture/Pasture_718.jpg,5
HerbaceousVegetation/HerbaceousVegetation_2527.jpg,2
River/River_1554.jpg,8
AnnualCrop/AnnualCrop_2750.jpg,0
Industrial/Industrial_1148.jpg,4
River/River_2227.jpg,8
Residential/Residential_1639.jpg,7
Industrial/Industrial_2029.jpg,4
PermanentCrop/PermanentCrop_2370.jpg,6
PermanentCrop/PermanentCrop_462.jpg,6
HerbaceousVegetation/HerbaceousVegetation_2691.jpg,2
Residential/Residential_127.jpg,7
PermanentCrop/PermanentCrop_1221.jpg,6
HerbaceousVegetation/HerbaceousVegetation_1354.jpg,2
Residential/Residential_848.jpg,7
AnnualCrop/AnnualCrop_2870.jpg,0
AnnualCrop/AnnualCrop_2008.jpg,0
River/River_252.jpg,8
Forest/Forest_818.jpg,1
Residential/Residential_2139.jpg,7
HerbaceousVegetation/HerbaceousVegetation_1891.jpg,2
Industrial/Industrial_1071.jpg,4
Industrial/Industrial_678.jpg,4
Residential/Residential_1323.jpg,7
Pasture/Pasture_74.jpg,5
Residential/Residential_959.jpg,7
Industrial/Industrial_983.jpg,4
PermanentCrop/PermanentCrop_80.jpg,6
PermanentCrop/PermanentCrop_1766.jpg,6
PermanentCrop/PermanentCrop_1250.jpg,6
HerbaceousVegetation/HerbaceousVegetation_2839.jpg,2
HerbaceousVegetation/HerbaceousVegetation_518.jpg,2
SeaLake/SeaLake_2677.jpg,9
AnnualCrop/AnnualCrop_982.jpg,0
PermanentCrop/PermanentCrop_1668.jpg,6
Pasture/Pasture_1055.jpg,5
AnnualCrop/AnnualCrop_2914.jpg,0
AnnualCrop/AnnualCrop_1856.jpg,0
Highway/Highway_1594.jpg,3
HerbaceousVegetation/HerbaceousVegetation_1892.jpg,2
Forest/Forest_2397.jpg,1
Residential/Residential_118.jpg,7
Industrial/Industrial_831.jpg,4
Pasture/Pasture_1510.jpg,5
SeaLake/SeaLake_2630.jpg,9
Highway/Highway_2099.jpg,3
SeaLake/SeaLake_2207.jpg,9
Forest/Forest_2292.jpg,1
PermanentCrop/PermanentCrop_1331.jpg,6
HerbaceousVegetation/HerbaceousVegetation_1020.jpg,2
River/River_1168.jpg,8
Forest/Forest_2994.jpg,1
AnnualCrop/AnnualCrop_1643.jpg,0
Forest/Forest_1866.jpg,1
Industrial/Industrial_62.jpg,4
River/River_2422.jpg,8
Forest/Forest_999.jpg,1
Pasture/Pasture_844.jpg,5
AnnualCrop/AnnualCrop_2072.jpg,0
HerbaceousVegetation/HerbaceousVegetation_1100.jpg,2
Industrial/Industrial_1440.jpg,4
Residential/Residential_225.jpg,7
Highway/Highway_2124.jpg,3
PermanentCrop/PermanentCrop_2037.jpg,6
River/River_444.jpg,8
HerbaceousVegetation/HerbaceousVegetation_623.jpg,2
Highway/Highway_2462.jpg,3
Pasture/Pasture_1236.jpg,5
Pasture/Pasture_78.jpg,5
AnnualCrop/AnnualCrop_1811.jpg,0
Residential/Residential_1463.jpg,7
SeaLake/SeaLake_1494.jpg,9
AnnualCrop/AnnualCrop_915.jpg,0
Industrial/Industrial_1533.jpg,4
AnnualCrop/AnnualCrop_2433.jpg,0
Pasture/Pasture_1278.jpg,5
AnnualCrop/AnnualCrop_1668.jpg,0
Forest/Forest_679.jpg,1
AnnualCrop/AnnualCrop_1636.jpg,0
SeaLake/SeaLake_1112.jpg,9
Forest/Forest_708.jpg,1
HerbaceousVegetation/HerbaceousVegetation_700.jpg,2
Pasture/Pasture_306.jpg,5
Highway/Highway_2451.jpg,3
Industrial/Industrial_1885.jpg,4
HerbaceousVegetation/HerbaceousVegetation_2706.jpg,2
Forest/Forest_1831.jpg,1
Highway/Highway_1957.jpg,3
Pasture/Pasture_989.jpg,5
Industrial/Industrial_1476.jpg,4
Forest/Forest_1394.jpg,1
PermanentCrop/PermanentCrop_2161.jpg,6
Forest/Forest_1368.jpg,1
River/River_2022.jpg,8
Highway/Highway_215.jpg,3
AnnualCrop/AnnualCrop_2213.jpg,0
SeaLake/SeaLake_2778.jpg,9
Industrial/Industrial_871.jpg,4
SeaLake/SeaLake_1131.jpg,9
HerbaceousVegetation/HerbaceousVegetation_1721.jpg,2
Highway/Highway_811.jpg,3
Industrial/Industrial_1934.jpg,4
Forest/Forest_1463.jpg,1
PermanentCrop/PermanentCrop_1035.jpg,6
HerbaceousVegetation/HerbaceousVegetation_1296.jpg,2
Residential/Residential_305.jpg,7
AnnualCrop/AnnualCrop_1931.jpg,0
SeaLake/SeaLake_2514.jpg,9
PermanentCrop/PermanentCrop_354.jpg,6
River/River_920.jpg,8
Residential/Residential_975.jpg,7
Pasture/Pasture_1554.jpg,5
SeaLake/SeaLake_2111.jpg,9
SeaLake/SeaLake_1360.jpg,9
Industrial/Industrial_1490.jpg,4
Forest/Forest_1812.jpg,1
SeaLake/SeaLake_2870.jpg,9
River/River_742.jpg,8
SeaLake/SeaLake_2405.jpg,9
SeaLake/SeaLake_2752.jpg,9
Industrial/Industrial_1220.jpg,4
Industrial/Industrial_879.jpg,4
Industrial/Industrial_1893.jpg,4
PermanentCrop/PermanentCrop_178.jpg,6
PermanentCrop/PermanentCrop_1491.jpg,6
HerbaceousVegetation/HerbaceousVegetation_2924.jpg,2
AnnualCrop/AnnualCrop_2281.jpg,0
AnnualCrop/AnnualCrop_1948.jpg,0
Residential/Residential_2712.jpg,7
SeaLake/SeaLake_1715.jpg,9
SeaLake/SeaLake_2118.jpg,9
HerbaceousVegetation/HerbaceousVegetation_2750.jpg,2
SeaLake/SeaLake_65.jpg,9
AnnualCrop/AnnualCrop_1812.jpg,0
SeaLake/SeaLake_1154.jpg,9
Highway/Highway_931.jpg,3
River/River_175.jpg,8
HerbaceousVegetation/HerbaceousVegetation_2822.jpg,2
Highway/Highway_230.jpg,3
Industrial/Industrial_613.jpg,4
AnnualCrop/AnnualCrop_994.jpg,0
Forest/Forest_365.jpg,1
Industrial/Industrial_1707.jpg,4
AnnualCrop/AnnualCrop_2244.jpg,0
SeaLake/SeaLake_829.jpg,9
Highway/Highway_774.jpg,3
AnnualCrop/AnnualCrop_249.jpg,0
AnnualCrop/AnnualCrop_813.jpg,0
HerbaceousVegetation/HerbaceousVegetation_1962.jpg,2
Highway/Highway_1608.jpg,3
AnnualCrop/AnnualCrop_2819.jpg,0
HerbaceousVegetation/HerbaceousVegetation_1541.jpg,2
River/River_985.jpg,8
Residential/Residential_1616.jpg,7
River/River_227.jpg,8
SeaLake/SeaLake_1041.jpg,9
Residential/Residential_1676.jpg,7
Highway/Highway_335.jpg,3
Pasture/Pasture_618.jpg,5
Highway/Highway_507.jpg,3
Pasture/Pasture_778.jpg,5
HerbaceousVegetation/HerbaceousVegetation_30.jpg,2
Residential/Residential_1224.jpg,7
Residential/Residential_7.jpg,7
Pasture/Pasture_693.jpg,5
River/River_816.jpg,8
River/River_1706.jpg,8
Forest/Forest_2779.jpg,1
PermanentCrop/PermanentCrop_469.jpg,6
River/River_704.jpg,8
Forest/Forest_2726.jpg,1
Forest/Forest_680.jpg,1
Residential/Residential_2323.jpg,7
Pasture/Pasture_796.jpg,5
Residential/Residential_336.jpg,7
Residential/Residential_2998.jpg,7
SeaLake/SeaLake_1587.jpg,9
Industrial/Industrial_912.jpg,4
AnnualCrop/AnnualCrop_2681.jpg,0
Industrial/Industrial_335.jpg,4
SeaLake/SeaLake_2888.jpg,9
Forest/Forest_313.jpg,1
Forest/Forest_760.jpg,1
Pasture/Pasture_833.jpg,5
River/River_1974.jpg,8
Residential/Residential_2806.jpg,7
Industrial/Industrial_1753.jpg,4
River/River_201.jpg,8
HerbaceousVegetation/HerbaceousVegetation_2572.jpg,2
Residential/Residential_2489.jpg,7
HerbaceousVegetation/HerbaceousVegetation_1804.jpg,2
HerbaceousVegetation/HerbaceousVegetation_116.jpg,2
HerbaceousVegetation/HerbaceousVegetation_2019.jpg,2
Residential/Residential_1712.jpg,7
Pasture/Pasture_996.jpg,5
HerbaceousVegetation/HerbaceousVegetation_570.jpg,2
Residential/Residential_1906.jpg,7
HerbaceousVegetation/HerbaceousVegetation_2994.jpg,2
Highway/Highway_1646.jpg,3
Forest/Forest_920.jpg,1
Pasture/Pasture_1207.jpg,5
Residential/Residential_2537.jpg,7
Highway/Highway_1085.jpg,3
Pasture/Pasture_178.jpg,5
SeaLake/SeaLake_2013.jpg,9
Industrial/Industrial_2018.jpg,4
PermanentCrop/PermanentCrop_1219.jpg,6
SeaLake/SeaLake_671.jpg,9
HerbaceousVegetation/HerbaceousVegetation_1685.jpg,2
Forest/Forest_582.jpg,1
Residential/Residential_1843.jpg,7
SeaLake/SeaLake_2445.jpg,9
Residential/Residential_2270.jpg,7
Residential/Residential_73.jpg,7
Highway/Highway_1697.jpg,3
Highway/Highway_487.jpg,3
Highway/Highway_1747.jpg,3
Highway/Highway_946.jpg,3
Highway/Highway_1704.jpg,3
HerbaceousVegetation/HerbaceousVegetation_845.jpg,2
Forest/Forest_1625.jpg,1
Highway/Highway_1491.jpg,3
Pasture/Pasture_773.jpg,5
HerbaceousVegetation/HerbaceousVegetation_615.jpg,2
Industrial/Industrial_1022.jpg,4
HerbaceousVegetation/HerbaceousVegetation_548.jpg,2
Industrial/Industrial_1333.jpg,4
River/River_874.jpg,8
PermanentCrop/PermanentCrop_972.jpg,6
Pasture/Pasture_1624.jpg,5
SeaLake/SeaLake_2782.jpg,9
Residential/Residential_1627.jpg,7
PermanentCrop/PermanentCrop_1618.jpg,6
AnnualCrop/AnnualCrop_224.jpg,0
AnnualCrop/AnnualCrop_2603.jpg,0
River/River_782.jpg,8
HerbaceousVegetation/HerbaceousVegetation_2020.jpg,2
HerbaceousVegetation/HerbaceousVegetation_240.jpg,2
AnnualCrop/AnnualCrop_1183.jpg,0
Highway/Highway_913.jpg,3
River/River_289.jpg,8
HerbaceousVegetation/HerbaceousVegetation_1572.jpg,2
River/River_1638.jpg,8
River/River_2367.jpg,8
Residential/Residential_169.jpg,7
Residential/Residential_2499.jpg,7
River/River_1245.jpg,8
Pasture/Pasture_98.jpg,5
Highway/Highway_2442.jpg,3
SeaLake/SeaLake_1046.jpg,9
Industrial/Industrial_1147.jpg,4
Forest/Forest_2281.jpg,1
HerbaceousVegetation/HerbaceousVegetation_317.jpg,2
Industrial/Industrial_91.jpg,4
HerbaceousVegetation/HerbaceousVegetation_2515.jpg,2
Pasture/Pasture_1855.jpg,5
HerbaceousVegetation/HerbaceousVegetation_3000.jpg,2
Forest/Forest_2401.jpg,1
HerbaceousVegetation/HerbaceousVegetation_494.jpg,2
River/River_196.jpg,8
SeaLake/SeaLake_2935.jpg,9
Highway/Highway_366.jpg,3
HerbaceousVegetation/HerbaceousVegetation_1792.jpg,2
River/River_1697.jpg,8
Forest/Forest_126.jpg,1
AnnualCrop/AnnualCrop_430.jpg,0
HerbaceousVegetation/HerbaceousVegetation_1033.jpg,2
River/River_906.jpg,8
Residential/Residential_634.jpg,7
River/River_230.jpg,8
Pasture/Pasture_746.jpg,5
PermanentCrop/PermanentCrop_478.jpg,6
PermanentCrop/PermanentCrop_1135.jpg,6
Industrial/Industrial_1140.jpg,4
AnnualCrop/AnnualCrop_1309.jpg,0
Residential/Residential_504.jpg,7
River/River_583.jpg,8
SeaLake/SeaLake_483.jpg,9
Residential/Residential_624.jpg,7
Pasture/Pasture_224.jpg,5
Industrial/Industrial_474.jpg,4
PermanentCrop/PermanentCrop_2341.jpg,6
Residential/Residential_1794.jpg,7
AnnualCrop/AnnualCrop_310.jpg,0
Residential/Residential_547.jpg,7
HerbaceousVegetation/HerbaceousVegetation_1630.jpg,2
River/River_1973.jpg,8
Highway/Highway_6.jpg,3
AnnualCrop/AnnualCrop_1981.jpg,0
HerbaceousVegetation/HerbaceousVegetation_549.jpg,2
Pasture/Pasture_596.jpg,5
AnnualCrop/AnnualCrop_1075.jpg,0
PermanentCrop/PermanentCrop_605.jpg,6
HerbaceousVegetation/HerbaceousVegetation_183.jpg,2
Forest/Forest_1315.jpg,1
River/River_1754.jpg,8
Pasture/Pasture_1388.jpg,5
Residential/Residential_2663.jpg,7
Highway/Highway_1361.jpg,3
Forest/Forest_1475.jpg,1
SeaLake/SeaLake_2740.jpg,9
River/River_1648.jpg,8
Industrial/Industrial_2416.jpg,4
River/River_49.jpg,8
SeaLake/SeaLake_2376.jpg,9
Highway/Highway_2452.jpg,3
Highway/Highway_1485.jpg,3
Residential/Residential_2413.jpg,7
Residential/Residential_116.jpg,7
Pasture/Pasture_1769.jpg,5
Forest/Forest_696.jpg,1
Residential/Residential_662.jpg,7
Pasture/Pasture_1306.jpg,5
SeaLake/SeaLake_1765.jpg,9
SeaLake/SeaLake_1972.jpg,9
Residential/Residential_1929.jpg,7
HerbaceousVegetation/HerbaceousVegetation_1168.jpg,2
HerbaceousVegetation/HerbaceousVegetation_1760.jpg,2
Residential/Residential_103.jpg,7
River/River_2098.jpg,8
Forest/Forest_1165.jpg,1
HerbaceousVegetation/HerbaceousVegetation_2961.jpg,2
PermanentCrop/PermanentCrop_472.jpg,6
River/River_143.jpg,8
HerbaceousVegetation/HerbaceousVegetation_2517.jpg,2
Pasture/Pasture_1122.jpg,5
Highway/Highway_2243.jpg,3
Forest/Forest_2788.jpg,1
Pasture/Pasture_376.jpg,5
Industrial/Industrial_525.jpg,4
SeaLake/SeaLake_2915.jpg,9
Residential/Residential_2887.jpg,7
PermanentCrop/PermanentCrop_2008.jpg,6
HerbaceousVegetation/HerbaceousVegetation_893.jpg,2
SeaLake/SeaLake_2362.jpg,9
AnnualCrop/AnnualCrop_957.jpg,0
Forest/Forest_2125.jpg,1
Residential/Residential_1522.jpg,7
AnnualCrop/AnnualCrop_387.jpg,0
Residential/Residential_2875.jpg,7
Pasture/Pasture_1291.jpg,5
Residential/Residential_1153.jpg,7
Pasture/Pasture_1384.jpg,5
PermanentCrop/PermanentCrop_1992.jpg,6
Pasture/Pasture_272.jpg,5
Industrial/Industrial_511.jpg,4
River/River_1304.jpg,8
Residential/Residential_695.jpg,7
SeaLake/SeaLake_40.jpg,9
Residential/Residential_2951.jpg,7
Forest/Forest_1311.jpg,1
AnnualCrop/AnnualCrop_1647.jpg,0
SeaLake/SeaLake_1138.jpg,9
Forest/Forest_322.jpg,1
HerbaceousVegetation/HerbaceousVegetation_1734.jpg,2
PermanentCrop/PermanentCrop_1511.jpg,6
Industrial/Industrial_1271.jpg,4
HerbaceousVegetation/HerbaceousVegetation_897.jpg,2
AnnualCrop/AnnualCrop_662.jpg,0
HerbaceousVegetation/HerbaceousVegetation_631.jpg,2
Highway/Highway_878.jpg,3
Residential/Residential_2937.jpg,7
Highway/Highway_2498.jpg,3
Highway/Highway_465.jpg,3
AnnualCrop/AnnualCrop_2673.jpg,0
PermanentCrop/PermanentCrop_523.jpg,6
Highway/Highway_26.jpg,3
River/River_683.jpg,8
River/River_2496.jpg,8
AnnualCrop/AnnualCrop_2265.jpg,0
Residential/Residential_111.jpg,7
PermanentCrop/PermanentCrop_1900.jpg,6
Residential/Residential_2264.jpg,7
River/River_1647.jpg,8
Pasture/Pasture_1229.jpg,5
HerbaceousVegetation/HerbaceousVegetation_975.jpg,2
River/River_2040.jpg,8
River/River_623.jpg,8
Industrial/Industrial_387.jpg,4
Industrial/Industrial_1839.jpg,4
Pasture/Pasture_280.jpg,5
River/River_2150.jpg,8
Residential/Residential_1638.jpg,7
Residential/Residential_1840.jpg,7
Forest/Forest_724.jpg,1
HerbaceousVegetation/HerbaceousVegetation_592.jpg,2
HerbaceousVegetation/HerbaceousVegetation_1156.jpg,2
HerbaceousVegetation/HerbaceousVegetation_648.jpg,2
Pasture/Pasture_677.jpg,5
PermanentCrop/PermanentCrop_2228.jpg,6
SeaLake/SeaLake_2048.jpg,9
Forest/Forest_564.jpg,1
SeaLake/SeaLake_141.jpg,9
Industrial/Industrial_1393.jpg,4
Highway/Highway_325.jpg,3
AnnualCrop/AnnualCrop_2655.jpg,0
Industrial/Industrial_872.jpg,4
SeaLake/SeaLake_19.jpg,9
Highway/Highway_1284.jpg,3
Residential/Residential_1916.jpg,7
SeaLake/SeaLake_2263.jpg,9
SeaLake/SeaLake_916.jpg,9
HerbaceousVegetation/HerbaceousVegetation_1222.jpg,2
HerbaceousVegetation/HerbaceousVegetation_511.jpg,2
Highway/Highway_402.jpg,3
Pasture/Pasture_1596.jpg,5
SeaLake/SeaLake_2776.jpg,9
AnnualCrop/AnnualCrop_670.jpg,0
Residential/Residential_1445.jpg,7
HerbaceousVegetation/HerbaceousVegetation_2169.jpg,2
Industrial/Industrial_1668.jpg,4
River/River_1871.jpg,8
River/River_2018.jpg,8
Residential/Residential_2340.jpg,7
Industrial/Industrial_1057.jpg,4
Industrial/Industrial_2237.jpg,4
Highway/Highway_626.jpg,3
Forest/Forest_1013.jpg,1
Residential/Residential_2004.jpg,7
River/River_508.jpg,8
AnnualCrop/AnnualCrop_2568.jpg,0
PermanentCrop/PermanentCrop_197.jpg,6
PermanentCrop/PermanentCrop_654.jpg,6
PermanentCrop/PermanentCrop_710.jpg,6
Forest/Forest_2121.jpg,1
Residential/Residential_176.jpg,7
Residential/Residential_2974.jpg,7
Pasture/Pasture_866.jpg,5
PermanentCrop/PermanentCrop_1830.jpg,6
PermanentCrop/PermanentCrop_125.jpg,6
River/River_282.jpg,8
Forest/Forest_2913.jpg,1
PermanentCrop/PermanentCrop_2125.jpg,6
PermanentCrop/PermanentCrop_1972.jpg,6
PermanentCrop/PermanentCrop_1034.jpg,6
Highway/Highway_2421.jpg,3
Industrial/Industrial_339.jpg,4
PermanentCrop/PermanentCrop_2203.jpg,6
HerbaceousVegetation/HerbaceousVegetation_2172.jpg,2
Residential/Residential_1530.jpg,7
AnnualCrop/AnnualCrop_2360.jpg,0
AnnualCrop/AnnualCrop_702.jpg,0
Industrial/Industrial_392.jpg,4
SeaLake/SeaLake_1559.jpg,9
Residential/Residential_1610.jpg,7
HerbaceousVegetation/HerbaceousVegetation_1747.jpg,2
Highway/Highway_1751.jpg,3
PermanentCrop/PermanentCrop_1191.jpg,6
Residential/Residential_888.jpg,7
Forest/Forest_2728.jpg,1
Residential/Residential_41.jpg,7
AnnualCrop/AnnualCrop_2853.jpg,0
Pasture/Pasture_1250.jpg,5
Residential/Residential_1333.jpg,7
HerbaceousVegetation/HerbaceousVegetation_2234.jpg,2
Residential/Residential_1205.jpg,7
Forest/Forest_2321.jpg,1
SeaLake/SeaLake_242.jpg,9
PermanentCrop/PermanentCrop_382.jpg,6
HerbaceousVegetation/HerbaceousVegetation_195.jpg,2
Highway/Highway_272.jpg,3
PermanentCrop/PermanentCrop_190.jpg,6
Highway/Highway_142.jpg,3
Residential/Residential_456.jpg,7
PermanentCrop/PermanentCrop_2253.jpg,6
HerbaceousVegetation/HerbaceousVegetation_2892.jpg,2
SeaLake/SeaLake_695.jpg,9
Pasture/Pasture_686.jpg,5
HerbaceousVegetation/HerbaceousVegetation_1019.jpg,2
Highway/Highway_416.jpg,3
River/River_875.jpg,8
Forest/Forest_1794.jpg,1
PermanentCrop/PermanentCrop_306.jpg,6
Highway/Highway_662.jpg,3
SeaLake/SeaLake_866.jpg,9
Industrial/Industrial_209.jpg,4
AnnualCrop/AnnualCrop_1868.jpg,0
Highway/Highway_1222.jpg,3
AnnualCrop/AnnualCrop_759.jpg,0
River/River_811.jpg,8
Pasture/Pasture_1604.jpg,5
HerbaceousVegetation/HerbaceousVegetation_932.jpg,2
River/River_179.jpg,8
AnnualCrop/AnnualCrop_2664.jpg,0
Forest/Forest_2799.jpg,1
Forest/Forest_1685.jpg,1
Highway/Highway_1830.jpg,3
Residential/Residential_1351.jpg,7
Forest/Forest_1555.jpg,1
AnnualCrop/AnnualCrop_1035.jpg,0
Forest/Forest_20.jpg,1
Industrial/Industrial_504.jpg,4
Forest/Forest_293.jpg,1
Pasture/Pasture_1212.jpg,5
Highway/Highway_170.jpg,3
Highway/Highway_1304.jpg,3
Residential/Residential_1434.jpg,7
PermanentCrop/PermanentCrop_2470.jpg,6
Residential/Residential_1852.jpg,7
Pasture/Pasture_244.jpg,5
PermanentCrop/PermanentCrop_1616.jpg,6
PermanentCrop/PermanentCrop_1472.jpg,6
Highway/Highway_1887.jpg,3
SeaLake/SeaLake_2708.jpg,9
AnnualCrop/AnnualCrop_1684.jpg,0
River/River_1513.jpg,8
Forest/Forest_1832.jpg,1
Industrial/Industrial_1445.jpg,4
River/River_2449.jpg,8
SeaLake/SeaLake_362.jpg,9
Residential/Residential_360.jpg,7
Pasture/Pasture_358.jpg,5
AnnualCrop/AnnualCrop_2576.jpg,0
Residential/Residential_488.jpg,7
AnnualCrop/AnnualCrop_2638.jpg,0
AnnualCrop/AnnualCrop_1701.jpg,0
PermanentCrop/PermanentCrop_645.jpg,6
PermanentCrop/PermanentCrop_1924.jpg,6
HerbaceousVegetation/HerbaceousVegetation_1798.jpg,2
Highway/Highway_1358.jpg,3
AnnualCrop/AnnualCrop_1289.jpg,0
HerbaceousVegetation/HerbaceousVegetation_675.jpg,2
AnnualCrop/AnnualCrop_480.jpg,0
River/River_557.jpg,8
Industrial/Industrial_95.jpg,4
Residential/Residential_2705.jpg,7
Highway/Highway_2484.jpg,3
River/River_777.jpg,8
River/River_1236.jpg,8
SeaLake/SeaLake_2580.jpg,9
PermanentCrop/PermanentCrop_889.jpg,6
HerbaceousVegetation/HerbaceousVegetation_979.jpg,2
AnnualCrop/AnnualCrop_2885.jpg,0
River/River_1403.jpg,8
AnnualCrop/AnnualCrop_1799.jpg,0
HerbaceousVegetation/HerbaceousVegetation_466.jpg,2
HerbaceousVegetation/HerbaceousVegetation_1149.jpg,2
Industrial/Industrial_2180.jpg,4
Highway/Highway_1210.jpg,3
Highway/Highway_1978.jpg,3
HerbaceousVegetation/HerbaceousVegetation_2876.jpg,2
River/River_2113.jpg,8
AnnualCrop/AnnualCrop_635.jpg,0
Residential/Residential_1919.jpg,7
Residential/Residential_891.jpg,7
AnnualCrop/AnnualCrop_2902.jpg,0
River/River_2479.jpg,8
Industrial/Industrial_2094.jpg,4
Highway/Highway_336.jpg,3
SeaLake/SeaLake_1097.jpg,9
Pasture/Pasture_1409.jpg,5
PermanentCrop/PermanentCrop_1675.jpg,6
Pasture/Pasture_87.jpg,5
Forest/Forest_1645.jpg,1
Forest/Forest_775.jpg,1
PermanentCrop/PermanentCrop_2484.jpg,6
AnnualCrop/AnnualCrop_1423.jpg,0
Highway/Highway_2423.jpg,3
Pasture/Pasture_1544.jpg,5
Pasture/Pasture_546.jpg,5
SeaLake/SeaLake_834.jpg,9
AnnualCrop/AnnualCrop_2598.jpg,0
Forest/Forest_372.jpg,1
Pasture/Pasture_129.jpg,5
PermanentCrop/PermanentCrop_1302.jpg,6
Forest/Forest_1095.jpg,1
Pasture/Pasture_934.jpg,5
Forest/Forest_1487.jpg,1
Forest/Forest_2643.jpg,1
River/River_1783.jpg,8
Forest/Forest_1777.jpg,1
Pasture/Pasture_1631.jpg,5
Highway/Highway_1281.jpg,3
AnnualCrop/AnnualCrop_1205.jpg,0
HerbaceousVegetation/HerbaceousVegetation_2455.jpg,2
PermanentCrop/PermanentCrop_824.jpg,6
River/River_1691.jpg,8
Highway/Highway_1244.jpg,3
AnnualCrop/AnnualCrop_1690.jpg,0
AnnualCrop/AnnualCrop_64.jpg,0
Industrial/Industrial_1069.jpg,4
Industrial/Industrial_1017.jpg,4
SeaLake/SeaLake_174.jpg,9
Pasture/Pasture_1678.jpg,5
Highway/Highway_516.jpg,3
Industrial/Industrial_1992.jpg,4
HerbaceousVegetation/HerbaceousVegetation_2388.jpg,2
Forest/Forest_1873.jpg,1
Pasture/Pasture_980.jpg,5
HerbaceousVegetation/HerbaceousVegetation_2376.jpg,2
River/River_339.jpg,8
Residential/Residential_1049.jpg,7
SeaLake/SeaLake_2879.jpg,9
Industrial/Industrial_1080.jpg,4
Residential/Residential_193.jpg,7
Industrial/Industrial_490.jpg,4
Forest/Forest_168.jpg,1
HerbaceousVegetation/HerbaceousVegetation_1498.jpg,2
PermanentCrop/PermanentCrop_1953.jpg,6
Pasture/Pasture_1163.jpg,5
SeaLake/SeaLake_856.jpg,9
PermanentCrop/PermanentCrop_1015.jpg,6
SeaLake/SeaLake_1947.jpg,9
HerbaceousVegetation/HerbaceousVegetation_2371.jpg,2
Industrial/Industrial_2319.jpg,4
River/River_716.jpg,8
SeaLake/SeaLake_2725.jpg,9
HerbaceousVegetation/HerbaceousVegetation_1470.jpg,2
Pasture/Pasture_1795.jpg,5
Residential/Residential_2856.jpg,7
Industrial/Industrial_594.jpg,4
SeaLake/SeaLake_2783.jpg,9
River/River_2471.jpg,8
SeaLake/SeaLake_1971.jpg,9
Industrial/Industrial_848.jpg,4
Forest/Forest_2230.jpg,1
SeaLake/SeaLake_2070.jpg,9
HerbaceousVegetation/HerbaceousVegetation_1751.jpg,2
River/River_1828.jpg,8
AnnualCrop/AnnualCrop_1231.jpg,0
Highway/Highway_2019.jpg,3
River/River_1801.jpg,8
Residential/Residential_2773.jpg,7
HerbaceousVegetation/HerbaceousVegetation_2298.jpg,2
Forest/Forest_363.jpg,1
Pasture/Pasture_961.jpg,5
Residential/Residential_908.jpg,7
PermanentCrop/PermanentCrop_2433.jpg,6
HerbaceousVegetation/HerbaceousVegetation_1919.jpg,2
Forest/Forest_2256.jpg,1
PermanentCrop/PermanentCrop_2217.jpg,6
River/River_1149.jpg,8
River/River_468.jpg,8
PermanentCrop/PermanentCrop_2319.jpg,6
River/River_2045.jpg,8
AnnualCrop/AnnualCrop_1475.jpg,0
Forest/Forest_1787.jpg,1
Forest/Forest_1403.jpg,1
Industrial/Industrial_653.jpg,4
Residential/Residential_2122.jpg,7
Residential/Residential_2861.jpg,7
HerbaceousVegetation/HerbaceousVegetation_2894.jpg,2
River/River_2054.jpg,8
Forest/Forest_1018.jpg,1
River/River_947.jpg,8
AnnualCrop/AnnualCrop_317.jpg,0
HerbaceousVegetation/HerbaceousVegetation_916.jpg,2
PermanentCrop/PermanentCrop_1032.jpg,6
AnnualCrop/AnnualCrop_2962.jpg,0
Highway/Highway_1208.jpg,3
Forest/Forest_2928.jpg,1
Residential/Residential_1337.jpg,7
Residential/Residential_1952.jpg,7
Industrial/Industrial_803.jpg,4
Forest/Forest_2895.jpg,1
PermanentCrop/PermanentCrop_1820.jpg,6
Pasture/Pasture_1647.jpg,5
Industrial/Industrial_2060.jpg,4
Industrial/Industrial_2492.jpg,4
Highway/Highway_1070.jpg,3
Highway/Highway_1824.jpg,3
Residential/Residential_2389.jpg,7
River/River_1141.jpg,8
Residential/Residential_1790.jpg,7
Industrial/Industrial_641.jpg,4
Industrial/Industrial_1383.jpg,4
Industrial/Industrial_2216.jpg,4
Forest/Forest_2.jpg,1
SeaLake/SeaLake_839.jpg,9
Residential/Residential_1934.jpg,7
HerbaceousVegetation/HerbaceousVegetation_702.jpg,2
Industrial/Industrial_1190.jpg,4
HerbaceousVegetation/HerbaceousVegetation_1661.jpg,2
Pasture/Pasture_1763.jpg,5
Forest/Forest_2552.jpg,1
Forest/Forest_176.jpg,1
PermanentCrop/PermanentCrop_325.jpg,6
SeaLake/SeaLake_2646.jpg,9
Industrial/Industrial_639.jpg,4
HerbaceousVegetation/HerbaceousVegetation_2375.jpg,2
HerbaceousVegetation/HerbaceousVegetation_420.jpg,2
SeaLake/SeaLake_2685.jpg,9
River/River_2130.jpg,8
Highway/Highway_260.jpg,3
SeaLake/SeaLake_331.jpg,9
PermanentCrop/PermanentCrop_44.jpg,6
River/River_1474.jpg,8
SeaLake/SeaLake_1426.jpg,9
SeaLake/SeaLake_13.jpg,9
PermanentCrop/PermanentCrop_1658.jpg,6
Residential/Residential_324.jpg,7
River/River_1901.jpg,8
River/River_325.jpg,8
Residential/Residential_2703.jpg,7
Residential/Residential_616.jpg,7
Forest/Forest_197.jpg,1
SeaLake/SeaLake_1956.jpg,9
Industrial/Industrial_1423.jpg,4
Highway/Highway_376.jpg,3
Industrial/Industrial_1263.jpg,4
Pasture/Pasture_771.jpg,5
Forest/Forest_1370.jpg,1
Highway/Highway_633.jpg,3
Highway/Highway_1500.jpg,3
Highway/Highway_1752.jpg,3
Industrial/Industrial_1548.jpg,4
Residential/Residential_637.jpg,7
SeaLake/SeaLake_1160.jpg,9
Pasture/Pasture_1079.jpg,5
Highway/Highway_72.jpg,3
Residential/Residential_1574.jpg,7
PermanentCrop/PermanentCrop_1158.jpg,6
Highway/Highway_746.jpg,3
PermanentCrop/PermanentCrop_152.jpg,6
Pasture/Pasture_418.jpg,5
AnnualCrop/AnnualCrop_2589.jpg,0
River/River_299.jpg,8
PermanentCrop/PermanentCrop_344.jpg,6
Pasture/Pasture_1802.jpg,5
Forest/Forest_2556.jpg,1
SeaLake/SeaLake_403.jpg,9
Forest/Forest_215.jpg,1
Industrial/Industrial_280.jpg,4
Industrial/Industrial_1552.jpg,4
PermanentCrop/PermanentCrop_237.jpg,6
Pasture/Pasture_1597.jpg,5
Forest/Forest_223.jpg,1
River/River_2209.jpg,8
HerbaceousVegetation/HerbaceousVegetation_2559.jpg,2
River/River_375.jpg,8
Residential/Residential_485.jpg,7
Industrial/Industrial_1207.jpg,4
PermanentCrop/PermanentCrop_1166.jpg,6
SeaLake/SeaLake_1304.jpg,9
Industrial/Industrial_1119.jpg,4
PermanentCrop/PermanentCrop_1583.jpg,6
AnnualCrop/AnnualCrop_2617.jpg,0
Forest/Forest_1333.jpg,1
Forest/Forest_2087.jpg,1
River/River_1505.jpg,8
SeaLake/SeaLake_2404.jpg,9
Highway/Highway_622.jpg,3
Industrial/Industrial_598.jpg,4
SeaLake/SeaLake_951.jpg,9
Residential/Residential_464.jpg,7
PermanentCrop/PermanentCrop_283.jpg,6
Highway/Highway_2231.jpg,3
Pasture/Pasture_1927.jpg,5
SeaLake/SeaLake_622.jpg,9
Forest/Forest_238.jpg,1
SeaLake/SeaLake_1339.jpg,9
HerbaceousVegetation/HerbaceousVegetation_2023.jpg,2
SeaLake/SeaLake_488.jpg,9
Pasture/Pasture_1693.jpg,5
Forest/Forest_766.jpg,1
Pasture/Pasture_157.jpg,5
AnnualCrop/AnnualCrop_515.jpg,0
AnnualCrop/AnnualCrop_287.jpg,0
AnnualCrop/AnnualCrop_66.jpg,0
Highway/Highway_1682.jpg,3
AnnualCrop/AnnualCrop_526.jpg,0
PermanentCrop/PermanentCrop_909.jpg,6
PermanentCrop/PermanentCrop_1042.jpg,6
SeaLake/SeaLake_1641.jpg,9
HerbaceousVegetation/HerbaceousVegetation_1789.jpg,2
Industrial/Industrial_2006.jpg,4
River/River_2029.jpg,8
Pasture/Pasture_1703.jpg,5
SeaLake/SeaLake_2172.jpg,9
HerbaceousVegetation/HerbaceousVegetation_1195.jpg,2
AnnualCrop/AnnualCrop_2121.jpg,0
HerbaceousVegetation/HerbaceousVegetation_2105.jpg,2
Pasture/Pasture_1141.jpg,5
Industrial/Industrial_1677.jpg,4
AnnualCrop/AnnualCrop_133.jpg,0
Industrial/Industrial_1479.jpg,4
SeaLake/SeaLake_993.jpg,9
River/River_781.jpg,8
Industrial/Industrial_228.jpg,4
HerbaceousVegetation/HerbaceousVegetation_1770.jpg,2
SeaLake/SeaLake_592.jpg,9
PermanentCrop/PermanentCrop_215.jpg,6
River/River_2194.jpg,8
River/River_1950.jpg,8
Forest/Forest_2316.jpg,1
HerbaceousVegetation/HerbaceousVegetation_502.jpg,2
AnnualCrop/AnnualCrop_2946.jpg,0
Highway/Highway_2296.jpg,3
Residential/Residential_1786.jpg,7
AnnualCrop/AnnualCrop_594.jpg,0
Forest/Forest_1985.jpg,1
PermanentCrop/PermanentCrop_2009.jpg,6
Pasture/Pasture_245.jpg,5
Residential/Residential_2840.jpg,7
PermanentCrop/PermanentCrop_231.jpg,6
SeaLake/SeaLake_971.jpg,9
HerbaceousVegetation/HerbaceousVegetation_1103.jpg,2
River/River_1021.jpg,8
Forest/Forest_1019.jpg,1
Residential/Residential_2770.jpg,7
River/River_1786.jpg,8
Highway/Highway_999.jpg,3
PermanentCrop/PermanentCrop_1954.jpg,6
HerbaceousVegetation/HerbaceousVegetation_1412.jpg,2
Forest/Forest_2112.jpg,1
Industrial/Industrial_977.jpg,4
Forest/Forest_1270.jpg,1
River/River_2238.jpg,8
Residential/Residential_2207.jpg,7
Highway/Highway_2208.jpg,3
Industrial/Industrial_589.jpg,4
Residential/Residential_758.jpg,7
AnnualCrop/AnnualCrop_783.jpg,0
River/River_2144.jpg,8
HerbaceousVegetation/HerbaceousVegetation_2555.jpg,2
PermanentCrop/PermanentCrop_310.jpg,6
Residential/Residential_862.jpg,7
Pasture/Pasture_1118.jpg,5
SeaLake/SeaLake_1181.jpg,9
Forest/Forest_672.jpg,1
HerbaceousVegetation/HerbaceousVegetation_39.jpg,2
Pasture/Pasture_1988.jpg,5
Pasture/Pasture_1247.jpg,5
SeaLake/SeaLake_2250.jpg,9
Forest/Forest_1484.jpg,1
Forest/Forest_623.jpg,1
SeaLake/SeaLake_387.jpg,9
PermanentCrop/PermanentCrop_467.jpg,6
Highway/Highway_240.jpg,3
Highway/Highway_1106.jpg,3
Forest/Forest_2004.jpg,1
HerbaceousVegetation/HerbaceousVegetation_937.jpg,2
Forest/Forest_2326.jpg,1
PermanentCrop/PermanentCrop_539.jpg,6
Pasture/Pasture_411.jpg,5
Highway/Highway_1270.jpg,3
Pasture/Pasture_728.jpg,5
Forest/Forest_2399.jpg,1
SeaLake/SeaLake_2060.jpg,9
HerbaceousVegetation/HerbaceousVegetation_1142.jpg,2
HerbaceousVegetation/HerbaceousVegetation_1850.jpg,2
HerbaceousVegetation/HerbaceousVegetation_790.jpg,2
PermanentCrop/PermanentCrop_442.jpg,6
Pasture/Pasture_921.jpg,5
AnnualCrop/AnnualCrop_622.jpg,0
PermanentCrop/PermanentCrop_1.jpg,6
Industrial/Industrial_2204.jpg,4
River/River_522.jpg,8
Residential/Residential_2828.jpg,7
HerbaceousVegetation/HerbaceousVegetation_1687.jpg,2
PermanentCrop/PermanentCrop_2168.jpg,6
AnnualCrop/AnnualCrop_2639.jpg,0
River/River_340.jpg,8
HerbaceousVegetation/HerbaceousVegetation_185.jpg,2
River/River_1924.jpg,8
Pasture/Pasture_1968.jpg,5
Pasture/Pasture_1994.jpg,5
Residential/Residential_2428.jpg,7
Pasture/Pasture_1852.jpg,5
AnnualCrop/AnnualCrop_1407.jpg,0
Industrial/Industrial_593.jpg,4
Industrial/Industrial_660.jpg,4
AnnualCrop/AnnualCrop_1959.jpg,0
Residential/Residential_219.jpg,7
SeaLake/SeaLake_2162.jpg,9
Residential/Residential_311.jpg,7
AnnualCrop/AnnualCrop_1759.jpg,0
AnnualCrop/AnnualCrop_1306.jpg,0
River/River_1499.jpg,8
Forest/Forest_1090.jpg,1
PermanentCrop/PermanentCrop_808.jpg,6
HerbaceousVegetation/HerbaceousVegetation_1756.jpg,2
AnnualCrop/AnnualCrop_2430.jpg,0
AnnualCrop/AnnualCrop_615.jpg,0
Residential/Residential_47.jpg,7
Pasture/Pasture_551.jpg,5
Highway/Highway_425.jpg,3
AnnualCrop/AnnualCrop_1845.jpg,0
HerbaceousVegetation/HerbaceousVegetation_177.jpg,2
Forest/Forest_2304.jpg,1
PermanentCrop/PermanentCrop_1635.jpg,6
River/River_761.jpg,8
Highway/Highway_1673.jpg,3
Forest/Forest_1780.jpg,1
Highway/Highway_2125.jpg,3
SeaLake/SeaLake_2735.jpg,9
Industrial/Industrial_419.jpg,4
PermanentCrop/PermanentCrop_2476.jpg,6
SeaLake/SeaLake_39.jpg,9
HerbaceousVegetation/HerbaceousVegetation_2834.jpg,2
Forest/Forest_2070.jpg,1
SeaLake/SeaLake_1662.jpg,9
AnnualCrop/AnnualCrop_2763.jpg,0
Forest/Forest_701.jpg,1
AnnualCrop/AnnualCrop_2402.jpg,0
Residential/Residential_1479.jpg,7
Residential/Residential_1060.jpg,7
AnnualCrop/AnnualCrop_505.jpg,0
AnnualCrop/AnnualCrop_2242.jpg,0
SeaLake/SeaLake_449.jpg,9
Pasture/Pasture_62.jpg,5
Residential/Residential_1405.jpg,7
Industrial/Industrial_214.jpg,4
PermanentCrop/PermanentCrop_1443.jpg,6
SeaLake/SeaLake_1409.jpg,9
HerbaceousVegetation/HerbaceousVegetation_348.jpg,2
HerbaceousVegetation/HerbaceousVegetation_1755.jpg,2
AnnualCrop/AnnualCrop_2359.jpg,0
River/River_164.jpg,8
Highway/Highway_114.jpg,3
HerbaceousVegetation/HerbaceousVegetation_15.jpg,2
Industrial/Industrial_1586.jpg,4
HerbaceousVegetation/HerbaceousVegetation_1801.jpg,2
AnnualCrop/AnnualCrop_612.jpg,0
Forest/Forest_914.jpg,1
Forest/Forest_998.jpg,1
Residential/Residential_2565.jpg,7
Pasture/Pasture_1103.jpg,5
Highway/Highway_2218.jpg,3
AnnualCrop/AnnualCrop_2456.jpg,0
AnnualCrop/AnnualCrop_516.jpg,0
HerbaceousVegetation/HerbaceousVegetation_336.jpg,2
PermanentCrop/PermanentCrop_2380.jpg,6
SeaLake/SeaLake_1842.jpg,9
River/River_678.jpg,8
River/River_262.jpg,8
HerbaceousVegetation/HerbaceousVegetation_1569.jpg,2
Residential/Residential_769.jpg,7
River/River_2286.jpg,8
Pasture/Pasture_1648.jpg,5
AnnualCrop/AnnualCrop_1995.jpg,0
SeaLake/SeaLake_1966.jpg,9
Forest/Forest_962.jpg,1
AnnualCrop/AnnualCrop_2307.jpg,0
River/River_259.jpg,8
HerbaceousVegetation/HerbaceousVegetation_1865.jpg,2
Highway/Highway_864.jpg,3
SeaLake/SeaLake_1514.jpg,9
Highway/Highway_76.jpg,3
PermanentCrop/PermanentCrop_749.jpg,6
Forest/Forest_2062.jpg,1
Pasture/Pasture_751.jpg,5
Highway/Highway_2210.jpg,3
SeaLake/SeaLake_1346.jpg,9
HerbaceousVegetation/HerbaceousVegetation_846.jpg,2
Forest/Forest_244.jpg,1
Pasture/Pasture_191.jpg,5
Highway/Highway_1734.jpg,3
Forest/Forest_1490.jpg,1
HerbaceousVegetation/HerbaceousVegetation_1852.jpg,2
Residential/Residential_1663.jpg,7
SeaLake/SeaLake_2271.jpg,9
SeaLake/SeaLake_359.jpg,9
PermanentCrop/PermanentCrop_1395.jpg,6
AnnualCrop/AnnualCrop_2203.jpg,0
PermanentCrop/PermanentCrop_2352.jpg,6
Industrial/Industrial_2475.jpg,4
Industrial/Industrial_628.jpg,4
PermanentCrop/PermanentCrop_923.jpg,6
Forest/Forest_73.jpg,1
PermanentCrop/PermanentCrop_1467.jpg,6
Forest/Forest_1448.jpg,1
Highway/Highway_761.jpg,3
PermanentCrop/PermanentCrop_893.jpg,6
River/River_1348.jpg,8
Highway/Highway_1200.jpg,3
Pasture/Pasture_156.jpg,5
PermanentCrop/PermanentCrop_2350.jpg,6
Highway/Highway_1339.jpg,3
Highway/Highway_1101.jpg,3
PermanentCrop/PermanentCrop_2183.jpg,6
AnnualCrop/AnnualCrop_2597.jpg,0
Forest/Forest_1596.jpg,1
Industrial/Industrial_1544.jpg,4
Pasture/Pasture_1930.jpg,5
River/River_1058.jpg,8
HerbaceousVegetation/HerbaceousVegetation_124.jpg,2
Pasture/Pasture_1717.jpg,5
Residential/Residential_1612.jpg,7
Industrial/Industrial_2344.jpg,4
SeaLake/SeaLake_48.jpg,9
Forest/Forest_602.jpg,1
River/River_1137.jpg,8
Highway/Highway_2495.jpg,3
Pasture/Pasture_357.jpg,5
River/River_712.jpg,8
PermanentCrop/PermanentCrop_985.jpg,6
Residential/Residential_2846.jpg,7
Residential/Residential_2453.jpg,7
PermanentCrop/PermanentCrop_2489.jpg,6
Residential/Residential_779.jpg,7
Forest/Forest_292.jpg,1
SeaLake/SeaLake_396.jpg,9
PermanentCrop/PermanentCrop_380.jpg,6
SeaLake/SeaLake_1375.jpg,9
PermanentCrop/PermanentCrop_1304.jpg,6
Highway/Highway_2342.jpg,3
HerbaceousVegetation/HerbaceousVegetation_712.jpg,2
Pasture/Pasture_1026.jpg,5
Residential/Residential_2289.jpg,7
Residential/Residential_729.jpg,7
Highway/Highway_1998.jpg,3
Residential/Residential_1604.jpg,7
SeaLake/SeaLake_879.jpg,9
Industrial/Industrial_2194.jpg,4
Pasture/Pasture_857.jpg,5
Highway/Highway_1855.jpg,3
Residential/Residential_2765.jpg,7
Industrial/Industrial_698.jpg,4
Industrial/Industrial_1191.jpg,4
SeaLake/SeaLake_1171.jpg,9
PermanentCrop/PermanentCrop_2320.jpg,6
Highway/Highway_2170.jpg,3
Highway/Highway_587.jpg,3
Highway/Highway_697.jpg,3
PermanentCrop/PermanentCrop_272.jpg,6
Residential/Residential_1489.jpg,7
Highway/Highway_1848.jpg,3
River/River_2139.jpg,8
Forest/Forest_146.jpg,1
HerbaceousVegetation/HerbaceousVegetation_160.jpg,2
Residential/Residential_1941.jpg,7
PermanentCrop/PermanentCrop_2106.jpg,6
AnnualCrop/AnnualCrop_2118.jpg,0
Residential/Residential_1745.jpg,7
PermanentCrop/PermanentCrop_919.jpg,6
SeaLake/SeaLake_97.jpg,9
AnnualCrop/AnnualCrop_453.jpg,0
Forest/Forest_1097.jpg,1
HerbaceousVegetation/HerbaceousVegetation_391.jpg,2
River/River_728.jpg,8
Highway/Highway_608.jpg,3
PermanentCrop/PermanentCrop_1242.jpg,6
SeaLake/SeaLake_2179.jpg,9
AnnualCrop/AnnualCrop_109.jpg,0
PermanentCrop/PermanentCrop_1725.jpg,6
HerbaceousVegetation/HerbaceousVegetation_2851.jpg,2
AnnualCrop/AnnualCrop_790.jpg,0
River/River_2226.jpg,8
AnnualCrop/AnnualCrop_1641.jpg,0
Forest/Forest_2067.jpg,1
AnnualCrop/AnnualCrop_2895.jpg,0
SeaLake/SeaLake_1570.jpg,9
River/River_2084.jpg,8
PermanentCrop/PermanentCrop_769.jpg,6
Pasture/Pasture_1941.jpg,5
Highway/Highway_270.jpg,3
Forest/Forest_2730.jpg,1
PermanentCrop/PermanentCrop_2054.jpg,6
Highway/Highway_1586.jpg,3
Residential/Residential_398.jpg,7
Forest/Forest_2069.jpg,1
Highway/Highway_1045.jpg,3
PermanentCrop/PermanentCrop_1598.jpg,6
River/River_2056.jpg,8
HerbaceousVegetation/HerbaceousVegetation_573.jpg,2
Forest/Forest_87.jpg,1
River/River_1922.jpg,8
PermanentCrop/PermanentCrop_1584.jpg,6
HerbaceousVegetation/HerbaceousVegetation_2328.jpg,2
HerbaceousVegetation/HerbaceousVegetation_740.jpg,2
Residential/Residential_2623.jpg,7
AnnualCrop/AnnualCrop_2289.jpg,0
SeaLake/SeaLake_312.jpg,9
AnnualCrop/AnnualCrop_527.jpg,0
Highway/Highway_1357.jpg,3
AnnualCrop/AnnualCrop_2952.jpg,0
Residential/Residential_317.jpg,7
River/River_1009.jpg,8
Residential/Residential_1724.jpg,7
SeaLake/SeaLake_2257.jpg,9
HerbaceousVegetation/HerbaceousVegetation_1337.jpg,2
HerbaceousVegetation/HerbaceousVegetation_1858.jpg,2
River/River_1867.jpg,8
Forest/Forest_2590.jpg,1
AnnualCrop/AnnualCrop_412.jpg,0
Pasture/Pasture_1038.jpg,5
Pasture/Pasture_655.jpg,5
AnnualCrop/AnnualCrop_971.jpg,0
Highway/Highway_1126.jpg,3
Residential/Residential_1430.jpg,7
HerbaceousVegetation/HerbaceousVegetation_2562.jpg,2
Highway/Highway_1039.jpg,3
Forest/Forest_2892.jpg,1
Forest/Forest_2897.jpg,1
AnnualCrop/AnnualCrop_1081.jpg,0
AnnualCrop/AnnualCrop_1529.jpg,0
SeaLake/SeaLake_1022.jpg,9
PermanentCrop/PermanentCrop_1915.jpg,6
HerbaceousVegetation/HerbaceousVegetation_2209.jpg,2
AnnualCrop/AnnualCrop_1406.jpg,0
Highway/Highway_1548.jpg,3
AnnualCrop/AnnualCrop_901.jpg,0
Industrial/Industrial_878.jpg,4
PermanentCrop/PermanentCrop_14.jpg,6
PermanentCrop/PermanentCrop_624.jpg,6
Pasture/Pasture_95.jpg,5
Forest/Forest_1002.jpg,1
Industrial/Industrial_964.jpg,4
Pasture/Pasture_537.jpg,5
Industrial/Industrial_715.jpg,4
Pasture/Pasture_304.jpg,5
HerbaceousVegetation/HerbaceousVegetation_2864.jpg,2
Industrial/Industrial_19.jpg,4
Residential/Residential_1009.jpg,7
Industrial/Industrial_497.jpg,4
Pasture/Pasture_51.jpg,5
SeaLake/SeaLake_2223.jpg,9
Residential/Residential_1907.jpg,7
River/River_1290.jpg,8
Pasture/Pasture_1738.jpg,5
HerbaceousVegetation/HerbaceousVegetation_1188.jpg,2
HerbaceousVegetation/HerbaceousVegetation_1656.jpg,2
River/River_702.jpg,8
Pasture/Pasture_281.jpg,5
River/River_1418.jpg,8
AnnualCrop/AnnualCrop_2923.jpg,0
Residential/Residential_2184.jpg,7
Industrial/Industrial_1697.jpg,4
Residential/Residential_2254.jpg,7
SeaLake/SeaLake_2243.jpg,9
Industrial/Industrial_2053.jpg,4
Pasture/Pasture_674.jpg,5
PermanentCrop/PermanentCrop_773.jpg,6
SeaLake/SeaLake_2492.jpg,9
Highway/Highway_2119.jpg,3
Forest/Forest_2754.jpg,1
AnnualCrop/AnnualCrop_987.jpg,0
SeaLake/SeaLake_1038.jpg,9
AnnualCrop/AnnualCrop_2260.jpg,0
PermanentCrop/PermanentCrop_256.jpg,6
Industrial/Industrial_562.jpg,4
Industrial/Industrial_2054.jpg,4
PermanentCrop/PermanentCrop_1938.jpg,6
River/River_1527.jpg,8
AnnualCrop/AnnualCrop_1283.jpg,0
River/River_755.jpg,8
AnnualCrop/AnnualCrop_1041.jpg,0
PermanentCrop/PermanentCrop_1682.jpg,6
AnnualCrop/AnnualCrop_1602.jpg,0
Residential/Residential_1838.jpg,7
Residential/Residential_17.jpg,7
Highway/Highway_2195.jpg,3
Pasture/Pasture_1183.jpg,5
HerbaceousVegetation/HerbaceousVegetation_1570.jpg,2
AnnualCrop/AnnualCrop_276.jpg,0
Forest/Forest_286.jpg,1
SeaLake/SeaLake_2205.jpg,9
SeaLake/SeaLake_2763.jpg,9
HerbaceousVegetation/HerbaceousVegetation_626.jpg,2
HerbaceousVegetation/HerbaceousVegetation_2903.jpg,2
AnnualCrop/AnnualCrop_2717.jpg,0
Industrial/Industrial_1916.jpg,4
PermanentCrop/PermanentCrop_1711.jpg,6
Industrial/Industrial_2396.jpg,4
Industrial/Industrial_1952.jpg,4
River/River_2240.jpg,8
Industrial/Industrial_1093.jpg,4
Industrial/Industrial_528.jpg,4
Forest/Forest_1955.jpg,1
Highway/Highway_1539.jpg,3
Industrial/Industrial_569.jpg,4
PermanentCrop/PermanentCrop_597.jpg,6
Forest/Forest_2791.jpg,1
AnnualCrop/AnnualCrop_812.jpg,0
Residential/Residential_376.jpg,7
HerbaceousVegetation/HerbaceousVegetation_1554.jpg,2
Pasture/Pasture_409.jpg,5
Residential/Residential_2465.jpg,7
River/River_1447.jpg,8
AnnualCrop/AnnualCrop_1468.jpg,0
Industrial/Industrial_1348.jpg,4
Pasture/Pasture_1732.jpg,5
Highway/Highway_1456.jpg,3
SeaLake/SeaLake_2344.jpg,9
River/River_784.jpg,8
Forest/Forest_1758.jpg,1
Industrial/Industrial_2284.jpg,4
Industrial/Industrial_818.jpg,4
River/River_2350.jpg,8
Highway/Highway_2289.jpg,3
SeaLake/SeaLake_1475.jpg,9
HerbaceousVegetation/HerbaceousVegetation_497.jpg,2
Highway/Highway_921.jpg,3
Industrial/Industrial_2057.jpg,4
Pasture/Pasture_1015.jpg,5
Residential/Residential_2079.jpg,7
PermanentCrop/PermanentCrop_87.jpg,6
Highway/Highway_1511.jpg,3
SeaLake/SeaLake_2328.jpg,9
Residential/Residential_950.jpg,7
Highway/Highway_2321.jpg,3
Residential/Residential_2767.jpg,7
HerbaceousVegetation/HerbaceousVegetation_1738.jpg,2
HerbaceousVegetation/HerbaceousVegetation_358.jpg,2
Residential/Residential_487.jpg,7
HerbaceousVegetation/HerbaceousVegetation_1459.jpg,2
SeaLake/SeaLake_2670.jpg,9
Industrial/Industrial_46.jpg,4
Forest/Forest_2677.jpg,1
Residential/Residential_1977.jpg,7
Residential/Residential_1099.jpg,7
PermanentCrop/PermanentCrop_732.jpg,6
Residential/Residential_446.jpg,7
Residential/Residential_287.jpg,7
PermanentCrop/PermanentCrop_1181.jpg,6
AnnualCrop/AnnualCrop_331.jpg,0
AnnualCrop/AnnualCrop_1633.jpg,0
Pasture/Pasture_362.jpg,5
River/River_2337.jpg,8
SeaLake/SeaLake_89.jpg,9
PermanentCrop/PermanentCrop_2455.jpg,6
PermanentCrop/PermanentCrop_2091.jpg,6
SeaLake/SeaLake_918.jpg,9
PermanentCrop/PermanentCrop_554.jpg,6
Industrial/Industrial_901.jpg,4
SeaLake/SeaLake_581.jpg,9
Highway/Highway_615.jpg,3
Forest/Forest_545.jpg,1
Forest/Forest_2990.jpg,1
Highway/Highway_2103.jpg,3
Pasture/Pasture_722.jpg,5
HerbaceousVegetation/HerbaceousVegetation_226.jpg,2
Industrial/Industrial_1542.jpg,4
Residential/Residential_2978.jpg,7
Residential/Residential_444.jpg,7
River/River_1908.jpg,8
HerbaceousVegetation/HerbaceousVegetation_1319.jpg,2
Highway/Highway_33.jpg,3
Pasture/Pasture_840.jpg,5
SeaLake/SeaLake_2014.jpg,9
AnnualCrop/AnnualCrop_1427.jpg,0
Highway/Highway_2363.jpg,3
SeaLake/SeaLake_1440.jpg,9
Highway/Highway_1122.jpg,3
HerbaceousVegetation/HerbaceousVegetation_457.jpg,2
Forest/Forest_2824.jpg,1
AnnualCrop/AnnualCrop_417.jpg,0
River/River_2034.jpg,8
Industrial/Industrial_1115.jpg,4
Industrial/Industrial_1834.jpg,4
SeaLake/SeaLake_2969.jpg,9
Residential/Residential_2776.jpg,7
SeaLake/SeaLake_2424.jpg,9
SeaLake/SeaLake_2542.jpg,9
Residential/Residential_1252.jpg,7
River/River_1204.jpg,8
Pasture/Pasture_1445.jpg,5
SeaLake/SeaLake_2454.jpg,9
River/River_1234.jpg,8
Residential/Residential_1072.jpg,7
Pasture/Pasture_1311.jpg,5
Forest/Forest_2011.jpg,1
Pasture/Pasture_453.jpg,5
Forest/Forest_2917.jpg,1
Industrial/Industrial_1002.jpg,4
PermanentCrop/PermanentCrop_2452.jpg,6
Industrial/Industrial_2052.jpg,4
PermanentCrop/PermanentCrop_2382.jpg,6
Highway/Highway_906.jpg,3
River/River_1314.jpg,8
PermanentCrop/PermanentCrop_510.jpg,6
PermanentCrop/PermanentCrop_1590.jpg,6
Highway/Highway_278.jpg,3
Industrial/Industrial_93.jpg,4
Residential/Residential_2643.jpg,7
HerbaceousVegetation/HerbaceousVegetation_1041.jpg,2
HerbaceousVegetation/HerbaceousVegetation_1978.jpg,2
PermanentCrop/PermanentCrop_1649.jpg,6
PermanentCrop/PermanentCrop_300.jpg,6
River/River_1455.jpg,8
Residential/Residential_1729.jpg,7
Highway/Highway_779.jpg,3
Industrial/Industrial_1564.jpg,4
AnnualCrop/AnnualCrop_426.jpg,0
AnnualCrop/AnnualCrop_388.jpg,0
Residential/Residential_765.jpg,7
River/River_639.jpg,8
Highway/Highway_1639.jpg,3
Residential/Residential_2747.jpg,7
Forest/Forest_331.jpg,1
SeaLake/SeaLake_2063.jpg,9
River/River_1626.jpg,8
River/River_1231.jpg,8
Pasture/Pasture_1541.jpg,5
Residential/Residential_2723.jpg,7
SeaLake/SeaLake_668.jpg,9
PermanentCrop/PermanentCrop_547.jpg,6
SeaLake/SeaLake_461.jpg,9
HerbaceousVegetation/HerbaceousVegetation_844.jpg,2
PermanentCrop/PermanentCrop_553.jpg,6
AnnualCrop/AnnualCrop_2080.jpg,0
AnnualCrop/AnnualCrop_461.jpg,0
Highway/Highway_2347.jpg,3
Residential/Residential_2130.jpg,7
River/River_1509.jpg,8
Forest/Forest_1316.jpg,1
AnnualCrop/AnnualCrop_1775.jpg,0
Pasture/Pasture_1552.jpg,5
HerbaceousVegetation/HerbaceousVegetation_1066.jpg,2
Forest/Forest_172.jpg,1
AnnualCrop/AnnualCrop_1796.jpg,0
River/River_1188.jpg,8
River/River_919.jpg,8
Residential/Residential_2666.jpg,7
Residential/Residential_1125.jpg,7
River/River_232.jpg,8
River/River_165.jpg,8
Highway/Highway_934.jpg,3
HerbaceousVegetation/HerbaceousVegetation_1383.jpg,2
Forest/Forest_1061.jpg,1
Highway/Highway_1230.jpg,3
Highway/Highway_77.jpg,3
Highway/Highway_1802.jpg,3
Forest/Forest_1330.jpg,1
PermanentCrop/PermanentCrop_546.jpg,6
HerbaceousVegetation/HerbaceousVegetation_2343.jpg,2
HerbaceousVegetation/HerbaceousVegetation_1592.jpg,2
Industrial/Industrial_1129.jpg,4
Highway/Highway_192.jpg,3
SeaLake/SeaLake_1246.jpg,9
Pasture/Pasture_926.jpg,5
River/River_1611.jpg,8
Residential/Residential_2823.jpg,7
Industrial/Industrial_1354.jpg,4
Pasture/Pasture_843.jpg,5
Residential/Residential_2346.jpg,7
PermanentCrop/PermanentCrop_793.jpg,6
SeaLake/SeaLake_2649.jpg,9
PermanentCrop/PermanentCrop_2135.jpg,6
Industrial/Industrial_264.jpg,4
HerbaceousVegetation/HerbaceousVegetation_346.jpg,2
AnnualCrop/AnnualCrop_1114.jpg,0
AnnualCrop/AnnualCrop_837.jpg,0
SeaLake/SeaLake_1664.jpg,9
River/River_1536.jpg,8
AnnualCrop/AnnualCrop_2944.jpg,0
Highway/Highway_44.jpg,3
Forest/Forest_2875.jpg,1
AnnualCrop/AnnualCrop_2510.jpg,0
PermanentCrop/PermanentCrop_1997.jpg,6
Forest/Forest_2332.jpg,1
Forest/Forest_357.jpg,1
Highway/Highway_1060.jpg,3
AnnualCrop/AnnualCrop_520.jpg,0
PermanentCrop/PermanentCrop_1994.jpg,6
Forest/Forest_1228.jpg,1
PermanentCrop/PermanentCrop_855.jpg,6
River/River_1020.jpg,8
HerbaceousVegetation/HerbaceousVegetation_265.jpg,2
SeaLake/SeaLake_2017.jpg,9
SeaLake/SeaLake_2310.jpg,9
AnnualCrop/AnnualCrop_631.jpg,0
HerbaceousVegetation/HerbaceousVegetation_912.jpg,2
Residential/Residential_2596.jpg,7
River/River_1937.jpg,8
AnnualCrop/AnnualCrop_392.jpg,0
Highway/Highway_2100.jpg,3
PermanentCrop/PermanentCrop_2418.jpg,6
Industrial/Industrial_1151.jpg,4
SeaLake/SeaLake_2278.jpg,9
Pasture/Pasture_1923.jpg,5
SeaLake/SeaLake_414.jpg,9
River/River_243.jpg,8
AnnualCrop/AnnualCrop_217.jpg,0
AnnualCrop/AnnualCrop_2956.jpg,0
AnnualCrop/AnnualCrop_1656.jpg,0
PermanentCrop/PermanentCrop_867.jpg,6
Industrial/Industrial_1587.jpg,4
Industrial/Industrial_1516.jpg,4
HerbaceousVegetation/HerbaceousVegetation_2111.jpg,2
AnnualCrop/AnnualCrop_2975.jpg,0
HerbaceousVegetation/HerbaceousVegetation_2158.jpg,2
Industrial/Industrial_2326.jpg,4
Industrial/Industrial_2185.jpg,4
Forest/Forest_2452.jpg,1
Forest/Forest_2459.jpg,1
Residential/Residential_1381.jpg,7
Residential/Residential_660.jpg,7
Residential/Residential_1537.jpg,7
PermanentCrop/PermanentCrop_1172.jpg,6
Pasture/Pasture_1567.jpg,5
Highway/Highway_405.jpg,3
SeaLake/SeaLake_228.jpg,9
Forest/Forest_857.jpg,1
Forest/Forest_469.jpg,1
River/River_152.jpg,8
Residential/Residential_2204.jpg,7
SeaLake/SeaLake_1322.jpg,9
Highway/Highway_1263.jpg,3
AnnualCrop/AnnualCrop_2221.jpg,0
Residential/Residential_1211.jpg,7
HerbaceousVegetation/HerbaceousVegetation_1694.jpg,2
Industrial/Industrial_1474.jpg,4
Highway/Highway_2468.jpg,3
Residential/Residential_1738.jpg,7
HerbaceousVegetation/HerbaceousVegetation_1247.jpg,2
Residential/Residential_2037.jpg,7
Forest/Forest_878.jpg,1
Residential/Residential_391.jpg,7
River/River_2395.jpg,8
River/River_1096.jpg,8
HerbaceousVegetation/HerbaceousVegetation_2877.jpg,2
SeaLake/SeaLake_1858.jpg,9
PermanentCrop/PermanentCrop_8.jpg,6
Forest/Forest_487.jpg,1
Industrial/Industrial_122.jpg,4
HerbaceousVegetation/HerbaceousVegetation_2935.jpg,2
HerbaceousVegetation/HerbaceousVegetation_1414.jpg,2
PermanentCrop/PermanentCrop_1617.jpg,6
HerbaceousVegetation/HerbaceousVegetation_2034.jpg,2
Pasture/Pasture_548.jpg,5
Highway/Highway_844.jpg,3
Forest/Forest_1894.jpg,1
Highway/Highway_2275.jpg,3
Pasture/Pasture_981.jpg,5
PermanentCrop/PermanentCrop_1068.jpg,6
Residential/Residential_2912.jpg,7
Highway/Highway_2142.jpg,3
Forest/Forest_1000.jpg,1
Highway/Highway_1144.jpg,3
AnnualCrop/AnnualCrop_658.jpg,0
HerbaceousVegetation/HerbaceousVegetation_375.jpg,2
HerbaceousVegetation/HerbaceousVegetation_454.jpg,2
PermanentCrop/PermanentCrop_1396.jpg,6
Forest/Forest_879.jpg,1
Forest/Forest_2487.jpg,1
Industrial/Industrial_1424.jpg,4
Residential/Residential_2267.jpg,7
River/River_1592.jpg,8
HerbaceousVegetation/HerbaceousVegetation_1900.jpg,2
Industrial/Industrial_1876.jpg,4
Pasture/Pasture_1593.jpg,5
SeaLake/SeaLake_343.jpg,9
PermanentCrop/PermanentCrop_2477.jpg,6
Highway/Highway_1198.jpg,3
Residential/Residential_1985.jpg,7
Pasture/Pasture_1182.jpg,5
HerbaceousVegetation/HerbaceousVegetation_791.jpg,2
SeaLake/SeaLake_18.jpg,9
Pasture/Pasture_495.jpg,5
SeaLake/SeaLake_2430.jpg,9
Highway/Highway_1766.jpg,3
Industrial/Industrial_1625.jpg,4
Industrial/Industrial_634.jpg,4
Highway/Highway_877.jpg,3
River/River_484.jpg,8
Pasture/Pasture_1117.jpg,5
Residential/Residential_621.jpg,7
Residential/Residential_737.jpg,7
Forest/Forest_1022.jpg,1
Residential/Residential_2491.jpg,7
Industrial/Industrial_2453.jpg,4
SeaLake/SeaLake_2922.jpg,9
Highway/Highway_1037.jpg,3
River/River_982.jpg,8
HerbaceousVegetation/HerbaceousVegetation_477.jpg,2
AnnualCrop/AnnualCrop_1060.jpg,0
HerbaceousVegetation/HerbaceousVegetation_1090.jpg,2
PermanentCrop/PermanentCrop_2362.jpg,6
River/River_996.jpg,8
River/River_482.jpg,8
Highway/Highway_724.jpg,3
HerbaceousVegetation/HerbaceousVegetation_1708.jpg,2
Industrial/Industrial_542.jpg,4
Pasture/Pasture_117.jpg,5
Industrial/Industrial_951.jpg,4
Pasture/Pasture_828.jpg,5
PermanentCrop/PermanentCrop_1769.jpg,6
Industrial/Industrial_1812.jpg,4
River/River_637.jpg,8
SeaLake/SeaLake_120.jpg,9
River/River_2179.jpg,8
AnnualCrop/AnnualCrop_1036.jpg,0
Pasture/Pasture_279.jpg,5
PermanentCrop/PermanentCrop_2339.jpg,6
Forest/Forest_1702.jpg,1
Pasture/Pasture_1495.jpg,5
Forest/Forest_2001.jpg,1
HerbaceousVegetation/HerbaceousVegetation_2979.jpg,2
PermanentCrop/PermanentCrop_247.jpg,6
HerbaceousVegetation/HerbaceousVegetation_1468.jpg,2
Residential/Residential_800.jpg,7
Forest/Forest_1286.jpg,1
Highway/Highway_1949.jpg,3
AnnualCrop/AnnualCrop_2246.jpg,0
Industrial/Industrial_1767.jpg,4
Industrial/Industrial_355.jpg,4
AnnualCrop/AnnualCrop_1699.jpg,0
Industrial/Industrial_2346.jpg,4
AnnualCrop/AnnualCrop_2162.jpg,0
Residential/Residential_1652.jpg,7
Industrial/Industrial_1172.jpg,4
Industrial/Industrial_2026.jpg,4
HerbaceousVegetation/HerbaceousVegetation_1947.jpg,2
HerbaceousVegetation/HerbaceousVegetation_2520.jpg,2
Industrial/Industrial_712.jpg,4
Residential/Residential_1212.jpg,7
HerbaceousVegetation/HerbaceousVegetation_1640.jpg,2
Highway/Highway_274.jpg,3
Forest/Forest_2044.jpg,1
Forest/Forest_1959.jpg,1
SeaLake/SeaLake_2657.jpg,9
Pasture/Pasture_696.jpg,5
SeaLake/SeaLake_615.jpg,9
Residential/Residential_1682.jpg,7
HerbaceousVegetation/HerbaceousVegetation_1518.jpg,2
River/River_1402.jpg,8
AnnualCrop/AnnualCrop_649.jpg,0
PermanentCrop/PermanentCrop_991.jpg,6
PermanentCrop/PermanentCrop_2298.jpg,6
Forest/Forest_1209.jpg,1
SeaLake/SeaLake_1912.jpg,9
HerbaceousVegetation/HerbaceousVegetation_2242.jpg,2
HerbaceousVegetation/HerbaceousVegetation_2317.jpg,2
Industrial/Industrial_1303.jpg,4
Industrial/Industrial_1157.jpg,4
HerbaceousVegetation/HerbaceousVegetation_678.jpg,2
Forest/Forest_1429.jpg,1
River/River_371.jpg,8
Highway/Highway_297.jpg,3
Pasture/Pasture_2000.jpg,5
River/River_357.jpg,8
Residential/Residential_1697.jpg,7
Highway/Highway_735.jpg,3
PermanentCrop/PermanentCrop_1685.jpg,6
PermanentCrop/PermanentCrop_1082.jpg,6
Residential/Residential_2651.jpg,7
SeaLake/SeaLake_2980.jpg,9
AnnualCrop/AnnualCrop_2286.jpg,0
SeaLake/SeaLake_779.jpg,9
Industrial/Industrial_1164.jpg,4
River/River_1493.jpg,8
Industrial/Industrial_254.jpg,4
HerbaceousVegetation/HerbaceousVegetation_2394.jpg,2
HerbaceousVegetation/HerbaceousVegetation_591.jpg,2
HerbaceousVegetation/HerbaceousVegetation_909.jpg,2
Highway/Highway_2369.jpg,3
PermanentCrop/PermanentCrop_2241.jpg,6
Pasture/Pasture_31.jpg,5
HerbaceousVegetation/HerbaceousVegetation_1511.jpg,2
Forest/Forest_2290.jpg,1
Industrial/Industrial_1569.jpg,4
Pasture/Pasture_818.jpg,5
Residential/Residential_2575.jpg,7
Industrial/Industrial_351.jpg,4
Highway/Highway_1141.jpg,3
PermanentCrop/PermanentCrop_914.jpg,6
HerbaceousVegetation/HerbaceousVegetation_2489.jpg,2
HerbaceousVegetation/HerbaceousVegetation_862.jpg,2
AnnualCrop/AnnualCrop_163.jpg,0
PermanentCrop/PermanentCrop_1759.jpg,6
AnnualCrop/AnnualCrop_1949.jpg,0
Pasture/Pasture_825.jpg,5
PermanentCrop/PermanentCrop_644.jpg,6
Industrial/Industrial_89.jpg,4
SeaLake/SeaLake_1274.jpg,9
Highway/Highway_2305.jpg,3
SeaLake/SeaLake_1447.jpg,9
HerbaceousVegetation/HerbaceousVegetation_316.jpg,2
AnnualCrop/AnnualCrop_1259.jpg,0
Highway/Highway_1178.jpg,3
HerbaceousVegetation/HerbaceousVegetation_1163.jpg,2
Residential/Residential_717.jpg,7
HerbaceousVegetation/HerbaceousVegetation_1331.jpg,2
Residential/Residential_853.jpg,7
Residential/Residential_1313.jpg,7
Industrial/Industrial_460.jpg,4
AnnualCrop/AnnualCrop_678.jpg,0
Residential/Residential_558.jpg,7
SeaLake/SeaLake_1692.jpg,9
Forest/Forest_1808.jpg,1
HerbaceousVegetation/HerbaceousVegetation_882.jpg,2
Residential/Residential_1635.jpg,7
AnnualCrop/AnnualCrop_1258.jpg,0
River/River_885.jpg,8
AnnualCrop/AnnualCrop_149.jpg,0
Industrial/Industrial_2255.jpg,4
Forest/Forest_385.jpg,1
Highway/Highway_1980.jpg,3
River/River_1138.jpg,8
Highway/Highway_2123.jpg,3
Forest/Forest_2429.jpg,1
SeaLake/SeaLake_448.jpg,9
PermanentCrop/PermanentCrop_288.jpg,6
HerbaceousVegetation/HerbaceousVegetation_1779.jpg,2
Residential/Residential_2731.jpg,7
Industrial/Industrial_1279.jpg,4
Forest/Forest_1789.jpg,1
Highway/Highway_1760.jpg,3
River/River_2008.jpg,8
Highway/Highway_1383.jpg,3
AnnualCrop/AnnualCrop_2192.jpg,0
Residential/Residential_179.jpg,7
AnnualCrop/AnnualCrop_1639.jpg,0
PermanentCrop/PermanentCrop_816.jpg,6
Highway/Highway_134.jpg,3
HerbaceousVegetation/HerbaceousVegetation_1338.jpg,2
HerbaceousVegetation/HerbaceousVegetation_1849.jpg,2
Pasture/Pasture_738.jpg,5
HerbaceousVegetation/HerbaceousVegetation_1282.jpg,2
SeaLake/SeaLake_1789.jpg,9
Industrial/Industrial_1978.jpg,4
Highway/Highway_1058.jpg,3
Pasture/Pasture_787.jpg,5
Residential/Residential_322.jpg,7
SeaLake/SeaLake_2705.jpg,9
Residential/Residential_2391.jpg,7
Industrial/Industrial_143.jpg,4
Industrial/Industrial_606.jpg,4
Residential/Residential_2571.jpg,7
Residential/Residential_1360.jpg,7
SeaLake/SeaLake_2032.jpg,9
PermanentCrop/PermanentCrop_1365.jpg,6
AnnualCrop/AnnualCrop_819.jpg,0
PermanentCrop/PermanentCrop_1574.jpg,6
Forest/Forest_422.jpg,1
PermanentCrop/PermanentCrop_1183.jpg,6
Forest/Forest_262.jpg,1
Forest/Forest_1954.jpg,1
HerbaceousVegetation/HerbaceousVegetation_404.jpg,2
PermanentCrop/PermanentCrop_1654.jpg,6
Industrial/Industrial_1996.jpg,4
Residential/Residential_1287.jpg,7
Highway/Highway_2184.jpg,3
River/River_1520.jpg,8
SeaLake/SeaLake_15.jpg,9
Residential/Residential_1057.jpg,7
Pasture/Pasture_1663.jpg,5
PermanentCrop/PermanentCrop_1255.jpg,6
AnnualCrop/AnnualCrop_232.jpg,0
Residential/Residential_2252.jpg,7
HerbaceousVegetation/HerbaceousVegetation_1854.jpg,2
HerbaceousVegetation/HerbaceousVegetation_1623.jpg,2
River/River_622.jpg,8
Forest/Forest_1656.jpg,1
Residential/Residential_1788.jpg,7
Industrial/Industrial_2479.jpg,4
HerbaceousVegetation/HerbaceousVegetation_612.jpg,2
AnnualCrop/AnnualCrop_2395.jpg,0
Residential/Residential_406.jpg,7
SeaLake/SeaLake_566.jpg,9
AnnualCrop/AnnualCrop_42.jpg,0
Residential/Residential_2708.jpg,7
SeaLake/SeaLake_1079.jpg,9
Forest/Forest_1666.jpg,1
Forest/Forest_1851.jpg,1
HerbaceousVegetation/HerbaceousVegetation_1483.jpg,2
River/River_455.jpg,8
SeaLake/SeaLake_2084.jpg,9
Residential/Residential_1005.jpg,7
Residential/Residential_1004.jpg,7
Industrial/Industrial_97.jpg,4
Forest/Forest_2393.jpg,1
Pasture/Pasture_919.jpg,5
Pasture/Pasture_1142.jpg,5
Residential/Residential_763.jpg,7
SeaLake/SeaLake_1436.jpg,9
Residential/Residential_1845.jpg,7
Residential/Residential_378.jpg,7
PermanentCrop/PermanentCrop_1273.jpg,6
HerbaceousVegetation/HerbaceousVegetation_76.jpg,2
Residential/Residential_205.jpg,7
Pasture/Pasture_225.jpg,5
Highway/Highway_1328.jpg,3
Highway/Highway_1370.jpg,3
Forest/Forest_2456.jpg,1
Forest/Forest_368.jpg,1
Industrial/Industrial_1170.jpg,4
HerbaceousVegetation/HerbaceousVegetation_958.jpg,2
Pasture/Pasture_1044.jpg,5
Residential/Residential_2135.jpg,7
Forest/Forest_939.jpg,1
Forest/Forest_2108.jpg,1
HerbaceousVegetation/HerbaceousVegetation_818.jpg,2
Pasture/Pasture_800.jpg,5
SeaLake/SeaLake_1775.jpg,9
HerbaceousVegetation/HerbaceousVegetation_473.jpg,2
HerbaceousVegetation/HerbaceousVegetation_710.jpg,2
HerbaceousVegetation/HerbaceousVegetation_187.jpg,2
Industrial/Industrial_790.jpg,4
Forest/Forest_534.jpg,1
HerbaceousVegetation/HerbaceousVegetation_902.jpg,2
Industrial/Industrial_1628.jpg,4
PermanentCrop/PermanentCrop_514.jpg,6
River/River_2021.jpg,8
River/River_139.jpg,8
Residential/Residential_1623.jpg,7
Industrial/Industrial_1437.jpg,4
River/River_1046.jpg,8
Residential/Residential_672.jpg,7
Residential/Residential_84.jpg,7
Industrial/Industrial_2296.jpg,4
HerbaceousVegetation/HerbaceousVegetation_557.jpg,2
AnnualCrop/AnnualCrop_1802.jpg,0
Forest/Forest_1546.jpg,1
Industrial/Industrial_1869.jpg,4
Highway/Highway_199.jpg,3
PermanentCrop/PermanentCrop_2156.jpg,6
AnnualCrop/AnnualCrop_887.jpg,0
PermanentCrop/PermanentCrop_897.jpg,6
Residential/Residential_642.jpg,7
Residential/Residential_2751.jpg,7
River/River_1104.jpg,8
AnnualCrop/AnnualCrop_805.jpg,0
AnnualCrop/AnnualCrop_648.jpg,0
AnnualCrop/AnnualCrop_355.jpg,0
Industrial/Industrial_1858.jpg,4
HerbaceousVegetation/HerbaceousVegetation_1935.jpg,2
SeaLake/SeaLake_1639.jpg,9
PermanentCrop/PermanentCrop_745.jpg,6
Forest/Forest_618.jpg,1
Highway/Highway_708.jpg,3
HerbaceousVegetation/HerbaceousVegetation_806.jpg,2
AnnualCrop/AnnualCrop_663.jpg,0
Industrial/Industrial_1908.jpg,4
HerbaceousVegetation/HerbaceousVegetation_182.jpg,2
AnnualCrop/AnnualCrop_1634.jpg,0
SeaLake/SeaLake_1892.jpg,9
PermanentCrop/PermanentCrop_185.jpg,6
Residential/Residential_28.jpg,7
AnnualCrop/AnnualCrop_943.jpg,0
Highway/Highway_1504.jpg,3
Residential/Residential_1911.jpg,7
Industrial/Industrial_626.jpg,4
SeaLake/SeaLake_1535.jpg,9
Residential/Residential_1887.jpg,7
HerbaceousVegetation/HerbaceousVegetation_1255.jpg,2
AnnualCrop/AnnualCrop_1031.jpg,0
HerbaceousVegetation/HerbaceousVegetation_308.jpg,2
HerbaceousVegetation/HerbaceousVegetation_2156.jpg,2
PermanentCrop/PermanentCrop_454.jpg,6
SeaLake/SeaLake_2202.jpg,9
Industrial/Industrial_331.jpg,4
PermanentCrop/PermanentCrop_1640.jpg,6
Highway/Highway_1466.jpg,3
Residential/Residential_2885.jpg,7
Industrial/Industrial_163.jpg,4
AnnualCrop/AnnualCrop_2227.jpg,0
Pasture/Pasture_1780.jpg,5
SeaLake/SeaLake_2792.jpg,9
Residential/Residential_2442.jpg,7
Highway/Highway_1272.jpg,3
River/River_1966.jpg,8
Pasture/Pasture_634.jpg,5
Highway/Highway_1437.jpg,3
Residential/Residential_2690.jpg,7
Forest/Forest_737.jpg,1
Residential/Residential_995.jpg,7
SeaLake/SeaLake_1586.jpg,9
SeaLake/SeaLake_1136.jpg,9
Residential/Residential_972.jpg,7
Forest/Forest_930.jpg,1
Forest/Forest_2955.jpg,1
Residential/Residential_2631.jpg,7
AnnualCrop/AnnualCrop_2210.jpg,0
Forest/Forest_908.jpg,1
Forest/Forest_1443.jpg,1
Forest/Forest_2989.jpg,1
HerbaceousVegetation/HerbaceousVegetation_19.jpg,2
Forest/Forest_681.jpg,1
Pasture/Pasture_1993.jpg,5
SeaLake/SeaLake_2093.jpg,9
Industrial/Industrial_358.jpg,4
Highway/Highway_481.jpg,3
PermanentCrop/PermanentCrop_1828.jpg,6
Pasture/Pasture_1859.jpg,5
SeaLake/SeaLake_1262.jpg,9
Pasture/Pasture_1266.jpg,5
AnnualCrop/AnnualCrop_1462.jpg,0
AnnualCrop/AnnualCrop_1460.jpg,0
Residential/Residential_585.jpg,7
Pasture/Pasture_1485.jpg,5
SeaLake/SeaLake_1026.jpg,9
PermanentCrop/PermanentCrop_1025.jpg,6
River/River_356.jpg,8
AnnualCrop/AnnualCrop_1282.jpg,0
PermanentCrop/PermanentCrop_530.jpg,6
PermanentCrop/PermanentCrop_1111.jpg,6
AnnualCrop/AnnualCrop_2698.jpg,0
Industrial/Industrial_1405.jpg,4
Forest/Forest_89.jpg,1
PermanentCrop/PermanentCrop_2332.jpg,6
Highway/Highway_1337.jpg,3
PermanentCrop/PermanentCrop_2209.jpg,6
Pasture/Pasture_846.jpg,5
HerbaceousVegetation/HerbaceousVegetation_1309.jpg,2
Forest/Forest_2761.jpg,1
SeaLake/SeaLake_2623.jpg,9
SeaLake/SeaLake_1072.jpg,9
PermanentCrop/PermanentCrop_1288.jpg,6
Industrial/Industrial_181.jpg,4
PermanentCrop/PermanentCrop_1033.jpg,6
River/River_502.jpg,8
Pasture/Pasture_406.jpg,5
HerbaceousVegetation/HerbaceousVegetation_2279.jpg,2
Forest/Forest_1080.jpg,1
Forest/Forest_2134.jpg,1
SeaLake/SeaLake_2068.jpg,9
PermanentCrop/PermanentCrop_1354.jpg,6
Industrial/Industrial_1108.jpg,4
Highway/Highway_1027.jpg,3
Highway/Highway_2470.jpg,3
HerbaceousVegetation/HerbaceousVegetation_1714.jpg,2
Highway/Highway_1211.jpg,3
Forest/Forest_836.jpg,1
Forest/Forest_1124.jpg,1
SeaLake/SeaLake_1140.jpg,9
AnnualCrop/AnnualCrop_1867.jpg,0
HerbaceousVegetation/HerbaceousVegetation_633.jpg,2
Forest/Forest_2385.jpg,1
AnnualCrop/AnnualCrop_2844.jpg,0
HerbaceousVegetation/HerbaceousVegetation_1269.jpg,2
PermanentCrop/PermanentCrop_297.jpg,6
HerbaceousVegetation/HerbaceousVegetation_2563.jpg,2
PermanentCrop/PermanentCrop_2419.jpg,6
SeaLake/SeaLake_2480.jpg,9
Highway/Highway_1100.jpg,3
AnnualCrop/AnnualCrop_1364.jpg,0
HerbaceousVegetation/HerbaceousVegetation_2249.jpg,2
AnnualCrop/AnnualCrop_1708.jpg,0
AnnualCrop/AnnualCrop_1165.jpg,0
Forest/Forest_1590.jpg,1
Highway/Highway_2319.jpg,3
PermanentCrop/PermanentCrop_1833.jpg,6
HerbaceousVegetation/HerbaceousVegetation_1549.jpg,2
Residential/Residential_1917.jpg,7
Highway/Highway_112.jpg,3
Forest/Forest_1230.jpg,1
River/River_2123.jpg,8
PermanentCrop/PermanentCrop_1627.jpg,6
PermanentCrop/PermanentCrop_2123.jpg,6
SeaLake/SeaLake_2220.jpg,9
Pasture/Pasture_1350.jpg,5
Residential/Residential_1002.jpg,7
HerbaceousVegetation/HerbaceousVegetation_584.jpg,2
Highway/Highway_1776.jpg,3
PermanentCrop/PermanentCrop_396.jpg,6
River/River_2260.jpg,8
Forest/Forest_1197.jpg,1
River/River_2480.jpg,8
Highway/Highway_2237.jpg,3
HerbaceousVegetation/HerbaceousVegetation_2595.jpg,2
SeaLake/SeaLake_1933.jpg,9
Highway/Highway_2056.jpg,3
River/River_2221.jpg,8
HerbaceousVegetation/HerbaceousVegetation_1213.jpg,2
Industrial/Industrial_908.jpg,4
HerbaceousVegetation/HerbaceousVegetation_1042.jpg,2
HerbaceousVegetation/HerbaceousVegetation_2088.jpg,2
River/River_1713.jpg,8
Highway/Highway_1631.jpg,3
River/River_988.jpg,8
River/River_247.jpg,8
Highway/Highway_1041.jpg,3
Pasture/Pasture_1638.jpg,5
Residential/Residential_1576.jpg,7
Residential/Residential_1803.jpg,7
Highway/Highway_279.jpg,3
Pasture/Pasture_1104.jpg,5
SeaLake/SeaLake_941.jpg,9
Pasture/Pasture_1689.jpg,5
AnnualCrop/AnnualCrop_262.jpg,0
Industrial/Industrial_1465.jpg,4
AnnualCrop/AnnualCrop_222.jpg,0
Highway/Highway_691.jpg,3
AnnualCrop/AnnualCrop_1322.jpg,0
Industrial/Industrial_921.jpg,4
Forest/Forest_875.jpg,1
Highway/Highway_57.jpg,3
AnnualCrop/AnnualCrop_1312.jpg,0
Pasture/Pasture_175.jpg,5
Industrial/Industrial_205.jpg,4
PermanentCrop/PermanentCrop_612.jpg,6
Industrial/Industrial_2151.jpg,4
Industrial/Industrial_783.jpg,4
Pasture/Pasture_1043.jpg,5
HerbaceousVegetation/HerbaceousVegetation_2525.jpg,2
River/River_2213.jpg,8
River/River_326.jpg,8
Industrial/Industrial_441.jpg,4
PermanentCrop/PermanentCrop_2039.jpg,6
Highway/Highway_1565.jpg,3
AnnualCrop/AnnualCrop_372.jpg,0
SeaLake/SeaLake_339.jpg,9
Industrial/Industrial_2063.jpg,4
Pasture/Pasture_323.jpg,5
SeaLake/SeaLake_1503.jpg,9
AnnualCrop/AnnualCrop_12.jpg,0
AnnualCrop/AnnualCrop_1828.jpg,0
River/River_1528.jpg,8
Highway/Highway_351.jpg,3
HerbaceousVegetation/HerbaceousVegetation_1207.jpg,2
Forest/Forest_184.jpg,1
Forest/Forest_330.jpg,1
PermanentCrop/PermanentCrop_1270.jpg,6
Highway/Highway_463.jpg,3
Pasture/Pasture_1355.jpg,5
PermanentCrop/PermanentCrop_639.jpg,6
SeaLake/SeaLake_2482.jpg,9
AnnualCrop/AnnualCrop_1388.jpg,0
HerbaceousVegetation/HerbaceousVegetation_2614.jpg,2
Industrial/Industrial_1928.jpg,4
SeaLake/SeaLake_1878.jpg,9
Pasture/Pasture_1386.jpg,5
Residential/Residential_2901.jpg,7
PermanentCrop/PermanentCrop_715.jpg,6
Industrial/Industrial_2473.jpg,4
Industrial/Industrial_2213.jpg,4
Forest/Forest_477.jpg,1
AnnualCrop/AnnualCrop_2666.jpg,0
Industrial/Industrial_1543.jpg,4
HerbaceousVegetation/HerbaceousVegetation_340.jpg,2
Highway/Highway_2374.jpg,3
AnnualCrop/AnnualCrop_773.jpg,0
Highway/Highway_1714.jpg,3
AnnualCrop/AnnualCrop_220.jpg,0
Industrial/Industrial_1106.jpg,4
PermanentCrop/PermanentCrop_772.jpg,6
AnnualCrop/AnnualCrop_181.jpg,0
HerbaceousVegetation/HerbaceousVegetation_764.jpg,2
PermanentCrop/PermanentCrop_708.jpg,6
Industrial/Industrial_1537.jpg,4
SeaLake/SeaLake_2371.jpg,9
Residential/Residential_319.jpg,7
SeaLake/SeaLake_2602.jpg,9
River/River_1434.jpg,8
Industrial/Industrial_1913.jpg,4
SeaLake/SeaLake_2955.jpg,9
PermanentCrop/PermanentCrop_1291.jpg,6
Residential/Residential_1859.jpg,7
Industrial/Industrial_2002.jpg,4
Industrial/Industrial_1922.jpg,4
Highway/Highway_847.jpg,3
PermanentCrop/PermanentCrop_2160.jpg,6
Pasture/Pasture_1454.jpg,5
HerbaceousVegetation/HerbaceousVegetation_1045.jpg,2
Highway/Highway_138.jpg,3
Highway/Highway_2096.jpg,3
Highway/Highway_281.jpg,3
Forest/Forest_867.jpg,1
HerbaceousVegetation/HerbaceousVegetation_635.jpg,2
Forest/Forest_1940.jpg,1
HerbaceousVegetation/HerbaceousVegetation_2985.jpg,2
Highway/Highway_2390.jpg,3
Industrial/Industrial_2260.jpg,4
River/River_1842.jpg,8
Residential/Residential_1269.jpg,7
SeaLake/SeaLake_869.jpg,9
Residential/Residential_2310.jpg,7
Residential/Residential_435.jpg,7
Forest/Forest_2347.jpg,1
Forest/Forest_1980.jpg,1
Highway/Highway_301.jpg,3
AnnualCrop/AnnualCrop_2108.jpg,0
River/River_1840.jpg,8
Industrial/Industrial_2264.jpg,4
AnnualCrop/AnnualCrop_362.jpg,0
Pasture/Pasture_1929.jpg,5
PermanentCrop/PermanentCrop_2367.jpg,6
AnnualCrop/AnnualCrop_1058.jpg,0
HerbaceousVegetation/HerbaceousVegetation_2730.jpg,2
SeaLake/SeaLake_652.jpg,9
HerbaceousVegetation/HerbaceousVegetation_176.jpg,2
Forest/Forest_1950.jpg,1
PermanentCrop/PermanentCrop_706.jpg,6
River/River_291.jpg,8
SeaLake/SeaLake_1798.jpg,9
HerbaceousVegetation/HerbaceousVegetation_1515.jpg,2
Pasture/Pasture_1735.jpg,5
Residential/Residential_970.jpg,7
HerbaceousVegetation/HerbaceousVegetation_841.jpg,2
Pasture/Pasture_557.jpg,5
Residential/Residential_2739.jpg,7
AnnualCrop/AnnualCrop_2364.jpg,0
PermanentCrop/PermanentCrop_713.jpg,6
Residential/Residential_1758.jpg,7
HerbaceousVegetation/HerbaceousVegetation_2765.jpg,2
SeaLake/SeaLake_1120.jpg,9
Industrial/Industrial_876.jpg,4
Residential/Residential_1890.jpg,7
AnnualCrop/AnnualCrop_1929.jpg,0
AnnualCrop/AnnualCrop_19.jpg,0
River/River_736.jpg,8
River/River_1109.jpg,8
River/River_336.jpg,8
HerbaceousVegetation/HerbaceousVegetation_802.jpg,2
AnnualCrop/AnnualCrop_1823.jpg,0
AnnualCrop/AnnualCrop_534.jpg,0
Industrial/Industrial_146.jpg,4
SeaLake/SeaLake_1384.jpg,9
AnnualCrop/AnnualCrop_1032.jpg,0
PermanentCrop/PermanentCrop_1799.jpg,6
Industrial/Industrial_1420.jpg,4
SeaLake/SeaLake_1719.jpg,9
PermanentCrop/PermanentCrop_176.jpg,6
HerbaceousVegetation/HerbaceousVegetation_2120.jpg,2
HerbaceousVegetation/HerbaceousVegetation_2726.jpg,2
Highway/Highway_2054.jpg,3
AnnualCrop/AnnualCrop_1051.jpg,0
SeaLake/SeaLake_2140.jpg,9
Industrial/Industrial_426.jpg,4
HerbaceousVegetation/HerbaceousVegetation_780.jpg,2
Highway/Highway_1400.jpg,3
Pasture/Pasture_1704.jpg,5
PermanentCrop/PermanentCrop_1699.jpg,6
River/River_1876.jpg,8
Forest/Forest_984.jpg,1
Residential/Residential_1079.jpg,7
Residential/Residential_2880.jpg,7
Residential/Residential_2772.jpg,7
Highway/Highway_2023.jpg,3
PermanentCrop/PermanentCrop_623.jpg,6
SeaLake/SeaLake_1979.jpg,9
SeaLake/SeaLake_1211.jpg,9
Pasture/Pasture_1425.jpg,5
River/River_1625.jpg,8
SeaLake/SeaLake_1772.jpg,9
River/River_2424.jpg,8
PermanentCrop/PermanentCrop_2237.jpg,6
River/River_1347.jpg,8
Forest/Forest_1078.jpg,1
HerbaceousVegetation/HerbaceousVegetation_940.jpg,2
PermanentCrop/PermanentCrop_1001.jpg,6
PermanentCrop/PermanentCrop_848.jpg,6
PermanentCrop/PermanentCrop_4.jpg,6
PermanentCrop/PermanentCrop_2194.jpg,6
Residential/Residential_1139.jpg,7
Pasture/Pasture_1024.jpg,5
Industrial/Industrial_341.jpg,4
Industrial/Industrial_2266.jpg,4
Highway/Highway_1585.jpg,3
Residential/Residential_1460.jpg,7
Pasture/Pasture_563.jpg,5
AnnualCrop/AnnualCrop_2964.jpg,0
River/River_750.jpg,8
Pasture/Pasture_1489.jpg,5
River/River_1284.jpg,8
Industrial/Industrial_650.jpg,4
HerbaceousVegetation/HerbaceousVegetation_1191.jpg,2
PermanentCrop/PermanentCrop_511.jpg,6
Pasture/Pasture_1073.jpg,5
Industrial/Industrial_58.jpg,4
Forest/Forest_2920.jpg,1
River/River_1715.jpg,8
Highway/Highway_1294.jpg,3
River/River_791.jpg,8
Highway/Highway_1188.jpg,3
Highway/Highway_2477.jpg,3
AnnualCrop/AnnualCrop_942.jpg,0
Industrial/Industrial_548.jpg,4
River/River_651.jpg,8
Industrial/Industrial_1848.jpg,4
Highway/Highway_1705.jpg,3
Industrial/Industrial_643.jpg,4
SeaLake/SeaLake_1106.jpg,9
Residential/Residential_1038.jpg,7
HerbaceousVegetation/HerbaceousVegetation_762.jpg,2
River/River_192.jpg,8
PermanentCrop/PermanentCrop_1024.jpg,6
Forest/Forest_446.jpg,1
Highway/Highway_1915.jpg,3
SeaLake/SeaLake_2146.jpg,9
PermanentCrop/PermanentCrop_2400.jpg,6
Industrial/Industrial_907.jpg,4
Residential/Residential_1253.jpg,7
Residential/Residential_1617.jpg,7
Forest/Forest_125.jpg,1
Highway/Highway_2130.jpg,3
Pasture/Pasture_334.jpg,5
Pasture/Pasture_356.jpg,5
Residential/Residential_445.jpg,7
Pasture/Pasture_1219.jpg,5
Industrial/Industrial_486.jpg,4
Forest/Forest_903.jpg,1
AnnualCrop/AnnualCrop_29.jpg,0
Forest/Forest_1912.jpg,1
Pasture/Pasture_612.jpg,5
Industrial/Industrial_2385.jpg,4
Forest/Forest_2801.jpg,1
Pasture/Pasture_399.jpg,5
AnnualCrop/AnnualCrop_700.jpg,0
River/River_836.jpg,8
Residential/Residential_604.jpg,7
SeaLake/SeaLake_2355.jpg,9
Highway/Highway_958.jpg,3
Residential/Residential_2029.jpg,7
Forest/Forest_2190.jpg,1
Industrial/Industrial_1325.jpg,4
HerbaceousVegetation/HerbaceousVegetation_2294.jpg,2
PermanentCrop/PermanentCrop_158.jpg,6
HerbaceousVegetation/HerbaceousVegetation_1234.jpg,2
River/River_1361.jpg,8
SeaLake/SeaLake_2757.jpg,9
PermanentCrop/PermanentCrop_2340.jpg,6
Forest/Forest_1983.jpg,1
River/River_410.jpg,8
HerbaceousVegetation/HerbaceousVegetation_456.jpg,2
Residential/Residential_1994.jpg,7
HerbaceousVegetation/HerbaceousVegetation_1731.jpg,2
Industrial/Industrial_1648.jpg,4
SeaLake/SeaLake_2139.jpg,9
Pasture/Pasture_209.jpg,5
River/River_2287.jpg,8
Residential/Residential_2055.jpg,7
Forest/Forest_1681.jpg,1
Highway/Highway_1686.jpg,3
SeaLake/SeaLake_1260.jpg,9
HerbaceousVegetation/HerbaceousVegetation_2303.jpg,2
AnnualCrop/AnnualCrop_1397.jpg,0
HerbaceousVegetation/HerbaceousVegetation_2137.jpg,2
Industrial/Industrial_1213.jpg,4
Highway/Highway_1514.jpg,3
PermanentCrop/PermanentCrop_1602.jpg,6
River/River_848.jpg,8
Residential/Residential_1844.jpg,7
Residential/Residential_1411.jpg,7
SeaLake/SeaLake_1114.jpg,9
Pasture/Pasture_741.jpg,5
SeaLake/SeaLake_74.jpg,9
River/River_1833.jpg,8
Forest/Forest_2868.jpg,1
HerbaceousVegetation/HerbaceousVegetation_787.jpg,2
Forest/Forest_2551.jpg,1
River/River_1026.jpg,8
Industrial/Industrial_415.jpg,4
Highway/Highway_1972.jpg,3
Industrial/Industrial_877.jpg,4
Highway/Highway_492.jpg,3
SeaLake/SeaLake_943.jpg,9
AnnualCrop/AnnualCrop_538.jpg,0
Residential/Residential_1808.jpg,7
AnnualCrop/AnnualCrop_1348.jpg,0
AnnualCrop/AnnualCrop_136.jpg,0
AnnualCrop/AnnualCrop_2677.jpg,0
Forest/Forest_2200.jpg,1
Highway/Highway_228.jpg,3
PermanentCrop/PermanentCrop_2290.jpg,6
PermanentCrop/PermanentCrop_1946.jpg,6
Residential/Residential_2761.jpg,7
SeaLake/SeaLake_1901.jpg,9
Pasture/Pasture_1545.jpg,5
Residential/Residential_605.jpg,7
Forest/Forest_2387.jpg,1
HerbaceousVegetation/HerbaceousVegetation_1200.jpg,2
AnnualCrop/AnnualCrop_2158.jpg,0
PermanentCrop/PermanentCrop_2021.jpg,6
HerbaceousVegetation/HerbaceousVegetation_1855.jpg,2
Highway/Highway_529.jpg,3
Pasture/Pasture_393.jpg,5
Forest/Forest_1292.jpg,1
SeaLake/SeaLake_2673.jpg,9
Highway/Highway_596.jpg,3
AnnualCrop/AnnualCrop_562.jpg,0
Industrial/Industrial_1850.jpg,4
Highway/Highway_298.jpg,3
AnnualCrop/AnnualCrop_1285.jpg,0
Industrial/Industrial_2023.jpg,4
PermanentCrop/PermanentCrop_596.jpg,6
Highway/Highway_1597.jpg,3
Pasture/Pasture_1294.jpg,5
Highway/Highway_704.jpg,3
AnnualCrop/AnnualCrop_1484.jpg,0
Industrial/Industrial_1407.jpg,4
Industrial/Industrial_156.jpg,4
Forest/Forest_2820.jpg,1
Industrial/Industrial_750.jpg,4
Highway/Highway_1406.jpg,3
Pasture/Pasture_1740.jpg,5
SeaLake/SeaLake_2579.jpg,9
Forest/Forest_2439.jpg,1
PermanentCrop/PermanentCrop_900.jpg,6
Forest/Forest_822.jpg,1
AnnualCrop/AnnualCrop_1882.jpg,0
Highway/Highway_368.jpg,3
HerbaceousVegetation/HerbaceousVegetation_1629.jpg,2
AnnualCrop/AnnualCrop_2171.jpg,0
River/River_2151.jpg,8
Residential/Residential_19.jpg,7
Residential/Residential_2090.jpg,7
Industrial/Industrial_1671.jpg,4
Forest/Forest_649.jpg,1
Forest/Forest_745.jpg,1
AnnualCrop/AnnualCrop_2323.jpg,0
Highway/Highway_2438.jpg,3
SeaLake/SeaLake_2414.jpg,9
SeaLake/SeaLake_1658.jpg,9
Pasture/Pasture_1761.jpg,5
Residential/Residential_268.jpg,7
PermanentCrop/PermanentCrop_1517.jpg,6
Residential/Residential_507.jpg,7
Residential/Residential_942.jpg,7
Residential/Residential_2725.jpg,7
Highway/Highway_118.jpg,3
Highway/Highway_1981.jpg,3
Pasture/Pasture_1885.jpg,5
Forest/Forest_1906.jpg,1
Pasture/Pasture_132.jpg,5
AnnualCrop/AnnualCrop_1616.jpg,0
Forest/Forest_2000.jpg,1
HerbaceousVegetation/HerbaceousVegetation_12.jpg,2
Highway/Highway_1458.jpg,3
HerbaceousVegetation/HerbaceousVegetation_2177.jpg,2
River/River_1252.jpg,8
HerbaceousVegetation/HerbaceousVegetation_682.jpg,2
SeaLake/SeaLake_1059.jpg,9
Pasture/Pasture_1461.jpg,5
River/River_1735.jpg,8
Industrial/Industrial_1415.jpg,4
AnnualCrop/AnnualCrop_2170.jpg,0
Pasture/Pasture_1819.jpg,5
Residential/Residential_967.jpg,7
Residential/Residential_2288.jpg,7
River/River_14.jpg,8
HerbaceousVegetation/HerbaceousVegetation_2271.jpg,2
River/River_828.jpg,8
SeaLake/SeaLake_1499.jpg,9
Pasture/Pasture_1660.jpg,5
Forest/Forest_376.jpg,1
AnnualCrop/AnnualCrop_2320.jpg,0
PermanentCrop/PermanentCrop_1989.jpg,6
Forest/Forest_38.jpg,1
Highway/Highway_972.jpg,3
HerbaceousVegetation/HerbaceousVegetation_542.jpg,2
Forest/Forest_2048.jpg,1
SeaLake/SeaLake_2723.jpg,9
Industrial/Industrial_869.jpg,4
PermanentCrop/PermanentCrop_1224.jpg,6
River/River_1805.jpg,8
AnnualCrop/AnnualCrop_2806.jpg,0
SeaLake/SeaLake_2676.jpg,9
River/River_345.jpg,8
River/River_707.jpg,8
HerbaceousVegetation/HerbaceousVegetation_107.jpg,2
Residential/Residential_1818.jpg,7
PermanentCrop/PermanentCrop_121.jpg,6
Pasture/Pasture_350.jpg,5
AnnualCrop/AnnualCrop_2648.jpg,0
River/River_395.jpg,8
Industrial/Industrial_463.jpg,4
PermanentCrop/PermanentCrop_1400.jpg,6
River/River_2249.jpg,8
HerbaceousVegetation/HerbaceousVegetation_1716.jpg,2
Forest/Forest_132.jpg,1
River/River_2447.jpg,8
PermanentCrop/PermanentCrop_1488.jpg,6
Forest/Forest_2153.jpg,1
Highway/Highway_418.jpg,3
Pasture/Pasture_294.jpg,5
SeaLake/SeaLake_1684.jpg,9
Forest/Forest_714.jpg,1
PermanentCrop/PermanentCrop_284.jpg,6
AnnualCrop/AnnualCrop_2427.jpg,0
HerbaceousVegetation/HerbaceousVegetation_1867.jpg,2
Residential/Residential_873.jpg,7
Forest/Forest_320.jpg,1
SeaLake/SeaLake_560.jpg,9
HerbaceousVegetation/HerbaceousVegetation_1599.jpg,2
PermanentCrop/PermanentCrop_1110.jpg,6
Industrial/Industrial_2238.jpg,4
River/River_858.jpg,8
Industrial/Industrial_1012.jpg,4
HerbaceousVegetation/HerbaceousVegetation_694.jpg,2
Forest/Forest_2810.jpg,1
HerbaceousVegetation/HerbaceousVegetation_506.jpg,2
Highway/Highway_2030.jpg,3
Highway/Highway_749.jpg,3
Pasture/Pasture_1739.jpg,5
Industrial/Industrial_452.jpg,4
Highway/Highway_1561.jpg,3
Forest/Forest_1170.jpg,1
SeaLake/SeaLake_2387.jpg,9
Pasture/Pasture_747.jpg,5
Residential/Residential_1999.jpg,7
River/River_211.jpg,8
PermanentCrop/PermanentCrop_1941.jpg,6
SeaLake/SeaLake_746.jpg,9
River/River_2423.jpg,8
HerbaceousVegetation/HerbaceousVegetation_618.jpg,2
Residential/Residential_2206.jpg,7
PermanentCrop/PermanentCrop_435.jpg,6
AnnualCrop/AnnualCrop_2326.jpg,0
HerbaceousVegetation/HerbaceousVegetation_1545.jpg,2
AnnualCrop/AnnualCrop_803.jpg,0
AnnualCrop/AnnualCrop_2822.jpg,0
HerbaceousVegetation/HerbaceousVegetation_960.jpg,2
River/River_2149.jpg,8
Industrial/Industrial_2076.jpg,4
Pasture/Pasture_42.jpg,5
Forest/Forest_2737.jpg,1
PermanentCrop/PermanentCrop_1542.jpg,6
HerbaceousVegetation/HerbaceousVegetation_2132.jpg,2
Industrial/Industrial_887.jpg,4
SeaLake/SeaLake_437.jpg,9
AnnualCrop/AnnualCrop_140.jpg,0
Industrial/Industrial_1973.jpg,4
Residential/Residential_617.jpg,7
AnnualCrop/AnnualCrop_918.jpg,0
Forest/Forest_630.jpg,1
Highway/Highway_41.jpg,3
HerbaceousVegetation/HerbaceousVegetation_2797.jpg,2
SeaLake/SeaLake_2611.jpg,9
SeaLake/SeaLake_539.jpg,9
PermanentCrop/PermanentCrop_2464.jpg,6
Industrial/Industrial_1202.jpg,4
Pasture/Pasture_539.jpg,5
Highway/Highway_2456.jpg,3
Forest/Forest_2344.jpg,1
Industrial/Industrial_972.jpg,4
Pasture/Pasture_1189.jpg,5
Forest/Forest_2947.jpg,1
HerbaceousVegetation/HerbaceousVegetation_1958.jpg,2
SeaLake/SeaLake_1975.jpg,9
AnnualCrop/AnnualCrop_712.jpg,0
SeaLake/SeaLake_627.jpg,9
HerbaceousVegetation/HerbaceousVegetation_1241.jpg,2
Forest/Forest_13.jpg,1
SeaLake/SeaLake_778.jpg,9
AnnualCrop/AnnualCrop_428.jpg,0
Forest/Forest_2352.jpg,1
Pasture/Pasture_478.jpg,5
Residential/Residential_1545.jpg,7
Highway/Highway_816.jpg,3
AnnualCrop/AnnualCrop_1655.jpg,0
Highway/Highway_830.jpg,3
HerbaceousVegetation/HerbaceousVegetation_2276.jpg,2
SeaLake/SeaLake_2873.jpg,9
Highway/Highway_1822.jpg,3
AnnualCrop/AnnualCrop_849.jpg,0
PermanentCrop/PermanentCrop_1783.jpg,6
HerbaceousVegetation/HerbaceousVegetation_2898.jpg,2
River/River_2076.jpg,8
SeaLake/SeaLake_2395.jpg,9
HerbaceousVegetation/HerbaceousVegetation_421.jpg,2
Pasture/Pasture_639.jpg,5
Forest/Forest_1189.jpg,1
Residential/Residential_329.jpg,7
Highway/Highway_1902.jpg,3
River/River_2171.jpg,8
Industrial/Industrial_1314.jpg,4
PermanentCrop/PermanentCrop_1832.jpg,6
SeaLake/SeaLake_754.jpg,9
Industrial/Industrial_1966.jpg,4
HerbaceousVegetation/HerbaceousVegetation_2909.jpg,2
PermanentCrop/PermanentCrop_1116.jpg,6
Highway/Highway_1235.jpg,3
Pasture/Pasture_447.jpg,5
Industrial/Industrial_11.jpg,4
Forest/Forest_1417.jpg,1
HerbaceousVegetation/HerbaceousVegetation_562.jpg,2
Highway/Highway_1840.jpg,3
HerbaceousVegetation/HerbaceousVegetation_714.jpg,2
Industrial/Industrial_1077.jpg,4
Highway/Highway_1164.jpg,3
Forest/Forest_1188.jpg,1
HerbaceousVegetation/HerbaceousVegetation_2477.jpg,2
SeaLake/SeaLake_1981.jpg,9
Industrial/Industrial_1427.jpg,4
Forest/Forest_1182.jpg,1
SeaLake/SeaLake_789.jpg,9
River/River_2398.jpg,8
PermanentCrop/PermanentCrop_1243.jpg,6
Residential/Residential_2017.jpg,7
Highway/Highway_675.jpg,3
Forest/Forest_2132.jpg,1
AnnualCrop/AnnualCrop_2301.jpg,0
Highway/Highway_994.jpg,3
PermanentCrop/PermanentCrop_1772.jpg,6
Pasture/Pasture_207.jpg,5
AnnualCrop/AnnualCrop_2226.jpg,0
Residential/Residential_2473.jpg,7
Industrial/Industrial_2164.jpg,4
River/River_1162.jpg,8
AnnualCrop/AnnualCrop_2439.jpg,0
HerbaceousVegetation/HerbaceousVegetation_2464.jpg,2
SeaLake/SeaLake_1051.jpg,9
PermanentCrop/PermanentCrop_1979.jpg,6
Highway/Highway_2148.jpg,3
Industrial/Industrial_1489.jpg,4
AnnualCrop/AnnualCrop_841.jpg,0
Residential/Residential_1518.jpg,7
Residential/Residential_955.jpg,7
HerbaceousVegetation/HerbaceousVegetation_1902.jpg,2
Residential/Residential_130.jpg,7
Pasture/Pasture_152.jpg,5
HerbaceousVegetation/HerbaceousVegetation_1183.jpg,2
HerbaceousVegetation/HerbaceousVegetation_569.jpg,2
Residential/Residential_627.jpg,7
Forest/Forest_2162.jpg,1
Pasture/Pasture_19.jpg,5
River/River_710.jpg,8
HerbaceousVegetation/HerbaceousVegetation_2697.jpg,2
SeaLake/SeaLake_2416.jpg,9
HerbaceousVegetation/HerbaceousVegetation_585.jpg,2
Residential/Residential_1300.jpg,7
Residential/Residential_611.jpg,7
PermanentCrop/PermanentCrop_1222.jpg,6
PermanentCrop/PermanentCrop_15.jpg,6
Industrial/Industrial_1330.jpg,4
Industrial/Industrial_1028.jpg,4
AnnualCrop/AnnualCrop_2446.jpg,0
Industrial/Industrial_267.jpg,4
PermanentCrop/PermanentCrop_1666.jpg,6
Pasture/Pasture_52.jpg,5
Forest/Forest_2318.jpg,1
AnnualCrop/AnnualCrop_723.jpg,0
AnnualCrop/AnnualCrop_1335.jpg,0
Industrial/Industrial_1782.jpg,4
Forest/Forest_2145.jpg,1
SeaLake/SeaLake_2854.jpg,9
Residential/Residential_1455.jpg,7
PermanentCrop/PermanentCrop_1382.jpg,6
Forest/Forest_2152.jpg,1
AnnualCrop/AnnualCrop_1946.jpg,0
PermanentCrop/PermanentCrop_450.jpg,6
Industrial/Industrial_1661.jpg,4
PermanentCrop/PermanentCrop_2271.jpg,6
Pasture/Pasture_1512.jpg,5
Residential/Residential_1184.jpg,7
AnnualCrop/AnnualCrop_1321.jpg,0
River/River_2223.jpg,8
AnnualCrop/AnnualCrop_572.jpg,0
Forest/Forest_161.jpg,1
Residential/Residential_2872.jpg,7
Industrial/Industrial_2352.jpg,4
River/River_2203.jpg,8
PermanentCrop/PermanentCrop_1194.jpg,6
SeaLake/SeaLake_333.jpg,9
HerbaceousVegetation/HerbaceousVegetation_2689.jpg,2
Residential/Residential_2053.jpg,7
HerbaceousVegetation/HerbaceousVegetation_2975.jpg,2
SeaLake/SeaLake_1604.jpg,9
PermanentCrop/PermanentCrop_1137.jpg,6
River/River_2280.jpg,8
River/River_1399.jpg,8
AnnualCrop/AnnualCrop_125.jpg,0
AnnualCrop/AnnualCrop_90.jpg,0
AnnualCrop/AnnualCrop_1465.jpg,0
Pasture/Pasture_842.jpg,5
Residential/Residential_1943.jpg,7
Industrial/Industrial_1464.jpg,4
Highway/Highway_2465.jpg,3
PermanentCrop/PermanentCrop_1619.jpg,6
River/River_156.jpg,8
Highway/Highway_649.jpg,3
SeaLake/SeaLake_2261.jpg,9
River/River_1787.jpg,8
Residential/Residential_2553.jpg,7
AnnualCrop/AnnualCrop_1399.jpg,0
PermanentCrop/PermanentCrop_1857.jpg,6
Forest/Forest_687.jpg,1
SeaLake/SeaLake_2867.jpg,9
AnnualCrop/AnnualCrop_1453.jpg,0
Pasture/Pasture_1575.jpg,5
Highway/Highway_719.jpg,3
AnnualCrop/AnnualCrop_1049.jpg,0
Industrial/Industrial_2239.jpg,4
HerbaceousVegetation/HerbaceousVegetation_968.jpg,2
SeaLake/SeaLake_2951.jpg,9
PermanentCrop/PermanentCrop_1651.jpg,6
Pasture/Pasture_1419.jpg,5
River/River_251.jpg,8
SeaLake/SeaLake_2973.jpg,9
PermanentCrop/PermanentCrop_1479.jpg,6
SeaLake/SeaLake_593.jpg,9
Highway/Highway_2189.jpg,3
Residential/Residential_1755.jpg,7
Industrial/Industrial_425.jpg,4
SeaLake/SeaLake_178.jpg,9
River/River_644.jpg,8
Highway/Highway_394.jpg,3
Forest/Forest_1803.jpg,1
Forest/Forest_1664.jpg,1
Forest/Forest_463.jpg,1
HerbaceousVegetation/HerbaceousVegetation_2690.jpg,2
Highway/Highway_1924.jpg,3
Residential/Residential_2357.jpg,7
HerbaceousVegetation/HerbaceousVegetation_1790.jpg,2
Pasture/Pasture_791.jpg,5
Residential/Residential_31.jpg,7
SeaLake/SeaLake_2319.jpg,9
SeaLake/SeaLake_233.jpg,9
Forest/Forest_1177.jpg,1
AnnualCrop/AnnualCrop_150.jpg,0
HerbaceousVegetation/HerbaceousVegetation_1510.jpg,2
Residential/Residential_775.jpg,7
AnnualCrop/AnnualCrop_2800.jpg,0
Forest/Forest_503.jpg,1
SeaLake/SeaLake_633.jpg,9
River/River_852.jpg,8
AnnualCrop/AnnualCrop_554.jpg,0
Forest/Forest_1506.jpg,1
PermanentCrop/PermanentCrop_1605.jpg,6
Residential/Residential_1321.jpg,7
SeaLake/SeaLake_1055.jpg,9
PermanentCrop/PermanentCrop_119.jpg,6
Pasture/Pasture_1933.jpg,5
Forest/Forest_2523.jpg,1
Forest/Forest_1123.jpg,1
AnnualCrop/AnnualCrop_487.jpg,0
Highway/Highway_2419.jpg,3
SeaLake/SeaLake_1723.jpg,9
AnnualCrop/AnnualCrop_1297.jpg,0
SeaLake/SeaLake_1553.jpg,9
SeaLake/SeaLake_979.jpg,9
Industrial/Industrial_2108.jpg,4
Industrial/Industrial_1008.jpg,4
Forest/Forest_2183.jpg,1
Industrial/Industrial_1538.jpg,4
Industrial/Industrial_1447.jpg,4
Forest/Forest_856.jpg,1
Forest/Forest_631.jpg,1
Industrial/Industrial_936.jpg,4
River/River_1377.jpg,8
Pasture/Pasture_870.jpg,5
SeaLake/SeaLake_2483.jpg,9
Forest/Forest_1185.jpg,1
Highway/Highway_585.jpg,3
SeaLake/SeaLake_2433.jpg,9
River/River_1322.jpg,8
Highway/Highway_2241.jpg,3
PermanentCrop/PermanentCrop_796.jpg,6
PermanentCrop/PermanentCrop_1955.jpg,6
Forest/Forest_2760.jpg,1
HerbaceousVegetation/HerbaceousVegetation_373.jpg,2
Residential/Residential_2804.jpg,7
Highway/Highway_647.jpg,3
HerbaceousVegetation/HerbaceousVegetation_266.jpg,2
SeaLake/SeaLake_2666.jpg,9
HerbaceousVegetation/HerbaceousVegetation_2288.jpg,2
Forest/Forest_1858.jpg,1
AnnualCrop/AnnualCrop_1899.jpg,0
Pasture/Pasture_1906.jpg,5
AnnualCrop/AnnualCrop_1250.jpg,0
PermanentCrop/PermanentCrop_2038.jpg,6
HerbaceousVegetation/HerbaceousVegetation_708.jpg,2
PermanentCrop/PermanentCrop_642.jpg,6
AnnualCrop/AnnualCrop_302.jpg,0
River/River_1014.jpg,8
HerbaceousVegetation/HerbaceousVegetation_2335.jpg,2
Industrial/Industrial_1203.jpg,4
Forest/Forest_483.jpg,1
Residential/Residential_2450.jpg,7
Forest/Forest_2529.jpg,1
Residential/Residential_2454.jpg,7
HerbaceousVegetation/HerbaceousVegetation_314.jpg,2
AnnualCrop/AnnualCrop_2149.jpg,0
Residential/Residential_2222.jpg,7
Residential/Residential_249.jpg,7
AnnualCrop/AnnualCrop_1577.jpg,0
AnnualCrop/AnnualCrop_1424.jpg,0
PermanentCrop/PermanentCrop_414.jpg,6
Forest/Forest_754.jpg,1
PermanentCrop/PermanentCrop_1103.jpg,6
HerbaceousVegetation/HerbaceousVegetation_1939.jpg,2
PermanentCrop/PermanentCrop_508.jpg,6
Forest/Forest_1117.jpg,1
Forest/Forest_763.jpg,1
AnnualCrop/AnnualCrop_1467.jpg,0
HerbaceousVegetation/HerbaceousVegetation_2881.jpg,2
Industrial/Industrial_509.jpg,4
Forest/Forest_1971.jpg,1
Residential/Residential_1915.jpg,7
PermanentCrop/PermanentCrop_1973.jpg,6
PermanentCrop/PermanentCrop_1634.jpg,6
Forest/Forest_1011.jpg,1
Forest/Forest_937.jpg,1
River/River_2033.jpg,8
PermanentCrop/PermanentCrop_2186.jpg,6
Forest/Forest_119.jpg,1
AnnualCrop/AnnualCrop_1748.jpg,0
Forest/Forest_1493.jpg,1
Forest/Forest_436.jpg,1
Industrial/Industrial_2140.jpg,4
Forest/Forest_2116.jpg,1
SeaLake/SeaLake_1736.jpg,9
AnnualCrop/AnnualCrop_1815.jpg,0
Forest/Forest_249.jpg,1
HerbaceousVegetation/HerbaceousVegetation_2467.jpg,2
Forest/Forest_2638.jpg,1
Highway/Highway_729.jpg,3
AnnualCrop/AnnualCrop_2418.jpg,0
AnnualCrop/AnnualCrop_2068.jpg,0
River/River_1681.jpg,8
AnnualCrop/AnnualCrop_2215.jpg,0
Industrial/Industrial_512.jpg,4
Forest/Forest_2123.jpg,1
River/River_1288.jpg,8
AnnualCrop/AnnualCrop_1298.jpg,0
Industrial/Industrial_1703.jpg,4
River/River_1029.jpg,8
HerbaceousVegetation/HerbaceousVegetation_1087.jpg,2
HerbaceousVegetation/HerbaceousVegetation_69.jpg,2
HerbaceousVegetation/HerbaceousVegetation_2531.jpg,2
Highway/Highway_835.jpg,3
SeaLake/SeaLake_1850.jpg,9
River/River_1705.jpg,8
Forest/Forest_901.jpg,1
Pasture/Pasture_1257.jpg,5
HerbaceousVegetation/HerbaceousVegetation_2071.jpg,2
Residential/Residential_1908.jpg,7
Highway/Highway_360.jpg,3
Pasture/Pasture_1061.jpg,5
Pasture/Pasture_90.jpg,5
River/River_1540.jpg,8
Pasture/Pasture_1890.jpg,5
Residential/Residential_2573.jpg,7
PermanentCrop/PermanentCrop_676.jpg,6
AnnualCrop/AnnualCrop_2255.jpg,0
SeaLake/SeaLake_433.jpg,9
AnnualCrop/AnnualCrop_52.jpg,0
SeaLake/SeaLake_1272.jpg,9
PermanentCrop/PermanentCrop_2098.jpg,6
Pasture/Pasture_893.jpg,5
HerbaceousVegetation/HerbaceousVegetation_955.jpg,2
Residential/Residential_819.jpg,7
Industrial/Industrial_2243.jpg,4
Highway/Highway_2362.jpg,3
River/River_795.jpg,8
River/River_950.jpg,8
River/River_525.jpg,8
Residential/Residential_830.jpg,7
SeaLake/SeaLake_1810.jpg,9
Pasture/Pasture_806.jpg,5
Residential/Residential_1474.jpg,7
Residential/Residential_2514.jpg,7
AnnualCrop/AnnualCrop_1458.jpg,0
HerbaceousVegetation/HerbaceousVegetation_1971.jpg,2
Residential/Residential_1250.jpg,7
Industrial/Industrial_1845.jpg,4
PermanentCrop/PermanentCrop_1535.jpg,6
River/River_1590.jpg,8
HerbaceousVegetation/HerbaceousVegetation_445.jpg,2
River/River_779.jpg,8
River/River_2379.jpg,8
River/River_603.jpg,8
Highway/Highway_1001.jpg,3
Highway/Highway_1904.jpg,3
HerbaceousVegetation/HerbaceousVegetation_1709.jpg,2
Forest/Forest_108.jpg,1
SeaLake/SeaLake_1884.jpg,9
Highway/Highway_956.jpg,3
Pasture/Pasture_1477.jpg,5
Residential/Residential_2434.jpg,7
Residential/Residential_1500.jpg,7
HerbaceousVegetation/HerbaceousVegetation_1646.jpg,2
SeaLake/SeaLake_1425.jpg,9
HerbaceousVegetation/HerbaceousVegetation_1016.jpg,2
Industrial/Industrial_980.jpg,4
SeaLake/SeaLake_1994.jpg,9
SeaLake/SeaLake_1392.jpg,9
Pasture/Pasture_556.jpg,5
HerbaceousVegetation/HerbaceousVegetation_1999.jpg,2
HerbaceousVegetation/HerbaceousVegetation_560.jpg,2
HerbaceousVegetation/HerbaceousVegetation_1246.jpg,2
Forest/Forest_538.jpg,1
SeaLake/SeaLake_159.jpg,9
Pasture/Pasture_1210.jpg,5
Highway/Highway_1486.jpg,3
AnnualCrop/AnnualCrop_954.jpg,0
HerbaceousVegetation/HerbaceousVegetation_374.jpg,2
AnnualCrop/AnnualCrop_1996.jpg,0
Residential/Residential_433.jpg,7
PermanentCrop/PermanentCrop_1509.jpg,6
AnnualCrop/AnnualCrop_162.jpg,0
AnnualCrop/AnnualCrop_1267.jpg,0
River/River_373.jpg,8
HerbaceousVegetation/HerbaceousVegetation_1196.jpg,2
HerbaceousVegetation/HerbaceousVegetation_2949.jpg,2
HerbaceousVegetation/HerbaceousVegetation_343.jpg,2
River/River_908.jpg,8
PermanentCrop/PermanentCrop_1297.jpg,6
AnnualCrop/AnnualCrop_199.jpg,0
Forest/Forest_33.jpg,1
HerbaceousVegetation/HerbaceousVegetation_2734.jpg,2
AnnualCrop/AnnualCrop_620.jpg,0
SeaLake/SeaLake_1290.jpg,9
HerbaceousVegetation/HerbaceousVegetation_1816.jpg,2
Residential/Residential_538.jpg,7
Highway/Highway_1723.jpg,3
PermanentCrop/PermanentCrop_151.jpg,6
Highway/Highway_543.jpg,3
Industrial/Industrial_1184.jpg,4
SeaLake/SeaLake_2329.jpg,9
Residential/Residential_100.jpg,7
Forest/Forest_2517.jpg,1
Residential/Residential_2296.jpg,7
SeaLake/SeaLake_2402.jpg,9
Pasture/Pasture_1292.jpg,5
PermanentCrop/PermanentCrop_279.jpg,6
Forest/Forest_2506.jpg,1
Highway/Highway_253.jpg,3
AnnualCrop/AnnualCrop_691.jpg,0
HerbaceousVegetation/HerbaceousVegetation_2537.jpg,2
Highway/Highway_421.jpg,3
PermanentCrop/PermanentCrop_2144.jpg,6
River/River_1190.jpg,8
SeaLake/SeaLake_2508.jpg,9
Forest/Forest_1529.jpg,1
Residential/Residential_455.jpg,7
River/River_584.jpg,8
River/River_311.jpg,8
AnnualCrop/AnnualCrop_697.jpg,0
Highway/Highway_801.jpg,3
SeaLake/SeaLake_688.jpg,9
Residential/Residential_2312.jpg,7
Forest/Forest_1848.jpg,1
Industrial/Industrial_2288.jpg,4
PermanentCrop/PermanentCrop_1595.jpg,6
AnnualCrop/AnnualCrop_733.jpg,0
Highway/Highway_36.jpg,3
HerbaceousVegetation/HerbaceousVegetation_522.jpg,2
Highway/Highway_1062.jpg,3
Pasture/Pasture_1013.jpg,5
River/River_1169.jpg,8
Forest/Forest_1680.jpg,1
Residential/Residential_155.jpg,7
Highway/Highway_1668.jpg,3
Forest/Forest_917.jpg,1
River/River_394.jpg,8
PermanentCrop/PermanentCrop_1990.jpg,6
Highway/Highway_1064.jpg,3
AnnualCrop/AnnualCrop_2670.jpg,0
Pasture/Pasture_810.jpg,5
Residential/Residential_1928.jpg,7
SeaLake/SeaLake_2911.jpg,9
SeaLake/SeaLake_1816.jpg,9
HerbaceousVegetation/HerbaceousVegetation_1115.jpg,2
HerbaceousVegetation/HerbaceousVegetation_1199.jpg,2
Forest/Forest_2682.jpg,1
PermanentCrop/PermanentCrop_2469.jpg,6
Highway/Highway_327.jpg,3
Residential/Residential_282.jpg,7
PermanentCrop/PermanentCrop_755.jpg,6
SeaLake/SeaLake_568.jpg,9
Industrial/Industrial_1904.jpg,4
Industrial/Industrial_1686.jpg,4
River/River_30.jpg,8
SeaLake/SeaLake_1911.jpg,9
Highway/Highway_2396.jpg,3
River/River_275.jpg,8
Pasture/Pasture_750.jpg,5
PermanentCrop/PermanentCrop_199.jpg,6
Highway/Highway_798.jpg,3
Forest/Forest_228.jpg,1
Forest/Forest_899.jpg,1
Forest/Forest_712.jpg,1
Industrial/Industrial_1910.jpg,4
SeaLake/SeaLake_2469.jpg,9
River/River_544.jpg,8
PermanentCrop/PermanentCrop_1592.jpg,6
Pasture/Pasture_933.jpg,5
Residential/Residential_559.jpg,7
Industrial/Industrial_767.jpg,4
Highway/Highway_2061.jpg,3
Residential/Residential_2611.jpg,7
HerbaceousVegetation/HerbaceousVegetation_1691.jpg,2
AnnualCrop/AnnualCrop_2075.jpg,0
Residential/Residential_1721.jpg,7
HerbaceousVegetation/HerbaceousVegetation_1433.jpg,2
Highway/Highway_1811.jpg,3
Residential/Residential_2925.jpg,7
Pasture/Pasture_975.jpg,5
SeaLake/SeaLake_1796.jpg,9
HerbaceousVegetation/HerbaceousVegetation_267.jpg,2
PermanentCrop/PermanentCrop_887.jpg,6
River/River_1624.jpg,8
HerbaceousVegetation/HerbaceousVegetation_768.jpg,2
HerbaceousVegetation/HerbaceousVegetation_2746.jpg,2
Highway/Highway_930.jpg,3
HerbaceousVegetation/HerbaceousVegetation_356.jpg,2
PermanentCrop/PermanentCrop_704.jpg,6
PermanentCrop/PermanentCrop_1427.jpg,6
PermanentCrop/PermanentCrop_2137.jpg,6
Pasture/Pasture_781.jpg,5
SeaLake/SeaLake_325.jpg,9
PermanentCrop/PermanentCrop_1750.jpg,6
Residential/Residential_2616.jpg,7
Residential/Residential_2026.jpg,7
AnnualCrop/AnnualCrop_2464.jpg,0
SeaLake/SeaLake_2704.jpg,9
River/River_1696.jpg,8
Pasture/Pasture_469.jpg,5
AnnualCrop/AnnualCrop_992.jpg,0
HerbaceousVegetation/HerbaceousVegetation_539.jpg,2
Highway/Highway_1794.jpg,3
River/River_1049.jpg,8
Residential/Residential_24.jpg,7
Residential/Residential_1656.jpg,7
HerbaceousVegetation/HerbaceousVegetation_2203.jpg,2
SeaLake/SeaLake_2165.jpg,9
Residential/Residential_965.jpg,7
Highway/Highway_1374.jpg,3
Forest/Forest_1243.jpg,1
PermanentCrop/PermanentCrop_2278.jpg,6
AnnualCrop/AnnualCrop_1402.jpg,0
AnnualCrop/AnnualCrop_2295.jpg,0
SeaLake/SeaLake_315.jpg,9
PermanentCrop/PermanentCrop_1048.jpg,6
HerbaceousVegetation/HerbaceousVegetation_789.jpg,2
SeaLake/SeaLake_2369.jpg,9
Highway/Highway_354.jpg,3
AnnualCrop/AnnualCrop_586.jpg,0
Pasture/Pasture_235.jpg,5
AnnualCrop/AnnualCrop_2665.jpg,0
PermanentCrop/PermanentCrop_785.jpg,6
AnnualCrop/AnnualCrop_1653.jpg,0
Highway/Highway_1051.jpg,3
Pasture/Pasture_187.jpg,5
Forest/Forest_682.jpg,1
Highway/Highway_2245.jpg,3
River/River_566.jpg,8
HerbaceousVegetation/HerbaceousVegetation_2519.jpg,2
Pasture/Pasture_1893.jpg,5
Industrial/Industrial_313.jpg,4
Highway/Highway_1266.jpg,3
Forest/Forest_2572.jpg,1
AnnualCrop/AnnualCrop_2137.jpg,0
HerbaceousVegetation/HerbaceousVegetation_1775.jpg,2
PermanentCrop/PermanentCrop_499.jpg,6
Forest/Forest_220.jpg,1
Residential/Residential_804.jpg,7
SeaLake/SeaLake_693.jpg,9
Forest/Forest_1921.jpg,1
Forest/Forest_2642.jpg,1
AnnualCrop/AnnualCrop_966.jpg,0
Industrial/Industrial_111.jpg,4
Pasture/Pasture_348.jpg,5
Highway/Highway_918.jpg,3
SeaLake/SeaLake_2054.jpg,9
Highway/Highway_2068.jpg,3
Pasture/Pasture_1252.jpg,5
HerbaceousVegetation/HerbaceousVegetation_2605.jpg,2
AnnualCrop/AnnualCrop_2318.jpg,0
River/River_2078.jpg,8
Pasture/Pasture_278.jpg,5
PermanentCrop/PermanentCrop_1798.jpg,6
PermanentCrop/PermanentCrop_1596.jpg,6
PermanentCrop/PermanentCrop_851.jpg,6
AnnualCrop/AnnualCrop_1149.jpg,0
Residential/Residential_2855.jpg,7
Residential/Residential_2888.jpg,7
Forest/Forest_2245.jpg,1
PermanentCrop/PermanentCrop_2027.jpg,6
AnnualCrop/AnnualCrop_921.jpg,0
River/River_1325.jpg,8
Residential/Residential_1910.jpg,7
Forest/Forest_700.jpg,1
Industrial/Industrial_108.jpg,4
Pasture/Pasture_1617.jpg,5
River/River_79.jpg,8
Industrial/Industrial_693.jpg,4
PermanentCrop/PermanentCrop_927.jpg,6
SeaLake/SeaLake_2021.jpg,9
SeaLake/SeaLake_1492.jpg,9
SeaLake/SeaLake_42.jpg,9
HerbaceousVegetation/HerbaceousVegetation_1293.jpg,2
Pasture/Pasture_238.jpg,5
River/River_1498.jpg,8
River/River_2403.jpg,8
Residential/Residential_1100.jpg,7
HerbaceousVegetation/HerbaceousVegetation_2089.jpg,2
Residential/Residential_2950.jpg,7
Residential/Residential_1881.jpg,7
Industrial/Industrial_1055.jpg,4
HerbaceousVegetation/HerbaceousVegetation_848.jpg,2
Highway/Highway_2084.jpg,3
PermanentCrop/PermanentCrop_987.jpg,6
Forest/Forest_1445.jpg,1
Residential/Residential_2506.jpg,7
PermanentCrop/PermanentCrop_1318.jpg,6
Residential/Residential_2867.jpg,7
PermanentCrop/PermanentCrop_1510.jpg,6
Highway/Highway_276.jpg,3
AnnualCrop/AnnualCrop_255.jpg,0
PermanentCrop/PermanentCrop_1807.jpg,6
HerbaceousVegetation/HerbaceousVegetation_2230.jpg,2
Highway/Highway_1191.jpg,3
Highway/Highway_1407.jpg,3
PermanentCrop/PermanentCrop_23.jpg,6
HerbaceousVegetation/HerbaceousVegetation_1732.jpg,2
Residential/Residential_1121.jpg,7
SeaLake/SeaLake_2714.jpg,9
HerbaceousVegetation/HerbaceousVegetation_282.jpg,2
Industrial/Industrial_682.jpg,4
Residential/Residential_2407.jpg,7
AnnualCrop/AnnualCrop_2912.jpg,0
Forest/Forest_186.jpg,1
Industrial/Industrial_90.jpg,4
River/River_1998.jpg,8
Residential/Residential_58.jpg,7
Pasture/Pasture_535.jpg,5
Residential/Residential_782.jpg,7
Residential/Residential_1497.jpg,7
HerbaceousVegetation/HerbaceousVegetation_667.jpg,2
AnnualCrop/AnnualCrop_2251.jpg,0
Forest/Forest_2422.jpg,1
HerbaceousVegetation/HerbaceousVegetation_213.jpg,2
Forest/Forest_2411.jpg,1
River/River_1764.jpg,8
River/River_686.jpg,8
SeaLake/SeaLake_1325.jpg,9
AnnualCrop/AnnualCrop_1935.jpg,0
River/River_1986.jpg,8
Pasture/Pasture_1498.jpg,5
HerbaceousVegetation/HerbaceousVegetation_2964.jpg,2
PermanentCrop/PermanentCrop_1177.jpg,6
River/River_2391.jpg,8
Residential/Residential_1238.jpg,7
HerbaceousVegetation/HerbaceousVegetation_924.jpg,2
Residential/Residential_940.jpg,7
River/River_1368.jpg,8
PermanentCrop/PermanentCrop_1722.jpg,6
AnnualCrop/AnnualCrop_303.jpg,0
AnnualCrop/AnnualCrop_2216.jpg,0
Forest/Forest_1924.jpg,1
HerbaceousVegetation/HerbaceousVegetation_206.jpg,2
PermanentCrop/PermanentCrop_2096.jpg,6
Residential/Residential_618.jpg,7
Highway/Highway_331.jpg,3
Industrial/Industrial_2340.jpg,4
Forest/Forest_1853.jpg,1
River/River_545.jpg,8
Forest/Forest_2355.jpg,1
HerbaceousVegetation/HerbaceousVegetation_92.jpg,2
Highway/Highway_2450.jpg,3
River/River_2271.jpg,8
Forest/Forest_1373.jpg,1
HerbaceousVegetation/HerbaceousVegetation_9.jpg,2
Residential/Residential_2358.jpg,7
HerbaceousVegetation/HerbaceousVegetation_2397.jpg,2
River/River_1915.jpg,8
Industrial/Industrial_791.jpg,4
AnnualCrop/AnnualCrop_2340.jpg,0
AnnualCrop/AnnualCrop_469.jpg,0
AnnualCrop/AnnualCrop_2479.jpg,0
River/River_234.jpg,8
HerbaceousVegetation/HerbaceousVegetation_969.jpg,2
PermanentCrop/PermanentCrop_1168.jpg,6
PermanentCrop/PermanentCrop_1503.jpg,6
Pasture/Pasture_788.jpg,5
HerbaceousVegetation/HerbaceousVegetation_1610.jpg,2
HerbaceousVegetation/HerbaceousVegetation_1996.jpg,2
River/River_1972.jpg,8
HerbaceousVegetation/HerbaceousVegetation_1650.jpg,2
Pasture/Pasture_1914.jpg,5
River/River_862.jpg,8
Pasture/Pasture_889.jpg,5
Industrial/Industrial_1301.jpg,4
PermanentCrop/PermanentCrop_778.jpg,6
AnnualCrop/AnnualCrop_894.jpg,0
SeaLake/SeaLake_2333.jpg,9
HerbaceousVegetation/HerbaceousVegetation_1653.jpg,2
HerbaceousVegetation/HerbaceousVegetation_1361.jpg,2
PermanentCrop/PermanentCrop_1368.jpg,6
Highway/Highway_741.jpg,3
River/River_1092.jpg,8
Industrial/Industrial_787.jpg,4
SeaLake/SeaLake_281.jpg,9
HerbaceousVegetation/HerbaceousVegetation_332.jpg,2
Residential/Residential_1415.jpg,7
River/River_2153.jpg,8
Residential/Residential_505.jpg,7
AnnualCrop/AnnualCrop_1934.jpg,0
PermanentCrop/PermanentCrop_1217.jpg,6
Residential/Residential_42.jpg,7
Highway/Highway_508.jpg,3
Residential/Residential_2446.jpg,7
Industrial/Industrial_2217.jpg,4
Residential/Residential_413.jpg,7
Residential/Residential_2211.jpg,7
Pasture/Pasture_908.jpg,5
HerbaceousVegetation/HerbaceousVegetation_93.jpg,2
River/River_1763.jpg,8
Pasture/Pasture_515.jpg,5
Industrial/Industrial_888.jpg,4
Forest/Forest_230.jpg,1
Highway/Highway_566.jpg,3
Highway/Highway_1821.jpg,3
Pasture/Pasture_234.jpg,5
Forest/Forest_2563.jpg,1
PermanentCrop/PermanentCrop_501.jpg,6
SeaLake/SeaLake_2020.jpg,9
Forest/Forest_784.jpg,1
Pasture/Pasture_138.jpg,5
SeaLake/SeaLake_1052.jpg,9
Pasture/Pasture_1249.jpg,5
HerbaceousVegetation/HerbaceousVegetation_297.jpg,2
PermanentCrop/PermanentCrop_130.jpg,6
AnnualCrop/AnnualCrop_748.jpg,0
Residential/Residential_571.jpg,7
PermanentCrop/PermanentCrop_892.jpg,6
Highway/Highway_926.jpg,3
SeaLake/SeaLake_1557.jpg,9
SeaLake/SeaLake_2323.jpg,9
PermanentCrop/PermanentCrop_589.jpg,6
Forest/Forest_1032.jpg,1
Industrial/Industrial_2426.jpg,4
SeaLake/SeaLake_2510.jpg,9
Forest/Forest_388.jpg,1
Industrial/Industrial_2142.jpg,4
River/River_1748.jpg,8
Residential/Residential_2907.jpg,7
HerbaceousVegetation/HerbaceousVegetation_2235.jpg,2
AnnualCrop/AnnualCrop_1542.jpg,0
River/River_1597.jpg,8
Industrial/Industrial_1087.jpg,4
Industrial/Industrial_1617.jpg,4
PermanentCrop/PermanentCrop_2264.jpg,6
HerbaceousVegetation/HerbaceousVegetation_2176.jpg,2
HerbaceousVegetation/HerbaceousVegetation_1259.jpg,2
Pasture/Pasture_622.jpg,5
AnnualCrop/AnnualCrop_2993.jpg,0
HerbaceousVegetation/HerbaceousVegetation_1093.jpg,2
PermanentCrop/PermanentCrop_2212.jpg,6
AnnualCrop/AnnualCrop_2873.jpg,0
Highway/Highway_1389.jpg,3
Residential/Residential_2902.jpg,7
Residential/Residential_2569.jpg,7
Forest/Forest_268.jpg,1
Residential/Residential_224.jpg,7
Highway/Highway_2313.jpg,3
SeaLake/SeaLake_2434.jpg,9
PermanentCrop/PermanentCrop_1377.jpg,6
Residential/Residential_2256.jpg,7
AnnualCrop/AnnualCrop_1984.jpg,0
Residential/Residential_1772.jpg,7
SeaLake/SeaLake_745.jpg,9
Residential/Residential_2429.jpg,7
AnnualCrop/AnnualCrop_2669.jpg,0
HerbaceousVegetation/HerbaceousVegetation_2399.jpg,2
HerbaceousVegetation/HerbaceousVegetation_437.jpg,2
Industrial/Industrial_2488.jpg,4
AnnualCrop/AnnualCrop_2103.jpg,0
SeaLake/SeaLake_1374.jpg,9
SeaLake/SeaLake_2507.jpg,9
Highway/Highway_1898.jpg,3
River/River_713.jpg,8
Pasture/Pasture_1315.jpg,5
Residential/Residential_2266.jpg,7
Residential/Residential_1820.jpg,7
Forest/Forest_1242.jpg,1
AnnualCrop/AnnualCrop_2572.jpg,0
HerbaceousVegetation/HerbaceousVegetation_2869.jpg,2
River/River_1018.jpg,8
Highway/Highway_1204.jpg,3
River/River_1323.jpg,8
AnnualCrop/AnnualCrop_895.jpg,0
Industrial/Industrial_169.jpg,4
SeaLake/SeaLake_44.jpg,9
Residential/Residential_510.jpg,7
SeaLake/SeaLake_2326.jpg,9
Highway/Highway_1577.jpg,3
River/River_1112.jpg,8
Forest/Forest_309.jpg,1
Pasture/Pasture_1035.jpg,5
AnnualCrop/AnnualCrop_1585.jpg,0
Industrial/Industrial_597.jpg,4
Pasture/Pasture_1046.jpg,5
Forest/Forest_315.jpg,1
Forest/Forest_864.jpg,1
Industrial/Industrial_488.jpg,4
Industrial/Industrial_2390.jpg,4
Industrial/Industrial_2468.jpg,4
HerbaceousVegetation/HerbaceousVegetation_2568.jpg,2
River/River_699.jpg,8
Residential/Residential_1029.jpg,7
SeaLake/SeaLake_2487.jpg,9
AnnualCrop/AnnualCrop_996.jpg,0
HerbaceousVegetation/HerbaceousVegetation_2057.jpg,2
Industrial/Industrial_83.jpg,4
Pasture/Pasture_1762.jpg,5
Forest/Forest_1863.jpg,1
AnnualCrop/AnnualCrop_1849.jpg,0
Pasture/Pasture_301.jpg,5
AnnualCrop/AnnualCrop_2450.jpg,0
PermanentCrop/PermanentCrop_2338.jpg,6
Pasture/Pasture_76.jpg,5
Highway/Highway_1592.jpg,3
River/River_620.jpg,8
Residential/Residential_850.jpg,7
Forest/Forest_2672.jpg,1
River/River_2235.jpg,8
HerbaceousVegetation/HerbaceousVegetation_1759.jpg,2
Residential/Residential_1972.jpg,7
Highway/Highway_1843.jpg,3
Highway/Highway_290.jpg,3
River/River_638.jpg,8
Industrial/Industrial_1949.jpg,4
River/River_2453.jpg,8
SeaLake/SeaLake_1699.jpg,9
River/River_420.jpg,8
HerbaceousVegetation/HerbaceousVegetation_1165.jpg,2
HerbaceousVegetation/HerbaceousVegetation_577.jpg,2
Industrial/Industrial_2252.jpg,4
HerbaceousVegetation/HerbaceousVegetation_2072.jpg,2
Residential/Residential_1421.jpg,7
SeaLake/SeaLake_456.jpg,9
SeaLake/SeaLake_2283.jpg,9
Highway/Highway_547.jpg,3
River/River_1273.jpg,8
SeaLake/SeaLake_481.jpg,9
SeaLake/SeaLake_311.jpg,9
Forest/Forest_1639.jpg,1
AnnualCrop/AnnualCrop_345.jpg,0
River/River_1659.jpg,8
Highway/Highway_1616.jpg,3
HerbaceousVegetation/HerbaceousVegetation_589.jpg,2
Highway/Highway_2233.jpg,3
Forest/Forest_1052.jpg,1
HerbaceousVegetation/HerbaceousVegetation_452.jpg,2
SeaLake/SeaLake_913.jpg,9
HerbaceousVegetation/HerbaceousVegetation_2293.jpg,2
Industrial/Industrial_1107.jpg,4
PermanentCrop/PermanentCrop_1998.jpg,6
Forest/Forest_2383.jpg,1
AnnualCrop/AnnualCrop_1428.jpg,0
AnnualCrop/AnnualCrop_316.jpg,0
Highway/Highway_1332.jpg,3
Forest/Forest_641.jpg,1
SeaLake/SeaLake_1788.jpg,9
SeaLake/SeaLake_2650.jpg,9
Pasture/Pasture_27.jpg,5
Pasture/Pasture_436.jpg,5
Industrial/Industrial_2223.jpg,4
Industrial/Industrial_1410.jpg,4
PermanentCrop/PermanentCrop_107.jpg,6
Pasture/Pasture_516.jpg,5
SeaLake/SeaLake_687.jpg,9
SeaLake/SeaLake_1215.jpg,9
PermanentCrop/PermanentCrop_1821.jpg,6
Forest/Forest_689.jpg,1
Residential/Residential_2118.jpg,7
PermanentCrop/PermanentCrop_2355.jpg,6
Industrial/Industrial_121.jpg,4
Industrial/Industrial_1515.jpg,4
Forest/Forest_1004.jpg,1
AnnualCrop/AnnualCrop_210.jpg,0
River/River_891.jpg,8
Pasture/Pasture_412.jpg,5
Industrial/Industrial_1634.jpg,4
Residential/Residential_2975.jpg,7
Pasture/Pasture_1147.jpg,5
HerbaceousVegetation/HerbaceousVegetation_2880.jpg,2
SeaLake/SeaLake_2285.jpg,9
AnnualCrop/AnnualCrop_200.jpg,0
Highway/Highway_1205.jpg,3
SeaLake/SeaLake_1838.jpg,9
AnnualCrop/AnnualCrop_766.jpg,0
Pasture/Pasture_1589.jpg,5
PermanentCrop/PermanentCrop_1921.jpg,6
HerbaceousVegetation/HerbaceousVegetation_321.jpg,2
SeaLake/SeaLake_1766.jpg,9
SeaLake/SeaLake_515.jpg,9
Forest/Forest_1522.jpg,1
SeaLake/SeaLake_955.jpg,9
Forest/Forest_1157.jpg,1
Industrial/Industrial_928.jpg,4
Industrial/Industrial_1156.jpg,4
AnnualCrop/AnnualCrop_2214.jpg,0
SeaLake/SeaLake_2015.jpg,9
Forest/Forest_1198.jpg,1
Forest/Forest_225.jpg,1
River/River_274.jpg,8
Forest/Forest_749.jpg,1
Forest/Forest_638.jpg,1
Industrial/Industrial_975.jpg,4
PermanentCrop/PermanentCrop_90.jpg,6
Industrial/Industrial_413.jpg,4
Pasture/Pasture_1014.jpg,5
Forest/Forest_848.jpg,1
PermanentCrop/PermanentCrop_126.jpg,6
HerbaceousVegetation/HerbaceousVegetation_1673.jpg,2
PermanentCrop/PermanentCrop_2132.jpg,6
HerbaceousVegetation/HerbaceousVegetation_1555.jpg,2
Forest/Forest_647.jpg,1
Pasture/Pasture_1741.jpg,5
Forest/Forest_2814.jpg,1
PermanentCrop/PermanentCrop_1312.jpg,6
Forest/Forest_19.jpg,1
Residential/Residential_69.jpg,7
AnnualCrop/AnnualCrop_1377.jpg,0
HerbaceousVegetation/HerbaceousVegetation_52.jpg,2
River/River_1067.jpg,8
Pasture/Pasture_10.jpg,5
Residential/Residential_90.jpg,7
HerbaceousVegetation/HerbaceousVegetation_597.jpg,2
Pasture/Pasture_1650.jpg,5
Forest/Forest_1468.jpg,1
PermanentCrop/PermanentCrop_932.jpg,6
SeaLake/SeaLake_475.jpg,9
Pasture/Pasture_383.jpg,5
Forest/Forest_1450.jpg,1
Residential/Residential_138.jpg,7
Forest/Forest_659.jpg,1
AnnualCrop/AnnualCrop_2732.jpg,0
Forest/Forest_278.jpg,1
AnnualCrop/AnnualCrop_2219.jpg,0
Forest/Forest_2301.jpg,1
PermanentCrop/PermanentCrop_1039.jpg,6
Residential/Residential_759.jpg,7
Industrial/Industrial_307.jpg,4
Forest/Forest_1827.jpg,1
Pasture/Pasture_1985.jpg,5
AnnualCrop/AnnualCrop_2388.jpg,0
PermanentCrop/PermanentCrop_2074.jpg,6
River/River_2385.jpg,8
HerbaceousVegetation/HerbaceousVegetation_933.jpg,2
PermanentCrop/PermanentCrop_1403.jpg,6
River/River_804.jpg,8
HerbaceousVegetation/HerbaceousVegetation_830.jpg,2
AnnualCrop/AnnualCrop_1039.jpg,0
PermanentCrop/PermanentCrop_1209.jpg,6
HerbaceousVegetation/HerbaceousVegetation_1846.jpg,2
PermanentCrop/PermanentCrop_1475.jpg,6
AnnualCrop/AnnualCrop_2249.jpg,0
Pasture/Pasture_814.jpg,5
AnnualCrop/AnnualCrop_1676.jpg,0
River/River_2187.jpg,8
Highway/Highway_1327.jpg,3
HerbaceousVegetation/HerbaceousVegetation_1280.jpg,2
Residential/Residential_1124.jpg,7
River/River_256.jpg,8
River/River_439.jpg,8
SeaLake/SeaLake_2600.jpg,9
AnnualCrop/AnnualCrop_2206.jpg,0
AnnualCrop/AnnualCrop_2521.jpg,0
Pasture/Pasture_1357.jpg,5
SeaLake/SeaLake_2793.jpg,9
SeaLake/SeaLake_2308.jpg,9
Forest/Forest_595.jpg,1
AnnualCrop/AnnualCrop_1956.jpg,0
River/River_1113.jpg,8
Pasture/Pasture_574.jpg,5
Residential/Residential_2224.jpg,7
Forest/Forest_1559.jpg,1
SeaLake/SeaLake_91.jpg,9
PermanentCrop/PermanentCrop_1526.jpg,6
River/River_1690.jpg,8
Forest/Forest_1251.jpg,1
Pasture/Pasture_287.jpg,5
Pasture/Pasture_1718.jpg,5
SeaLake/SeaLake_2997.jpg,9
PermanentCrop/PermanentCrop_1251.jpg,6
PermanentCrop/PermanentCrop_2427.jpg,6
AnnualCrop/AnnualCrop_413.jpg,0
SeaLake/SeaLake_2497.jpg,9
Industrial/Industrial_479.jpg,4
HerbaceousVegetation/HerbaceousVegetation_300.jpg,2
AnnualCrop/AnnualCrop_2147.jpg,0
AnnualCrop/AnnualCrop_2498.jpg,0
Pasture/Pasture_196.jpg,5
Forest/Forest_2577.jpg,1
PermanentCrop/PermanentCrop_1591.jpg,6
HerbaceousVegetation/HerbaceousVegetation_884.jpg,2
Forest/Forest_1210.jpg,1
River/River_2300.jpg,8
AnnualCrop/AnnualCrop_2056.jpg,0
Industrial/Industrial_1827.jpg,4
HerbaceousVegetation/HerbaceousVegetation_2480.jpg,2
SeaLake/SeaLake_1523.jpg,9
SeaLake/SeaLake_151.jpg,9
Forest/Forest_2460.jpg,1
River/River_910.jpg,8
Industrial/Industrial_271.jpg,4
Forest/Forest_788.jpg,1
Industrial/Industrial_1510.jpg,4
AnnualCrop/AnnualCrop_1525.jpg,0
PermanentCrop/PermanentCrop_2126.jpg,6
HerbaceousVegetation/HerbaceousVegetation_2100.jpg,2
Residential/Residential_1923.jpg,7
River/River_2170.jpg,8
Highway/Highway_692.jpg,3
River/River_37.jpg,8
Pasture/Pasture_760.jpg,5
AnnualCrop/AnnualCrop_1991.jpg,0
SeaLake/SeaLake_32.jpg,9
Residential/Residential_348.jpg,7
AnnualCrop/AnnualCrop_1146.jpg,0
SeaLake/SeaLake_2612.jpg,9
AnnualCrop/AnnualCrop_1244.jpg,0
AnnualCrop/AnnualCrop_2754.jpg,0
Industrial/Industrial_2400.jpg,4
PermanentCrop/PermanentCrop_1560.jpg,6
Forest/Forest_218.jpg,1
AnnualCrop/AnnualCrop_1223.jpg,0
Residential/Residential_2892.jpg,7
Forest/Forest_1042.jpg,1
Forest/Forest_1942.jpg,1
Residential/Residential_1482.jpg,7
SeaLake/SeaLake_1530.jpg,9
Highway/Highway_383.jpg,3
SeaLake/SeaLake_2091.jpg,9
PermanentCrop/PermanentCrop_877.jpg,6
Industrial/Industrial_1388.jpg,4
AnnualCrop/AnnualCrop_820.jpg,0
Pasture/Pasture_1825.jpg,5
Residential/Residential_1081.jpg,7
Forest/Forest_634.jpg,1
Forest/Forest_1842.jpg,1
HerbaceousVegetation/HerbaceousVegetation_2676.jpg,2
River/River_1830.jpg,8
Residential/Residential_431.jpg,7
River/River_1321.jpg,8
PermanentCrop/PermanentCrop_2250.jpg,6
PermanentCrop/PermanentCrop_610.jpg,6
Highway/Highway_997.jpg,3
Highway/Highway_1068.jpg,3
Industrial/Industrial_776.jpg,4
SeaLake/SeaLake_630.jpg,9
Residential/Residential_2618.jpg,7
Forest/Forest_2922.jpg,1
AnnualCrop/AnnualCrop_1023.jpg,0
Residential/Residential_2927.jpg,7
Highway/Highway_1152.jpg,3
Residential/Residential_2942.jpg,7
SeaLake/SeaLake_617.jpg,9
Forest/Forest_181.jpg,1
SeaLake/SeaLake_2619.jpg,9
SeaLake/SeaLake_1090.jpg,9
AnnualCrop/AnnualCrop_2017.jpg,0
River/River_1269.jpg,8
River/River_343.jpg,8
AnnualCrop/AnnualCrop_2530.jpg,0
AnnualCrop/AnnualCrop_2104.jpg,0
Forest/Forest_364.jpg,1
SeaLake/SeaLake_1590.jpg,9
SeaLake/SeaLake_2456.jpg,9
Highway/Highway_732.jpg,3
Residential/Residential_1511.jpg,7
SeaLake/SeaLake_2981.jpg,9
Industrial/Industrial_1312.jpg,4
HerbaceousVegetation/HerbaceousVegetation_1299.jpg,2
SeaLake/SeaLake_1153.jpg,9
Pasture/Pasture_506.jpg,5
River/River_617.jpg,8
PermanentCrop/PermanentCrop_761.jpg,6
Residential/Residential_1345.jpg,7
PermanentCrop/PermanentCrop_1401.jpg,6
Industrial/Industrial_226.jpg,4
SeaLake/SeaLake_2591.jpg,9
Forest/Forest_2503.jpg,1
Industrial/Industrial_1777.jpg,4
AnnualCrop/AnnualCrop_1865.jpg,0
Industrial/Industrial_25.jpg,4
River/River_1717.jpg,8
Industrial/Industrial_603.jpg,4
AnnualCrop/AnnualCrop_2703.jpg,0
Forest/Forest_1762.jpg,1
Forest/Forest_889.jpg,1
Pasture/Pasture_439.jpg,5
SeaLake/SeaLake_144.jpg,9
Forest/Forest_2053.jpg,1
Residential/Residential_1932.jpg,7
Residential/Residential_2301.jpg,7
HerbaceousVegetation/HerbaceousVegetation_1622.jpg,2
PermanentCrop/PermanentCrop_1053.jpg,6
SeaLake/SeaLake_294.jpg,9
Forest/Forest_2988.jpg,1
SeaLake/SeaLake_787.jpg,9
AnnualCrop/AnnualCrop_1813.jpg,0
Forest/Forest_437.jpg,1
HerbaceousVegetation/HerbaceousVegetation_422.jpg,2
Residential/Residential_1819.jpg,7
SeaLake/SeaLake_1627.jpg,9
Residential/Residential_2196.jpg,7
Pasture/Pasture_1051.jpg,5
Residential/Residential_805.jpg,7
SeaLake/SeaLake_2302.jpg,9
HerbaceousVegetation/HerbaceousVegetation_1502.jpg,2
Forest/Forest_2270.jpg,1
HerbaceousVegetation/HerbaceousVegetation_1674.jpg,2
Forest/Forest_1465.jpg,1
Highway/Highway_839.jpg,3
Industrial/Industrial_945.jpg,4
Forest/Forest_1115.jpg,1
Residential/Residential_1569.jpg,7
Residential/Residential_2896.jpg,7
River/River_1123.jpg,8
SeaLake/SeaLake_1468.jpg,9
HerbaceousVegetation/HerbaceousVegetation_1513.jpg,2
Industrial/Industrial_1075.jpg,4
Highway/Highway_892.jpg,3
PermanentCrop/PermanentCrop_1327.jpg,6
Forest/Forest_513.jpg,1
Residential/Residential_2785.jpg,7
Highway/Highway_586.jpg,3
AnnualCrop/AnnualCrop_2424.jpg,0
Pasture/Pasture_448.jpg,5
PermanentCrop/PermanentCrop_2313.jpg,6
River/River_1866.jpg,8
HerbaceousVegetation/HerbaceousVegetation_2826.jpg,2
SeaLake/SeaLake_550.jpg,9
Forest/Forest_90.jpg,1
HerbaceousVegetation/HerbaceousVegetation_246.jpg,2
Highway/Highway_139.jpg,3
Highway/Highway_2391.jpg,3
Pasture/Pasture_899.jpg,5
Industrial/Industrial_1395.jpg,4
Industrial/Industrial_1402.jpg,4
PermanentCrop/PermanentCrop_1674.jpg,6
Pasture/Pasture_1453.jpg,5
Pasture/Pasture_625.jpg,5
SeaLake/SeaLake_2681.jpg,9
Forest/Forest_2527.jpg,1
Forest/Forest_1893.jpg,1
Forest/Forest_2373.jpg,1
HerbaceousVegetation/HerbaceousVegetation_1566.jpg,2
Forest/Forest_2725.jpg,1
Industrial/Industrial_2420.jpg,4
Residential/Residential_1226.jpg,7
River/River_2250.jpg,8
Pasture/Pasture_1621.jpg,5
SeaLake/SeaLake_2587.jpg,9
HerbaceousVegetation/HerbaceousVegetation_1937.jpg,2
Highway/Highway_2167.jpg,3
Residential/Residential_1240.jpg,7
Industrial/Industrial_1647.jpg,4
Highway/Highway_1214.jpg,3
Residential/Residential_541.jpg,7
HerbaceousVegetation/HerbaceousVegetation_2996.jpg,2
River/River_440.jpg,8
SeaLake/SeaLake_2910.jpg,9
AnnualCrop/AnnualCrop_261.jpg,0
HerbaceousVegetation/HerbaceousVegetation_1868.jpg,2
HerbaceousVegetation/HerbaceousVegetation_2783.jpg,2
HerbaceousVegetation/HerbaceousVegetation_1705.jpg,2
SeaLake/SeaLake_1074.jpg,9
HerbaceousVegetation/HerbaceousVegetation_2615.jpg,2
HerbaceousVegetation/HerbaceousVegetation_2114.jpg,2
HerbaceousVegetation/HerbaceousVegetation_444.jpg,2
Industrial/Industrial_222.jpg,4
Pasture/Pasture_1106.jpg,5
Forest/Forest_1637.jpg,1
Forest/Forest_1105.jpg,1
Highway/Highway_2405.jpg,3
Residential/Residential_1834.jpg,7
Pasture/Pasture_1151.jpg,5
Forest/Forest_2050.jpg,1
AnnualCrop/AnnualCrop_1911.jpg,0
Industrial/Industrial_236.jpg,4
HerbaceousVegetation/HerbaceousVegetation_704.jpg,2
Forest/Forest_1731.jpg,1
River/River_688.jpg,8
Residential/Residential_261.jpg,7
AnnualCrop/AnnualCrop_2331.jpg,0
PermanentCrop/PermanentCrop_1662.jpg,6
PermanentCrop/PermanentCrop_1905.jpg,6
AnnualCrop/AnnualCrop_983.jpg,0
River/River_408.jpg,8
Industrial/Industrial_2120.jpg,4
Residential/Residential_2124.jpg,7
River/River_1654.jpg,8
SeaLake/SeaLake_1965.jpg,9
PermanentCrop/PermanentCrop_1043.jpg,6
HerbaceousVegetation/HerbaceousVegetation_428.jpg,2
PermanentCrop/PermanentCrop_1586.jpg,6
Residential/Residential_1726.jpg,7
Residential/Residential_2965.jpg,7
Industrial/Industrial_368.jpg,4
AnnualCrop/AnnualCrop_472.jpg,0
Highway/Highway_2200.jpg,3
Industrial/Industrial_552.jpg,4
Forest/Forest_2148.jpg,1
AnnualCrop/AnnualCrop_1926.jpg,0
Industrial/Industrial_502.jpg,4
AnnualCrop/AnnualCrop_825.jpg,0
AnnualCrop/AnnualCrop_183.jpg,0
River/River_323.jpg,8
Industrial/Industrial_1088.jpg,4
Highway/Highway_349.jpg,3
Forest/Forest_1933.jpg,1
Residential/Residential_149.jpg,7
Industrial/Industrial_1246.jpg,4
Industrial/Industrial_1683.jpg,4
PermanentCrop/PermanentCrop_85.jpg,6
Pasture/Pasture_1197.jpg,5
Highway/Highway_1251.jpg,3
River/River_1206.jpg,8
Forest/Forest_1290.jpg,1
Industrial/Industrial_999.jpg,4
Forest/Forest_610.jpg,1
Industrial/Industrial_299.jpg,4
Residential/Residential_2027.jpg,7
Residential/Residential_2430.jpg,7
SeaLake/SeaLake_1005.jpg,9
Pasture/Pasture_1006.jpg,5
AnnualCrop/AnnualCrop_1334.jpg,0
SeaLake/SeaLake_2470.jpg,9
HerbaceousVegetation/HerbaceousVegetation_1040.jpg,2
River/River_351.jpg,8
Pasture/Pasture_1123.jpg,5
HerbaceousVegetation/HerbaceousVegetation_1239.jpg,2
SeaLake/SeaLake_2217.jpg,9
Industrial/Industrial_2467.jpg,4
Highway/Highway_778.jpg,3
HerbaceousVegetation/HerbaceousVegetation_1476.jpg,2
Forest/Forest_2357.jpg,1
AnnualCrop/AnnualCrop_873.jpg,0
Pasture/Pasture_1773.jpg,5
Residential/Residential_742.jpg,7
Forest/Forest_1331.jpg,1
SeaLake/SeaLake_150.jpg,9
SeaLake/SeaLake_795.jpg,9
River/River_2109.jpg,8
Residential/Residential_2328.jpg,7
Residential/Residential_1946.jpg,7
Forest/Forest_880.jpg,1
River/River_764.jpg,8
Highway/Highway_1112.jpg,3
SeaLake/SeaLake_247.jpg,9
PermanentCrop/PermanentCrop_687.jpg,6
AnnualCrop/AnnualCrop_1886.jpg,0
Residential/Residential_1740.jpg,7
Forest/Forest_1781.jpg,1
HerbaceousVegetation/HerbaceousVegetation_2425.jpg,2
AnnualCrop/AnnualCrop_1378.jpg,0
HerbaceousVegetation/HerbaceousVegetation_2930.jpg,2
Highway/Highway_1943.jpg,3
Residential/Residential_811.jpg,7
SeaLake/SeaLake_2412.jpg,9
Industrial/Industrial_686.jpg,4
AnnualCrop/AnnualCrop_351.jpg,0
AnnualCrop/AnnualCrop_1409.jpg,0
River/River_333.jpg,8
Industrial/Industrial_1747.jpg,4
HerbaceousVegetation/HerbaceousVegetation_1390.jpg,2
SeaLake/SeaLake_618.jpg,9
Residential/Residential_1043.jpg,7
AnnualCrop/AnnualCrop_826.jpg,0
Residential/Residential_2006.jpg,7
Forest/Forest_2221.jpg,1
AnnualCrop/AnnualCrop_2781.jpg,0
Pasture/Pasture_394.jpg,5
Industrial/Industrial_2275.jpg,4
Pasture/Pasture_1459.jpg,5
Pasture/Pasture_703.jpg,5
HerbaceousVegetation/HerbaceousVegetation_1321.jpg,2
HerbaceousVegetation/HerbaceousVegetation_1287.jpg,2
Industrial/Industrial_1583.jpg,4
Forest/Forest_493.jpg,1
AnnualCrop/AnnualCrop_1308.jpg,0
River/River_594.jpg,8
River/River_978.jpg,8
PermanentCrop/PermanentCrop_1013.jpg,6
AnnualCrop/AnnualCrop_2145.jpg,0
AnnualCrop/AnnualCrop_2801.jpg,0
AnnualCrop/AnnualCrop_1024.jpg,0
River/River_1843.jpg,8
Highway/Highway_2267.jpg,3
Highway/Highway_1651.jpg,3
Industrial/Industrial_981.jpg,4
SeaLake/SeaLake_2244.jpg,9
Pasture/Pasture_154.jpg,5
AnnualCrop/AnnualCrop_27.jpg,0
PermanentCrop/PermanentCrop_425.jpg,6
AnnualCrop/AnnualCrop_2487.jpg,0
Forest/Forest_847.jpg,1
Forest/Forest_300.jpg,1
SeaLake/SeaLake_2805.jpg,9
River/River_1541.jpg,8
Pasture/Pasture_903.jpg,5
Industrial/Industrial_178.jpg,4
SeaLake/SeaLake_2298.jpg,9
SeaLake/SeaLake_299.jpg,9
SeaLake/SeaLake_2474.jpg,9
Pasture/Pasture_1805.jpg,5
River/River_1992.jpg,8
Industrial/Industrial_610.jpg,4
Forest/Forest_1864.jpg,1
HerbaceousVegetation/HerbaceousVegetation_2972.jpg,2
River/River_981.jpg,8
Highway/Highway_2272.jpg,3
PermanentCrop/PermanentCrop_1819.jpg,6
PermanentCrop/PermanentCrop_1950.jpg,6
Forest/Forest_270.jpg,1
River/River_2248.jpg,8
AnnualCrop/AnnualCrop_245.jpg,0
PermanentCrop/PermanentCrop_858.jpg,6
SeaLake/SeaLake_2796.jpg,9
Forest/Forest_1308.jpg,1
SeaLake/SeaLake_2516.jpg,9
River/River_1725.jpg,8
Pasture/Pasture_1587.jpg,5
SeaLake/SeaLake_1354.jpg,9
HerbaceousVegetation/HerbaceousVegetation_2291.jpg,2
SeaLake/SeaLake_66.jpg,9
SeaLake/SeaLake_1823.jpg,9
Industrial/Industrial_203.jpg,4
Residential/Residential_291.jpg,7
Pasture/Pasture_1560.jpg,5
AnnualCrop/AnnualCrop_237.jpg,0
HerbaceousVegetation/HerbaceousVegetation_2373.jpg,2
Forest/Forest_778.jpg,1
HerbaceousVegetation/HerbaceousVegetation_944.jpg,2
Residential/Residential_1305.jpg,7
Highway/Highway_2214.jpg,3
River/River_431.jpg,8
River/River_697.jpg,8
PermanentCrop/PermanentCrop_1420.jpg,6
SeaLake/SeaLake_1086.jpg,9
Residential/Residential_1568.jpg,7
Industrial/Industrial_1211.jpg,4
Residential/Residential_1475.jpg,7
Industrial/Industrial_1131.jpg,4
River/River_386.jpg,8
PermanentCrop/PermanentCrop_416.jpg,6
Forest/Forest_2483.jpg,1
Industrial/Industrial_2302.jpg,4
Forest/Forest_282.jpg,1
Residential/Residential_2787.jpg,7
SeaLake/SeaLake_259.jpg,9
SeaLake/SeaLake_284.jpg,9
Forest/Forest_2683.jpg,1
Residential/Residential_661.jpg,7
Industrial/Industrial_1655.jpg,4
Industrial/Industrial_1013.jpg,4
Highway/Highway_359.jpg,3
HerbaceousVegetation/HerbaceousVegetation_2599.jpg,2
River/River_1410.jpg,8
Forest/Forest_1091.jpg,1
HerbaceousVegetation/HerbaceousVegetation_2082.jpg,2
AnnualCrop/AnnualCrop_69.jpg,0
SeaLake/SeaLake_905.jpg,9
SeaLake/SeaLake_2332.jpg,9
Highway/Highway_451.jpg,3
Residential/Residential_1995.jpg,7
Residential/Residential_1749.jpg,7
PermanentCrop/PermanentCrop_2500.jpg,6
Forest/Forest_2254.jpg,1
HerbaceousVegetation/HerbaceousVegetation_66.jpg,2
Industrial/Industrial_68.jpg,4
AnnualCrop/AnnualCrop_1879.jpg,0
River/River_2228.jpg,8
River/River_1680.jpg,8
Industrial/Industrial_2282.jpg,4
Forest/Forest_2880.jpg,1
AnnualCrop/AnnualCrop_1324.jpg,0
AnnualCrop/AnnualCrop_2642.jpg,0
SeaLake/SeaLake_280.jpg,9
HerbaceousVegetation/HerbaceousVegetation_1057.jpg,2
Highway/Highway_1813.jpg,3
HerbaceousVegetation/HerbaceousVegetation_412.jpg,2
Forest/Forest_2659.jpg,1
SeaLake/SeaLake_2340.jpg,9
Industrial/Industrial_1486.jpg,4
Forest/Forest_308.jpg,1
PermanentCrop/PermanentCrop_727.jpg,6
Highway/Highway_2491.jpg,3
PermanentCrop/PermanentCrop_591.jpg,6
AnnualCrop/AnnualCrop_1127.jpg,0
Industrial/Industrial_583.jpg,4
Forest/Forest_1005.jpg,1
Highway/Highway_843.jpg,3
Residential/Residential_545.jpg,7
SeaLake/SeaLake_2016.jpg,9
Residential/Residential_2001.jpg,7
Industrial/Industrial_1452.jpg,4
HerbaceousVegetation/HerbaceousVegetation_81.jpg,2
Pasture/Pasture_523.jpg,5
River/River_2407.jpg,8
SeaLake/SeaLake_2041.jpg,9
AnnualCrop/AnnualCrop_2999.jpg,0
Forest/Forest_2089.jpg,1
Pasture/Pasture_1725.jpg,5
Residential/Residential_990.jpg,7
PermanentCrop/PermanentCrop_2286.jpg,6
AnnualCrop/AnnualCrop_1415.jpg,0
Industrial/Industrial_147.jpg,4
Forest/Forest_1226.jpg,1
Forest/Forest_2119.jpg,1
Residential/Residential_1327.jpg,7
HerbaceousVegetation/HerbaceousVegetation_833.jpg,2
Industrial/Industrial_1984.jpg,4
HerbaceousVegetation/HerbaceousVegetation_2772.jpg,2
HerbaceousVegetation/HerbaceousVegetation_1795.jpg,2
Forest/Forest_1657.jpg,1
AnnualCrop/AnnualCrop_1073.jpg,0
SeaLake/SeaLake_2240.jpg,9
PermanentCrop/PermanentCrop_167.jpg,6
AnnualCrop/AnnualCrop_636.jpg,0
River/River_822.jpg,8
PermanentCrop/PermanentCrop_566.jpg,6
Highway/Highway_765.jpg,3
Forest/Forest_2417.jpg,1
Forest/Forest_2758.jpg,1
Residential/Residential_2439.jpg,7
Industrial/Industrial_1488.jpg,4
HerbaceousVegetation/HerbaceousVegetation_1448.jpg,2
Residential/Residential_840.jpg,7
AnnualCrop/AnnualCrop_2987.jpg,0
Forest/Forest_1480.jpg,1
River/River_1048.jpg,8
PermanentCrop/PermanentCrop_93.jpg,6
Forest/Forest_1023.jpg,1
AnnualCrop/AnnualCrop_2789.jpg,0
SeaLake/SeaLake_30.jpg,9
Highway/Highway_1707.jpg,3
SeaLake/SeaLake_1308.jpg,9
Residential/Residential_1763.jpg,7
Forest/Forest_92.jpg,1
PermanentCrop/PermanentCrop_738.jpg,6
HerbaceousVegetation/HerbaceousVegetation_2272.jpg,2
HerbaceousVegetation/HerbaceousVegetation_2634.jpg,2
Pasture/Pasture_1688.jpg,5
Highway/Highway_969.jpg,3
HerbaceousVegetation/HerbaceousVegetation_1490.jpg,2
AnnualCrop/AnnualCrop_2768.jpg,0
Industrial/Industrial_2192.jpg,4
PermanentCrop/PermanentCrop_1450.jpg,6
PermanentCrop/PermanentCrop_1180.jpg,6
Highway/Highway_711.jpg,3
SeaLake/SeaLake_2489.jpg,9
Industrial/Industrial_2281.jpg,4
Highway/Highway_1268.jpg,3
AnnualCrop/AnnualCrop_157.jpg,0
Residential/Residential_1220.jpg,7
River/River_320.jpg,8
River/River_2461.jpg,8
Highway/Highway_1672.jpg,3
AnnualCrop/AnnualCrop_2209.jpg,0
AnnualCrop/AnnualCrop_378.jpg,0
SeaLake/SeaLake_1466.jpg,9
Industrial/Industrial_1791.jpg,4
AnnualCrop/AnnualCrop_511.jpg,0
HerbaceousVegetation/HerbaceousVegetation_775.jpg,2
PermanentCrop/PermanentCrop_588.jpg,6
AnnualCrop/AnnualCrop_185.jpg,0
Highway/Highway_2500.jpg,3
River/River_147.jpg,8
PermanentCrop/PermanentCrop_1074.jpg,6
River/River_2450.jpg,8
PermanentCrop/PermanentCrop_571.jpg,6
HerbaceousVegetation/HerbaceousVegetation_1578.jpg,2
Forest/Forest_2662.jpg,1
HerbaceousVegetation/HerbaceousVegetation_26.jpg,2
AnnualCrop/AnnualCrop_1502.jpg,0
Residential/Residential_882.jpg,7
Residential/Residential_2576.jpg,7
Residential/Residential_1309.jpg,7
Forest/Forest_2575.jpg,1
SeaLake/SeaLake_2896.jpg,9
HerbaceousVegetation/HerbaceousVegetation_777.jpg,2
Highway/Highway_1073.jpg,3
SeaLake/SeaLake_2473.jpg,9
Highway/Highway_471.jpg,3
Pasture/Pasture_1158.jpg,5
River/River_411.jpg,8
Pasture/Pasture_391.jpg,5
Forest/Forest_276.jpg,1
PermanentCrop/PermanentCrop_1490.jpg,6
SeaLake/SeaLake_1631.jpg,9
HerbaceousVegetation/HerbaceousVegetation_2507.jpg,2
Residential/Residential_2038.jpg,7
Highway/Highway_462.jpg,3
Residential/Residential_2052.jpg,7
SeaLake/SeaLake_1925.jpg,9
Residential/Residential_2957.jpg,7
SeaLake/SeaLake_1002.jpg,9
River/River_2484.jpg,8
Industrial/Industrial_431.jpg,4
Residential/Residential_824.jpg,7
SeaLake/SeaLake_831.jpg,9
Pasture/Pasture_998.jpg,5
SeaLake/SeaLake_973.jpg,9
Forest/Forest_524.jpg,1
AnnualCrop/AnnualCrop_2719.jpg,0
Forest/Forest_697.jpg,1
SeaLake/SeaLake_1550.jpg,9
HerbaceousVegetation/HerbaceousVegetation_1815.jpg,2
Forest/Forest_2322.jpg,1
Highway/Highway_442.jpg,3
HerbaceousVegetation/HerbaceousVegetation_823.jpg,2
River/River_1229.jpg,8
AnnualCrop/AnnualCrop_2643.jpg,0
SeaLake/SeaLake_1615.jpg,9
River/River_2145.jpg,8
AnnualCrop/AnnualCrop_2296.jpg,0
AnnualCrop/AnnualCrop_761.jpg,0
Pasture/Pasture_1081.jpg,5
SeaLake/SeaLake_1988.jpg,9
SeaLake/SeaLake_2366.jpg,9
SeaLake/SeaLake_736.jpg,9
Highway/Highway_848.jpg,3
River/River_1445.jpg,8
Forest/Forest_2530.jpg,1
PermanentCrop/PermanentCrop_1038.jpg,6
SeaLake/SeaLake_1359.jpg,9
SeaLake/SeaLake_466.jpg,9
SeaLake/SeaLake_2152.jpg,9
SeaLake/SeaLake_541.jpg,9
Pasture/Pasture_462.jpg,5
Pasture/Pasture_1616.jpg,5
Highway/Highway_1283.jpg,3
Highway/Highway_575.jpg,3
Residential/Residential_1541.jpg,7
Industrial/Industrial_2324.jpg,4
SeaLake/SeaLake_2953.jpg,9
Highway/Highway_2489.jpg,3
Industrial/Industrial_608.jpg,4
SeaLake/SeaLake_2255.jpg,9
AnnualCrop/AnnualCrop_1916.jpg,0
Forest/Forest_2690.jpg,1
HerbaceousVegetation/HerbaceousVegetation_1608.jpg,2
River/River_2308.jpg,8
Highway/Highway_1158.jpg,3
Residential/Residential_1314.jpg,7
HerbaceousVegetation/HerbaceousVegetation_285.jpg,2
Forest/Forest_1650.jpg,1
AnnualCrop/AnnualCrop_626.jpg,0
SeaLake/SeaLake_667.jpg,9
SeaLake/SeaLake_1099.jpg,9
River/River_869.jpg,8
PermanentCrop/PermanentCrop_229.jpg,6
HerbaceousVegetation/HerbaceousVegetation_2090.jpg,2
PermanentCrop/PermanentCrop_1186.jpg,6
SeaLake/SeaLake_2228.jpg,9
PermanentCrop/PermanentCrop_1107.jpg,6
AnnualCrop/AnnualCrop_1401.jpg,0
AnnualCrop/AnnualCrop_367.jpg,0
PermanentCrop/PermanentCrop_1782.jpg,6
Industrial/Industrial_2397.jpg,4
River/River_780.jpg,8
River/River_2370.jpg,8
AnnualCrop/AnnualCrop_424.jpg,0
SeaLake/SeaLake_454.jpg,9
AnnualCrop/AnnualCrop_306.jpg,0
Forest/Forest_1008.jpg,1
River/River_178.jpg,8
Industrial/Industrial_1481.jpg,4
Residential/Residential_168.jpg,7
Forest/Forest_1309.jpg,1
HerbaceousVegetation/HerbaceousVegetation_298.jpg,2
Residential/Residential_1217.jpg,7
AnnualCrop/AnnualCrop_2928.jpg,0
Residential/Residential_267.jpg,7
HerbaceousVegetation/HerbaceousVegetation_2081.jpg,2
River/River_966.jpg,8
Industrial/Industrial_1561.jpg,4
HerbaceousVegetation/HerbaceousVegetation_34.jpg,2
Highway/Highway_885.jpg,3
AnnualCrop/AnnualCrop_153.jpg,0
Highway/Highway_1066.jpg,3
Residential/Residential_1895.jpg,7
Forest/Forest_1278.jpg,1
River/River_723.jpg,8
Forest/Forest_1028.jpg,1
Industrial/Industrial_673.jpg,4
Industrial/Industrial_119.jpg,4
River/River_382.jpg,8
Highway/Highway_842.jpg,3
SeaLake/SeaLake_58.jpg,9
Forest/Forest_2501.jpg,1
AnnualCrop/AnnualCrop_2911.jpg,0
River/River_1903.jpg,8
River/River_1656.jpg,8
River/River_1189.jpg,8
AnnualCrop/AnnualCrop_2378.jpg,0
Residential/Residential_2848.jpg,7
Industrial/Industrial_176.jpg,4
Forest/Forest_959.jpg,1
River/River_1882.jpg,8
Industrial/Industrial_1091.jpg,4
SeaLake/SeaLake_2693.jpg,9
HerbaceousVegetation/HerbaceousVegetation_1680.jpg,2
Forest/Forest_2697.jpg,1
SeaLake/SeaLake_273.jpg,9
Industrial/Industrial_2067.jpg,4
Highway/Highway_133.jpg,3
Pasture/Pasture_126.jpg,5
PermanentCrop/PermanentCrop_108.jpg,6
AnnualCrop/AnnualCrop_827.jpg,0
Industrial/Industrial_1980.jpg,4
SeaLake/SeaLake_460.jpg,9
Pasture/Pasture_1626.jpg,5
Forest/Forest_1086.jpg,1
SeaLake/SeaLake_516.jpg,9
Residential/Residential_1191.jpg,7
AnnualCrop/AnnualCrop_1022.jpg,0
Residential/Residential_2830.jpg,7
SeaLake/SeaLake_1232.jpg,9
Highway/Highway_321.jpg,3
Highway/Highway_1150.jpg,3
SeaLake/SeaLake_1676.jpg,9
Industrial/Industrial_1899.jpg,4
PermanentCrop/PermanentCrop_1810.jpg,6
Highway/Highway_456.jpg,3
SeaLake/SeaLake_1358.jpg,9
SeaLake/SeaLake_924.jpg,9
Forest/Forest_95.jpg,1
AnnualCrop/AnnualCrop_977.jpg,0
HerbaceousVegetation/HerbaceousVegetation_915.jpg,2
HerbaceousVegetation/HerbaceousVegetation_197.jpg,2
SeaLake/SeaLake_1244.jpg,9
HerbaceousVegetation/HerbaceousVegetation_1364.jpg,2
River/River_1976.jpg,8
Residential/Residential_2068.jpg,7
Forest/Forest_2777.jpg,1
Residential/Residential_2277.jpg,7
PermanentCrop/PermanentCrop_358.jpg,6
Industrial/Industrial_568.jpg,4
AnnualCrop/AnnualCrop_588.jpg,0
Residential/Residential_2579.jpg,7
AnnualCrop/AnnualCrop_1855.jpg,0
Industrial/Industrial_345.jpg,4
Forest/Forest_2299.jpg,1
Forest/Forest_2394.jpg,1
HerbaceousVegetation/HerbaceousVegetation_208.jpg,2
SeaLake/SeaLake_845.jpg,9
PermanentCrop/PermanentCrop_1383.jpg,6
Pasture/Pasture_353.jpg,5
PermanentCrop/PermanentCrop_989.jpg,6
Residential/Residential_2425.jpg,7
Industrial/Industrial_262.jpg,4
AnnualCrop/AnnualCrop_1313.jpg,0
PermanentCrop/PermanentCrop_1352.jpg,6
HerbaceousVegetation/HerbaceousVegetation_1472.jpg,2
PermanentCrop/PermanentCrop_201.jpg,6
AnnualCrop/AnnualCrop_2336.jpg,0
Residential/Residential_969.jpg,7
Pasture/Pasture_1889.jpg,5
PermanentCrop/PermanentCrop_685.jpg,6
SeaLake/SeaLake_2390.jpg,9
River/River_2116.jpg,8
HerbaceousVegetation/HerbaceousVegetation_1228.jpg,2
Highway/Highway_1146.jpg,3
SeaLake/SeaLake_2458.jpg,9
Residential/Residential_884.jpg,7
PermanentCrop/PermanentCrop_712.jpg,6
Pasture/Pasture_1318.jpg,5
HerbaceousVegetation/HerbaceousVegetation_671.jpg,2
HerbaceousVegetation/HerbaceousVegetation_2832.jpg,2
Industrial/Industrial_1600.jpg,4
Residential/Residential_1600.jpg,7
Industrial/Industrial_2138.jpg,4
Residential/Residential_2033.jpg,7
Forest/Forest_28.jpg,1
Highway/Highway_1544.jpg,3
Highway/Highway_519.jpg,3
HerbaceousVegetation/HerbaceousVegetation_1574.jpg,2
HerbaceousVegetation/HerbaceousVegetation_1681.jpg,2
PermanentCrop/PermanentCrop_1003.jpg,6
HerbaceousVegetation/HerbaceousVegetation_1335.jpg,2
AnnualCrop/AnnualCrop_2825.jpg,0
HerbaceousVegetation/HerbaceousVegetation_1977.jpg,2
Forest/Forest_314.jpg,1
River/River_2302.jpg,8
Pasture/Pasture_1558.jpg,5
HerbaceousVegetation/HerbaceousVegetation_872.jpg,2
PermanentCrop/PermanentCrop_245.jpg,6
Residential/Residential_2327.jpg,7
AnnualCrop/AnnualCrop_443.jpg,0
SeaLake/SeaLake_524.jpg,9
Pasture/Pasture_1328.jpg,5
Forest/Forest_2354.jpg,1
Industrial/Industrial_563.jpg,4
Forest/Forest_163.jpg,1
HerbaceousVegetation/HerbaceousVegetation_2433.jpg,2
HerbaceousVegetation/HerbaceousVegetation_2125.jpg,2
Pasture/Pasture_1370.jpg,5
Industrial/Industrial_1168.jpg,4
River/River_847.jpg,8
AnnualCrop/AnnualCrop_2605.jpg,0
Pasture/Pasture_401.jpg,5
Pasture/Pasture_1666.jpg,5
River/River_388.jpg,8
HerbaceousVegetation/HerbaceousVegetation_2723.jpg,2
Residential/Residential_2225.jpg,7
Highway/Highway_514.jpg,3
PermanentCrop/PermanentCrop_2177.jpg,6
HerbaceousVegetation/HerbaceousVegetation_1525.jpg,2
Highway/Highway_533.jpg,3
Residential/Residential_856.jpg,7
PermanentCrop/PermanentCrop_1697.jpg,6
River/River_1414.jpg,8
Residential/Residential_1391.jpg,7
Forest/Forest_2274.jpg,1
HerbaceousVegetation/HerbaceousVegetation_1746.jpg,2
River/River_1170.jpg,8
River/River_1028.jpg,8
Pasture/Pasture_465.jpg,5
Forest/Forest_1132.jpg,1
PermanentCrop/PermanentCrop_529.jpg,6
HerbaceousVegetation/HerbaceousVegetation_1223.jpg,2
AnnualCrop/AnnualCrop_1893.jpg,0
AnnualCrop/AnnualCrop_2931.jpg,0
Pasture/Pasture_1245.jpg,5
Pasture/Pasture_526.jpg,5
Pasture/Pasture_1120.jpg,5
SeaLake/SeaLake_1077.jpg,9
Pasture/Pasture_1706.jpg,5
HerbaceousVegetation/HerbaceousVegetation_2392.jpg,2
Highway/Highway_1568.jpg,3
River/River_1596.jpg,8
AnnualCrop/AnnualCrop_1662.jpg,0
Pasture/Pasture_531.jpg,5
Industrial/Industrial_588.jpg,4
Pasture/Pasture_1833.jpg,5
Highway/Highway_256.jpg,3
Forest/Forest_391.jpg,1
SeaLake/SeaLake_1347.jpg,9
Forest/Forest_604.jpg,1
Highway/Highway_954.jpg,3
SeaLake/SeaLake_161.jpg,9
Industrial/Industrial_50.jpg,4
HerbaceousVegetation/HerbaceousVegetation_2939.jpg,2
Industrial/Industrial_828.jpg,4
AnnualCrop/AnnualCrop_75.jpg,0
Industrial/Industrial_2021.jpg,4
Pasture/Pasture_375.jpg,5
Forest/Forest_2035.jpg,1
Forest/Forest_481.jpg,1
AnnualCrop/AnnualCrop_571.jpg,0
Forest/Forest_1730.jpg,1
Industrial/Industrial_140.jpg,4
Forest/Forest_1043.jpg,1
Industrial/Industrial_813.jpg,4
River/River_705.jpg,8
HerbaceousVegetation/HerbaceousVegetation_431.jpg,2
PermanentCrop/PermanentCrop_935.jpg,6
HerbaceousVegetation/HerbaceousVegetation_2867.jpg,2
Industrial/Industrial_738.jpg,4
Forest/Forest_1178.jpg,1
Forest/Forest_147.jpg,1
PermanentCrop/PermanentCrop_207.jpg,6
SeaLake/SeaLake_793.jpg,9
HerbaceousVegetation/HerbaceousVegetation_2978.jpg,2
Industrial/Industrial_735.jpg,4
River/River_41.jpg,8
Pasture/Pasture_1800.jpg,5
AnnualCrop/AnnualCrop_1121.jpg,0
PermanentCrop/PermanentCrop_436.jpg,6
SeaLake/SeaLake_708.jpg,9
Pasture/Pasture_630.jpg,5
Industrial/Industrial_1898.jpg,4
River/River_1495.jpg,8
Highway/Highway_99.jpg,3
Residential/Residential_60.jpg,7
SeaLake/SeaLake_129.jpg,9
PermanentCrop/PermanentCrop_232.jpg,6
SeaLake/SeaLake_2780.jpg,9
SeaLake/SeaLake_2363.jpg,9
Industrial/Industrial_733.jpg,4
Highway/Highway_2095.jpg,3
Pasture/Pasture_284.jpg,5
AnnualCrop/AnnualCrop_1300.jpg,0
Forest/Forest_2603.jpg,1
Residential/Residential_226.jpg,7
AnnualCrop/AnnualCrop_2976.jpg,0
HerbaceousVegetation/HerbaceousVegetation_1904.jpg,2
Pasture/Pasture_1521.jpg,5
Residential/Residential_715.jpg,7
SeaLake/SeaLake_2503.jpg,9
Forest/Forest_492.jpg,1
SeaLake/SeaLake_2636.jpg,9
Highway/Highway_1459.jpg,3
Residential/Residential_1106.jpg,7
Highway/Highway_1015.jpg,3
Pasture/Pasture_83.jpg,5
River/River_843.jpg,8
River/River_277.jpg,8
Forest/Forest_1254.jpg,1
Residential/Residential_572.jpg,7
Highway/Highway_2357.jpg,3
Industrial/Industrial_1449.jpg,4
HerbaceousVegetation/HerbaceousVegetation_2157.jpg,2
AnnualCrop/AnnualCrop_1057.jpg,0
HerbaceousVegetation/HerbaceousVegetation_443.jpg,2
Residential/Residential_1243.jpg,7
Highway/Highway_870.jpg,3
Residential/Residential_2333.jpg,7
Highway/Highway_1201.jpg,3
AnnualCrop/AnnualCrop_374.jpg,0
River/River_842.jpg,8
AnnualCrop/AnnualCrop_2862.jpg,0
Forest/Forest_794.jpg,1
Highway/Highway_1627.jpg,3
SeaLake/SeaLake_1399.jpg,9
Industrial/Industrial_2312.jpg,4
Residential/Residential_1471.jpg,7
Highway/Highway_22.jpg,3
Industrial/Industrial_1890.jpg,4
Industrial/Industrial_1806.jpg,4
PermanentCrop/PermanentCrop_779.jpg,6
Forest/Forest_1176.jpg,1
SeaLake/SeaLake_682.jpg,9
Highway/Highway_1901.jpg,3
HerbaceousVegetation/HerbaceousVegetation_2076.jpg,2
Forest/Forest_1907.jpg,1
River/River_1310.jpg,8
Pasture/Pasture_664.jpg,5
Industrial/Industrial_679.jpg,4
Residential/Residential_1155.jpg,7
Residential/Residential_2076.jpg,7
Pasture/Pasture_690.jpg,5
River/River_1711.jpg,8
Highway/Highway_2351.jpg,3
Forest/Forest_2495.jpg,1
SeaLake/SeaLake_1748.jpg,9
Residential/Residential_18.jpg,7
AnnualCrop/AnnualCrop_2440.jpg,0
HerbaceousVegetation/HerbaceousVegetation_2232.jpg,2
Residential/Residential_2039.jpg,7
HerbaceousVegetation/HerbaceousVegetation_2126.jpg,2
HerbaceousVegetation/HerbaceousVegetation_891.jpg,2
AnnualCrop/AnnualCrop_1869.jpg,0
Industrial/Industrial_1236.jpg,4
Pasture/Pasture_266.jpg,5
Pasture/Pasture_628.jpg,5
Industrial/Industrial_1807.jpg,4
Pasture/Pasture_1999.jpg,5
Highway/Highway_1677.jpg,3
Forest/Forest_637.jpg,1
Forest/Forest_1778.jpg,1
River/River_430.jpg,8
Industrial/Industrial_675.jpg,4
PermanentCrop/PermanentCrop_615.jpg,6
River/River_561.jpg,8
Residential/Residential_935.jpg,7
SeaLake/SeaLake_2281.jpg,9
Forest/Forest_2061.jpg,1
AnnualCrop/AnnualCrop_2662.jpg,0
River/River_1210.jpg,8
SeaLake/SeaLake_675.jpg,9
HerbaceousVegetation/HerbaceousVegetation_643.jpg,2
PermanentCrop/PermanentCrop_667.jpg,6
Highway/Highway_1679.jpg,3
PermanentCrop/PermanentCrop_1030.jpg,6
Residential/Residential_2684.jpg,7
PermanentCrop/PermanentCrop_2312.jpg,6
HerbaceousVegetation/HerbaceousVegetation_744.jpg,2
Highway/Highway_2169.jpg,3
Residential/Residential_2412.jpg,7
HerbaceousVegetation/HerbaceousVegetation_2101.jpg,2
SeaLake/SeaLake_2190.jpg,9
Forest/Forest_2675.jpg,1
River/River_979.jpg,8
AnnualCrop/AnnualCrop_2625.jpg,0
AnnualCrop/AnnualCrop_2558.jpg,0
River/River_1250.jpg,8
SeaLake/SeaLake_532.jpg,9
Highway/Highway_2110.jpg,3
Industrial/Industrial_2261.jpg,4
Pasture/Pasture_1346.jpg,5
Forest/Forest_1044.jpg,1
Residential/Residential_1156.jpg,7
Industrial/Industrial_2338.jpg,4
AnnualCrop/AnnualCrop_1269.jpg,0
Pasture/Pasture_1403.jpg,5
Industrial/Industrial_2013.jpg,4
Residential/Residential_2487.jpg,7
AnnualCrop/AnnualCrop_1801.jpg,0
HerbaceousVegetation/HerbaceousVegetation_2535.jpg,2
AnnualCrop/AnnualCrop_142.jpg,0
SeaLake/SeaLake_660.jpg,9
Residential/Residential_1667.jpg,7
PermanentCrop/PermanentCrop_2201.jpg,6
AnnualCrop/AnnualCrop_1403.jpg,0
SeaLake/SeaLake_899.jpg,9
SeaLake/SeaLake_2074.jpg,9
River/River_21.jpg,8
Forest/Forest_2421.jpg,1
HerbaceousVegetation/HerbaceousVegetation_1896.jpg,2
SeaLake/SeaLake_1656.jpg,9
AnnualCrop/AnnualCrop_332.jpg,0
Pasture/Pasture_1192.jpg,5
River/River_1159.jpg,8
Industrial/Industrial_1993.jpg,4
Highway/Highway_2000.jpg,3
Highway/Highway_2346.jpg,3
Highway/Highway_353.jpg,3
PermanentCrop/PermanentCrop_2124.jpg,6
Residential/Residential_2749.jpg,7
Industrial/Industrial_1103.jpg,4
Forest/Forest_536.jpg,1
Forest/Forest_1020.jpg,1
River/River_971.jpg,8
Pasture/Pasture_415.jpg,5
Residential/Residential_1270.jpg,7
Industrial/Industrial_235.jpg,4
Forest/Forest_2993.jpg,1
Highway/Highway_2393.jpg,3
AnnualCrop/AnnualCrop_2875.jpg,0
Pasture/Pasture_792.jpg,5
SeaLake/SeaLake_1856.jpg,9
River/River_2005.jpg,8
PermanentCrop/PermanentCrop_696.jpg,6
PermanentCrop/PermanentCrop_2067.jpg,6
Highway/Highway_268.jpg,3
AnnualCrop/AnnualCrop_51.jpg,0
PermanentCrop/PermanentCrop_901.jpg,6
River/River_55.jpg,8
Pasture/Pasture_648.jpg,5
PermanentCrop/PermanentCrop_2342.jpg,6
SeaLake/SeaLake_431.jpg,9
Highway/Highway_1107.jpg,3
Residential/Residential_2831.jpg,7
Industrial/Industrial_1772.jpg,4
Residential/Residential_350.jpg,7
HerbaceousVegetation/HerbaceousVegetation_2619.jpg,2
Highway/Highway_2135.jpg,3
HerbaceousVegetation/HerbaceousVegetation_2680.jpg,2
AnnualCrop/AnnualCrop_993.jpg,0
SeaLake/SeaLake_479.jpg,9
River/River_922.jpg,8
HerbaceousVegetation/HerbaceousVegetation_2267.jpg,2
Highway/Highway_1240.jpg,3
SeaLake/SeaLake_1629.jpg,9
AnnualCrop/AnnualCrop_2959.jpg,0
Industrial/Industrial_1404.jpg,4
Industrial/Industrial_249.jpg,4
Forest/Forest_943.jpg,1
PermanentCrop/PermanentCrop_1873.jpg,6
SeaLake/SeaLake_455.jpg,9
Residential/Residential_2921.jpg,7
Highway/Highway_707.jpg,3
Highway/Highway_61.jpg,3
SeaLake/SeaLake_2079.jpg,9
Industrial/Industrial_1635.jpg,4
Residential/Residential_821.jpg,7
SeaLake/SeaLake_2322.jpg,9
SeaLake/SeaLake_2758.jpg,9
PermanentCrop/PermanentCrop_2107.jpg,6
Pasture/Pasture_1218.jpg,5
Residential/Residential_94.jpg,7
Pasture/Pasture_1396.jpg,5
Forest/Forest_1142.jpg,1
SeaLake/SeaLake_2155.jpg,9
Residential/Residential_184.jpg,7
AnnualCrop/AnnualCrop_466.jpg,0
Industrial/Industrial_1442.jpg,4
Pasture/Pasture_1420.jpg,5
Residential/Residential_97.jpg,7
Forest/Forest_2804.jpg,1
AnnualCrop/AnnualCrop_593.jpg,0
Industrial/Industrial_801.jpg,4
Pasture/Pasture_1139.jpg,5
Industrial/Industrial_491.jpg,4
PermanentCrop/PermanentCrop_1174.jpg,6
Pasture/Pasture_172.jpg,5
Highway/Highway_1815.jpg,3
River/River_2124.jpg,8
Residential/Residential_1655.jpg,7
SeaLake/SeaLake_1756.jpg,9
AnnualCrop/AnnualCrop_182.jpg,0
Residential/Residential_2081.jpg,7
HerbaceousVegetation/HerbaceousVegetation_493.jpg,2
Forest/Forest_1949.jpg,1
SeaLake/SeaLake_428.jpg,9
Residential/Residential_2702.jpg,7
Residential/Residential_1856.jpg,7
Pasture/Pasture_1305.jpg,5
Residential/Residential_93.jpg,7
Pasture/Pasture_397.jpg,5
PermanentCrop/PermanentCrop_567.jpg,6
HerbaceousVegetation/HerbaceousVegetation_606.jpg,2
HerbaceousVegetation/HerbaceousVegetation_476.jpg,2
AnnualCrop/AnnualCrop_2679.jpg,0
HerbaceousVegetation/HerbaceousVegetation_529.jpg,2
SeaLake/SeaLake_1800.jpg,9
Residential/Residential_2935.jpg,7
Highway/Highway_821.jpg,3
River/River_925.jpg,8
Highway/Highway_2072.jpg,3
Pasture/Pasture_410.jpg,5
SeaLake/SeaLake_1603.jpg,9
SeaLake/SeaLake_2251.jpg,9
Industrial/Industrial_1193.jpg,4
SeaLake/SeaLake_739.jpg,9
Residential/Residential_2670.jpg,7
HerbaceousVegetation/HerbaceousVegetation_2096.jpg,2
HerbaceousVegetation/HerbaceousVegetation_131.jpg,2
AnnualCrop/AnnualCrop_2565.jpg,0
PermanentCrop/PermanentCrop_2335.jpg,6
Forest/Forest_2063.jpg,1
Residential/Residential_1733.jpg,7
Forest/Forest_1119.jpg,1
Industrial/Industrial_2205.jpg,4
HerbaceousVegetation/HerbaceousVegetation_1794.jpg,2
Forest/Forest_1915.jpg,1
River/River_2490.jpg,8
Residential/Residential_1150.jpg,7
AnnualCrop/AnnualCrop_2794.jpg,0
Industrial/Industrial_2251.jpg,4
HerbaceousVegetation/HerbaceousVegetation_1132.jpg,2
Forest/Forest_2249.jpg,1
Pasture/Pasture_1580.jpg,5
SeaLake/SeaLake_285.jpg,9
Forest/Forest_2945.jpg,1
Residential/Residential_83.jpg,7
Residential/Residential_2678.jpg,7
Forest/Forest_380.jpg,1
AnnualCrop/AnnualCrop_2347.jpg,0
Industrial/Industrial_847.jpg,4
Forest/Forest_2959.jpg,1
Highway/Highway_2430.jpg,3
Pasture/Pasture_1372.jpg,5
Forest/Forest_2891.jpg,1
PermanentCrop/PermanentCrop_2047.jpg,6
Pasture/Pasture_1574.jpg,5
Residential/Residential_778.jpg,7
AnnualCrop/AnnualCrop_1733.jpg,0
PermanentCrop/PermanentCrop_1136.jpg,6
Highway/Highway_2322.jpg,3
HerbaceousVegetation/HerbaceousVegetation_2139.jpg,2
Highway/Highway_2116.jpg,3
Residential/Residential_395.jpg,7
Highway/Highway_763.jpg,3
River/River_1119.jpg,8
Residential/Residential_889.jpg,7
River/River_314.jpg,8
SeaLake/SeaLake_1537.jpg,9
SeaLake/SeaLake_2264.jpg,9
Residential/Residential_2205.jpg,7
HerbaceousVegetation/HerbaceousVegetation_1579.jpg,2
AnnualCrop/AnnualCrop_596.jpg,0
Forest/Forest_2601.jpg,1
SeaLake/SeaLake_1511.jpg,9
AnnualCrop/AnnualCrop_193.jpg,0
Highway/Highway_953.jpg,3
Highway/Highway_1311.jpg,3
Industrial/Industrial_171.jpg,4
PermanentCrop/PermanentCrop_401.jpg,6
River/River_553.jpg,8
Forest/Forest_1150.jpg,1
SeaLake/SeaLake_1599.jpg,9
River/River_2108.jpg,8
HerbaceousVegetation/HerbaceousVegetation_2992.jpg,2
Forest/Forest_1143.jpg,1
Residential/Residential_1774.jpg,7
Highway/Highway_794.jpg,3
AnnualCrop/AnnualCrop_2734.jpg,0
Forest/Forest_1728.jpg,1
SeaLake/SeaLake_672.jpg,9
PermanentCrop/PermanentCrop_576.jpg,6
Forest/Forest_1121.jpg,1
Forest/Forest_1201.jpg,1
Forest/Forest_359.jpg,1
Residential/Residential_951.jpg,7
Forest/Forest_2195.jpg,1
SeaLake/SeaLake_1394.jpg,9
AnnualCrop/AnnualCrop_2857.jpg,0
Industrial/Industrial_572.jpg,4
Residential/Residential_2070.jpg,7
HerbaceousVegetation/HerbaceousVegetation_156.jpg,2
Pasture/Pasture_1109.jpg,5
AnnualCrop/AnnualCrop_1422.jpg,0
River/River_1292.jpg,8
PermanentCrop/PermanentCrop_880.jpg,6
HerbaceousVegetation/HerbaceousVegetation_1607.jpg,2
Forest/Forest_2216.jpg,1
HerbaceousVegetation/HerbaceousVegetation_2882.jpg,2
Residential/Residential_1707.jpg,7
PermanentCrop/PermanentCrop_2005.jpg,6
Forest/Forest_295.jpg,1
Industrial/Industrial_763.jpg,4
PermanentCrop/PermanentCrop_836.jpg,6
Industrial/Industrial_2339.jpg,4
PermanentCrop/PermanentCrop_18.jpg,6
Pasture/Pasture_496.jpg,5
River/River_1958.jpg,8
Residential/Residential_2845.jpg,7
Forest/Forest_459.jpg,1
PermanentCrop/PermanentCrop_2460.jpg,6
Highway/Highway_986.jpg,3
Residential/Residential_815.jpg,7
River/River_2317.jpg,8
Forest/Forest_2885.jpg,1
Forest/Forest_566.jpg,1
AnnualCrop/AnnualCrop_1327.jpg,0
Forest/Forest_800.jpg,1
SeaLake/SeaLake_889.jpg,9
Industrial/Industrial_860.jpg,4
SeaLake/SeaLake_6.jpg,9
Residential/Residential_2779.jpg,7
Residential/Residential_2108.jpg,7
AnnualCrop/AnnualCrop_470.jpg,0
SeaLake/SeaLake_1938.jpg,9
AnnualCrop/AnnualCrop_1225.jpg,0
Forest/Forest_1545.jpg,1
HerbaceousVegetation/HerbaceousVegetation_755.jpg,2
AnnualCrop/AnnualCrop_2722.jpg,0
Highway/Highway_1143.jpg,3
HerbaceousVegetation/HerbaceousVegetation_1391.jpg,2
SeaLake/SeaLake_2353.jpg,9
River/River_783.jpg,8
Forest/Forest_2670.jpg,1
SeaLake/SeaLake_1021.jpg,9
AnnualCrop/AnnualCrop_1524.jpg,0
Residential/Residential_1114.jpg,7
Industrial/Industrial_657.jpg,4
AnnualCrop/AnnualCrop_2107.jpg,0
SeaLake/SeaLake_2425.jpg,9
Residential/Residential_2728.jpg,7
Industrial/Industrial_1347.jpg,4
Highway/Highway_2444.jpg,3
Highway/Highway_2420.jpg,3
SeaLake/SeaLake_601.jpg,9
PermanentCrop/PermanentCrop_1500.jpg,6
Residential/Residential_194.jpg,7
SeaLake/SeaLake_1166.jpg,9
SeaLake/SeaLake_1524.jpg,9
Industrial/Industrial_1033.jpg,4
PermanentCrop/PermanentCrop_1894.jpg,6
Forest/Forest_1973.jpg,1
Forest/Forest_2086.jpg,1
HerbaceousVegetation/HerbaceousVegetation_2539.jpg,2
HerbaceousVegetation/HerbaceousVegetation_1113.jpg,2
PermanentCrop/PermanentCrop_1930.jpg,6
PermanentCrop/PermanentCrop_22.jpg,6
Forest/Forest_1910.jpg,1
Pasture/Pasture_1290.jpg,5
AnnualCrop/AnnualCrop_2519.jpg,0
Forest/Forest_543.jpg,1
Highway/Highway_602.jpg,3
Industrial/Industrial_732.jpg,4
Highway/Highway_1074.jpg,3
Highway/Highway_518.jpg,3
AnnualCrop/AnnualCrop_1367.jpg,0
AnnualCrop/AnnualCrop_91.jpg,0
Residential/Residential_2119.jpg,7
SeaLake/SeaLake_1860.jpg,9
Residential/Residential_1289.jpg,7
Residential/Residential_1168.jpg,7
Industrial/Industrial_1181.jpg,4
AnnualCrop/AnnualCrop_1807.jpg,0
Highway/Highway_1196.jpg,3
AnnualCrop/AnnualCrop_1228.jpg,0
Residential/Residential_1095.jpg,7
Forest/Forest_1200.jpg,1
River/River_2101.jpg,8
Highway/Highway_2282.jpg,3
Residential/Residential_2272.jpg,7
SeaLake/SeaLake_2134.jpg,9
Highway/Highway_430.jpg,3
AnnualCrop/AnnualCrop_2132.jpg,0
SeaLake/SeaLake_1319.jpg,9
SeaLake/SeaLake_2517.jpg,9
SeaLake/SeaLake_1880.jpg,9
AnnualCrop/AnnualCrop_2878.jpg,0
AnnualCrop/AnnualCrop_184.jpg,0
Forest/Forest_232.jpg,1
AnnualCrop/AnnualCrop_1957.jpg,0
AnnualCrop/AnnualCrop_1705.jpg,0
SeaLake/SeaLake_353.jpg,9
Highway/Highway_1355.jpg,3
PermanentCrop/PermanentCrop_266.jpg,6
River/River_2372.jpg,8
SeaLake/SeaLake_970.jpg,9
SeaLake/SeaLake_705.jpg,9
Residential/Residential_2431.jpg,7
Industrial/Industrial_170.jpg,4
HerbaceousVegetation/HerbaceousVegetation_587.jpg,2
Residential/Residential_1492.jpg,7
Pasture/Pasture_969.jpg,5
Forest/Forest_164.jpg,1
SeaLake/SeaLake_1039.jpg,9
HerbaceousVegetation/HerbaceousVegetation_2638.jpg,2
Highway/Highway_313.jpg,3
Pasture/Pasture_1966.jpg,5
PermanentCrop/PermanentCrop_2229.jpg,6
HerbaceousVegetation/HerbaceousVegetation_1983.jpg,2
HerbaceousVegetation/HerbaceousVegetation_1787.jpg,2
PermanentCrop/PermanentCrop_2296.jpg,6
River/River_2229.jpg,8
AnnualCrop/AnnualCrop_707.jpg,0
Pasture/Pasture_1877.jpg,5
AnnualCrop/AnnualCrop_1194.jpg,0
Highway/Highway_2335.jpg,3
Pasture/Pasture_185.jpg,5
HerbaceousVegetation/HerbaceousVegetation_2033.jpg,2
PermanentCrop/PermanentCrop_1190.jpg,6
HerbaceousVegetation/HerbaceousVegetation_1728.jpg,2
SeaLake/SeaLake_1453.jpg,9
PermanentCrop/PermanentCrop_606.jpg,6
Residential/Residential_2602.jpg,7
SeaLake/SeaLake_574.jpg,9
PermanentCrop/PermanentCrop_1678.jpg,6
Pasture/Pasture_230.jpg,5
Forest/Forest_344.jpg,1
AnnualCrop/AnnualCrop_2460.jpg,0
SeaLake/SeaLake_2711.jpg,9
Industrial/Industrial_1414.jpg,4
Industrial/Industrial_719.jpg,4
Residential/Residential_2650.jpg,7
AnnualCrop/AnnualCrop_778.jpg,0
Highway/Highway_1306.jpg,3
Residential/Residential_644.jpg,7
Forest/Forest_1978.jpg,1
Residential/Residential_460.jpg,7
Pasture/Pasture_945.jpg,5
AnnualCrop/AnnualCrop_2466.jpg,0
AnnualCrop/AnnualCrop_1830.jpg,0
SeaLake/SeaLake_1070.jpg,9
Residential/Residential_809.jpg,7
Residential/Residential_2021.jpg,7
HerbaceousVegetation/HerbaceousVegetation_1603.jpg,2
Industrial/Industrial_1450.jpg,4
Highway/Highway_163.jpg,3
PermanentCrop/PermanentCrop_2424.jpg,6
Highway/Highway_2049.jpg,3
HerbaceousVegetation/HerbaceousVegetation_485.jpg,2
Highway/Highway_324.jpg,3
PermanentCrop/PermanentCrop_1636.jpg,6
HerbaceousVegetation/HerbaceousVegetation_498.jpg,2
Industrial/Industrial_651.jpg,4
Forest/Forest_991.jpg,1
HerbaceousVegetation/HerbaceousVegetation_1616.jpg,2
SeaLake/SeaLake_1500.jpg,9
Highway/Highway_53.jpg,3
SeaLake/SeaLake_1778.jpg,9
HerbaceousVegetation/HerbaceousVegetation_703.jpg,2
Forest/Forest_1678.jpg,1
Highway/Highway_2067.jpg,3
Residential/Residential_269.jpg,7
AnnualCrop/AnnualCrop_746.jpg,0
Residential/Residential_2226.jpg,7
Industrial/Industrial_154.jpg,4
AnnualCrop/AnnualCrop_1328.jpg,0
PermanentCrop/PermanentCrop_728.jpg,6
AnnualCrop/AnnualCrop_2173.jpg,0
SeaLake/SeaLake_529.jpg,9
Pasture/Pasture_318.jpg,5
Forest/Forest_1846.jpg,1
HerbaceousVegetation/HerbaceousVegetation_2150.jpg,2
River/River_329.jpg,8
Industrial/Industrial_2215.jpg,4
Residential/Residential_96.jpg,7
PermanentCrop/PermanentCrop_1431.jpg,6
Residential/Residential_1927.jpg,7
Highway/Highway_1876.jpg,3
AnnualCrop/AnnualCrop_1293.jpg,0
Residential/Residential_539.jpg,7
Pasture/Pasture_1888.jpg,5
Highway/Highway_641.jpg,3
AnnualCrop/AnnualCrop_2191.jpg,0
Residential/Residential_2257.jpg,7
AnnualCrop/AnnualCrop_1264.jpg,0
HerbaceousVegetation/HerbaceousVegetation_1819.jpg,2
Forest/Forest_1969.jpg,1
River/River_1565.jpg,8
Highway/Highway_1038.jpg,3
Forest/Forest_592.jpg,1
PermanentCrop/PermanentCrop_2238.jpg,6
Highway/Highway_437.jpg,3
HerbaceousVegetation/HerbaceousVegetation_860.jpg,2
Highway/Highway_1231.jpg,3
SeaLake/SeaLake_1377.jpg,9
River/River_2364.jpg,8
Forest/Forest_2045.jpg,1
SeaLake/SeaLake_2549.jpg,9
River/River_520.jpg,8
Residential/Residential_2985.jpg,7
Residential/Residential_906.jpg,7
SeaLake/SeaLake_1195.jpg,9
Residential/Residential_312.jpg,7
Residential/Residential_2410.jpg,7
Industrial/Industrial_238.jpg,4
PermanentCrop/PermanentCrop_1027.jpg,6
Industrial/Industrial_2484.jpg,4
SeaLake/SeaLake_1927.jpg,9
HerbaceousVegetation/HerbaceousVegetation_2916.jpg,2
SeaLake/SeaLake_612.jpg,9
Residential/Residential_1244.jpg,7
PermanentCrop/PermanentCrop_2145.jpg,6
AnnualCrop/AnnualCrop_2654.jpg,0
Forest/Forest_2525.jpg,1
Forest/Forest_405.jpg,1
Highway/Highway_2283.jpg,3
SeaLake/SeaLake_757.jpg,9
Industrial/Industrial_1994.jpg,4
HerbaceousVegetation/HerbaceousVegetation_782.jpg,2
HerbaceousVegetation/HerbaceousVegetation_242.jpg,2
Residential/Residential_301.jpg,7
River/River_2105.jpg,8
Residential/Residential_1195.jpg,7
Industrial/Industrial_637.jpg,4
SeaLake/SeaLake_349.jpg,9
Pasture/Pasture_1928.jpg,5
Forest/Forest_2051.jpg,1
PermanentCrop/PermanentCrop_118.jpg,6
Pasture/Pasture_1400.jpg,5
PermanentCrop/PermanentCrop_1701.jpg,6
Residential/Residential_2939.jpg,7
SeaLake/SeaLake_1180.jpg,9
SeaLake/SeaLake_2178.jpg,9
AnnualCrop/AnnualCrop_892.jpg,0
Industrial/Industrial_192.jpg,4
Highway/Highway_1683.jpg,3
River/River_929.jpg,8
HerbaceousVegetation/HerbaceousVegetation_364.jpg,2
Forest/Forest_1891.jpg,1
River/River_1905.jpg,8
SeaLake/SeaLake_2253.jpg,9
AnnualCrop/AnnualCrop_876.jpg,0
HerbaceousVegetation/HerbaceousVegetation_2770.jpg,2
Forest/Forest_2117.jpg,1
SeaLake/SeaLake_2947.jpg,9
Forest/Forest_2648.jpg,1
Pasture/Pasture_724.jpg,5
Industrial/Industrial_553.jpg,4
Industrial/Industrial_2145.jpg,4
Pasture/Pasture_1264.jpg,5
Residential/Residential_2526.jpg,7
Highway/Highway_1367.jpg,3
Industrial/Industrial_1622.jpg,4
Industrial/Industrial_159.jpg,4
River/River_166.jpg,8
SeaLake/SeaLake_1142.jpg,9
AnnualCrop/AnnualCrop_2831.jpg,0
Residential/Residential_1436.jpg,7
Pasture/Pasture_407.jpg,5
Forest/Forest_1689.jpg,1
Highway/Highway_573.jpg,3
Pasture/Pasture_707.jpg,5
Pasture/Pasture_1664.jpg,5
SeaLake/SeaLake_1852.jpg,9
Residential/Residential_1130.jpg,7
Industrial/Industrial_18.jpg,4
SeaLake/SeaLake_1820.jpg,9
Industrial/Industrial_1297.jpg,4
PermanentCrop/PermanentCrop_1778.jpg,6
AnnualCrop/AnnualCrop_1129.jpg,0
River/River_1591.jpg,8
Residential/Residential_1363.jpg,7
Industrial/Industrial_38.jpg,4
Forest/Forest_2579.jpg,1
Residential/Residential_1577.jpg,7
SeaLake/SeaLake_1356.jpg,9
Industrial/Industrial_493.jpg,4
HerbaceousVegetation/HerbaceousVegetation_1317.jpg,2
HerbaceousVegetation/HerbaceousVegetation_878.jpg,2
SeaLake/SeaLake_1624.jpg,9
Highway/Highway_200.jpg,3
River/River_434.jpg,8
Residential/Residential_978.jpg,7
AnnualCrop/AnnualCrop_549.jpg,0
Industrial/Industrial_1294.jpg,4
PermanentCrop/PermanentCrop_1083.jpg,6
SeaLake/SeaLake_2808.jpg,9
Residential/Residential_325.jpg,7
HerbaceousVegetation/HerbaceousVegetation_2241.jpg,2
Highway/Highway_1439.jpg,3
Industrial/Industrial_846.jpg,4
Residential/Residential_772.jpg,7
PermanentCrop/PermanentCrop_2013.jpg,6
AnnualCrop/AnnualCrop_947.jpg,0
River/River_2146.jpg,8
AnnualCrop/AnnualCrop_871.jpg,0
Pasture/Pasture_681.jpg,5
Industrial/Industrial_268.jpg,4
HerbaceousVegetation/HerbaceousVegetation_1539.jpg,2
Highway/Highway_1791.jpg,3
AnnualCrop/AnnualCrop_862.jpg,0
Industrial/Industrial_561.jpg,4
SeaLake/SeaLake_1716.jpg,9
Residential/Residential_768.jpg,7
Forest/Forest_1988.jpg,1
HerbaceousVegetation/HerbaceousVegetation_994.jpg,2
Forest/Forest_70.jpg,1
Forest/Forest_1510.jpg,1
Industrial/Industrial_919.jpg,4
AnnualCrop/AnnualCrop_898.jpg,0
Residential/Residential_939.jpg,7
Forest/Forest_1364.jpg,1
Residential/Residential_63.jpg,7
Forest/Forest_2242.jpg,1
SeaLake/SeaLake_309.jpg,9
Pasture/Pasture_261.jpg,5
AnnualCrop/AnnualCrop_532.jpg,0
Highway/Highway_862.jpg,3
Highway/Highway_288.jpg,3
Industrial/Industrial_1319.jpg,4
SeaLake/SeaLake_477.jpg,9
PermanentCrop/PermanentCrop_780.jpg,6
River/River_774.jpg,8
HerbaceousVegetation/HerbaceousVegetation_770.jpg,2
HerbaceousVegetation/HerbaceousVegetation_1169.jpg,2
Forest/Forest_1406.jpg,1
AnnualCrop/AnnualCrop_1826.jpg,0
Industrial/Industrial_1311.jpg,4
HerbaceousVegetation/HerbaceousVegetation_2421.jpg,2
HerbaceousVegetation/HerbaceousVegetation_2422.jpg,2
Forest/Forest_1223.jpg,1
Industrial/Industrial_2207.jpg,4
PermanentCrop/PermanentCrop_212.jpg,6
Residential/Residential_109.jpg,7
Industrial/Industrial_2402.jpg,4
Pasture/Pasture_1362.jpg,5
River/River_435.jpg,8
Residential/Residential_266.jpg,7
Forest/Forest_2663.jpg,1
River/River_801.jpg,8
Forest/Forest_79.jpg,1
HerbaceousVegetation/HerbaceousVegetation_2914.jpg,2
HerbaceousVegetation/HerbaceousVegetation_2686.jpg,2
AnnualCrop/AnnualCrop_1720.jpg,0
Residential/Residential_602.jpg,7
PermanentCrop/PermanentCrop_3.jpg,6
AnnualCrop/AnnualCrop_300.jpg,0
Forest/Forest_2950.jpg,1
Residential/Residential_2091.jpg,7
PermanentCrop/PermanentCrop_762.jpg,6
Residential/Residential_228.jpg,7
Highway/Highway_1557.jpg,3
AnnualCrop/AnnualCrop_2114.jpg,0
Highway/Highway_1771.jpg,3
Industrial/Industrial_329.jpg,4
AnnualCrop/AnnualCrop_793.jpg,0
River/River_526.jpg,8
SeaLake/SeaLake_1264.jpg,9
PermanentCrop/PermanentCrop_641.jpg,6
Highway/Highway_1209.jpg,3
Industrial/Industrial_586.jpg,4
AnnualCrop/AnnualCrop_2893.jpg,0
River/River_2125.jpg,8
AnnualCrop/AnnualCrop_422.jpg,0
Residential/Residential_938.jpg,7
Highway/Highway_1197.jpg,3
PermanentCrop/PermanentCrop_998.jpg,6
Industrial/Industrial_1805.jpg,4
Pasture/Pasture_1686.jpg,5
HerbaceousVegetation/HerbaceousVegetation_1404.jpg,2
SeaLake/SeaLake_2831.jpg,9
Forest/Forest_1088.jpg,1
SeaLake/SeaLake_185.jpg,9
River/River_1490.jpg,8
Forest/Forest_841.jpg,1
River/River_2363.jpg,8
AnnualCrop/AnnualCrop_2846.jpg,0
Residential/Residential_1178.jpg,7
AnnualCrop/AnnualCrop_2767.jpg,0
SeaLake/SeaLake_484.jpg,9
HerbaceousVegetation/HerbaceousVegetation_1672.jpg,2
SeaLake/SeaLake_1608.jpg,9
HerbaceousVegetation/HerbaceousVegetation_649.jpg,2
PermanentCrop/PermanentCrop_1524.jpg,6
SeaLake/SeaLake_2122.jpg,9
Forest/Forest_547.jpg,1
AnnualCrop/AnnualCrop_2903.jpg,0
PermanentCrop/PermanentCrop_2258.jpg,6
Forest/Forest_1299.jpg,1
Residential/Residential_679.jpg,7
Highway/Highway_1912.jpg,3
Industrial/Industrial_207.jpg,4
Industrial/Industrial_1843.jpg,4
Highway/Highway_2075.jpg,3
AnnualCrop/AnnualCrop_835.jpg,0
Residential/Residential_792.jpg,7
Residential/Residential_1318.jpg,7
Industrial/Industrial_1616.jpg,4
Pasture/Pasture_666.jpg,5
Forest/Forest_409.jpg,1
Industrial/Industrial_224.jpg,4
Pasture/Pasture_1480.jpg,5
AnnualCrop/AnnualCrop_1026.jpg,0
HerbaceousVegetation/HerbaceousVegetation_224.jpg,2
Forest/Forest_589.jpg,1
PermanentCrop/PermanentCrop_2311.jpg,6
HerbaceousVegetation/HerbaceousVegetation_465.jpg,2
Forest/Forest_393.jpg,1
Forest/Forest_188.jpg,1
Highway/Highway_1700.jpg,3
Forest/Forest_1841.jpg,1
Highway/Highway_917.jpg,3
Residential/Residential_165.jpg,7
River/River_1332.jpg,8
PermanentCrop/PermanentCrop_2151.jpg,6
PermanentCrop/PermanentCrop_1879.jpg,6
Highway/Highway_1676.jpg,3
Highway/Highway_747.jpg,3
SeaLake/SeaLake_451.jpg,9
Industrial/Industrial_2197.jpg,4
River/River_563.jpg,8
PermanentCrop/PermanentCrop_2285.jpg,6
Highway/Highway_1549.jpg,3
Highway/Highway_537.jpg,3
Residential/Residential_2574.jpg,7
River/River_692.jpg,8
Pasture/Pasture_1198.jpg,5
SeaLake/SeaLake_1724.jpg,9
Forest/Forest_2435.jpg,1
Residential/Residential_958.jpg,7
Forest/Forest_1260.jpg,1
PermanentCrop/PermanentCrop_908.jpg,6
River/River_1468.jpg,8
Industrial/Industrial_167.jpg,4
HerbaceousVegetation/HerbaceousVegetation_2843.jpg,2
PermanentCrop/PermanentCrop_413.jpg,6
AnnualCrop/AnnualCrop_180.jpg,0
Highway/Highway_1477.jpg,3
Residential/Residential_2987.jpg,7
Pasture/Pasture_695.jpg,5
Highway/Highway_2141.jpg,3
Pasture/Pasture_547.jpg,5
Residential/Residential_1433.jpg,7
SeaLake/SeaLake_263.jpg,9
SeaLake/SeaLake_1093.jpg,9
Forest/Forest_455.jpg,1
Industrial/Industrial_1158.jpg,4
SeaLake/SeaLake_1092.jpg,9
Industrial/Industrial_1308.jpg,4
Residential/Residential_2461.jpg,7
River/River_1054.jpg,8
Residential/Residential_2778.jpg,7
Residential/Residential_1817.jpg,7
HerbaceousVegetation/HerbaceousVegetation_1905.jpg,2
Highway/Highway_1264.jpg,3
Highway/Highway_2478.jpg,3
Residential/Residential_375.jpg,7
Forest/Forest_2213.jpg,1
Pasture/Pasture_876.jpg,5
PermanentCrop/PermanentCrop_1684.jpg,6
Highway/Highway_828.jpg,3
HerbaceousVegetation/HerbaceousVegetation_1084.jpg,2
SeaLake/SeaLake_1895.jpg,9
PermanentCrop/PermanentCrop_1017.jpg,6
Forest/Forest_1492.jpg,1
HerbaceousVegetation/HerbaceousVegetation_253.jpg,2
HerbaceousVegetation/HerbaceousVegetation_1772.jpg,2
Residential/Residential_2802.jpg,7
River/River_1869.jpg,8
Industrial/Industrial_1824.jpg,4
HerbaceousVegetation/HerbaceousVegetation_981.jpg,2
Forest/Forest_2052.jpg,1
AnnualCrop/AnnualCrop_1977.jpg,0
Industrial/Industrial_80.jpg,4
AnnualCrop/AnnualCrop_2974.jpg,0
River/River_2134.jpg,8
Pasture/Pasture_884.jpg,5
PermanentCrop/PermanentCrop_2363.jpg,6
Residential/Residential_834.jpg,7
Residential/Residential_320.jpg,7
Industrial/Industrial_440.jpg,4
Pasture/Pasture_1641.jpg,5
Forest/Forest_2078.jpg,1
PermanentCrop/PermanentCrop_2411.jpg,6
Residential/Residential_1427.jpg,7
Industrial/Industrial_721.jpg,4
PermanentCrop/PermanentCrop_628.jpg,6
AnnualCrop/AnnualCrop_1204.jpg,0
PermanentCrop/PermanentCrop_1686.jpg,6
Highway/Highway_1688.jpg,3
Residential/Residential_914.jpg,7
Forest/Forest_1829.jpg,1
Industrial/Industrial_1250.jpg,4
Forest/Forest_1725.jpg,1
Forest/Forest_2692.jpg,1
River/River_568.jpg,8
Industrial/Industrial_978.jpg,4
Forest/Forest_581.jpg,1
SeaLake/SeaLake_804.jpg,9
PermanentCrop/PermanentCrop_859.jpg,6
HerbaceousVegetation/HerbaceousVegetation_2565.jpg,2
Highway/Highway_434.jpg,3
Residential/Residential_2354.jpg,7
SeaLake/SeaLake_2327.jpg,9
AnnualCrop/AnnualCrop_1162.jpg,0
PermanentCrop/PermanentCrop_771.jpg,6
Forest/Forest_688.jpg,1
Residential/Residential_1544.jpg,7
HerbaceousVegetation/HerbaceousVegetation_875.jpg,2
Industrial/Industrial_2065.jpg,4
PermanentCrop/PermanentCrop_1940.jpg,6
HerbaceousVegetation/HerbaceousVegetation_2496.jpg,2
River/River_2338.jpg,8
River/River_1729.jpg,8
PermanentCrop/PermanentCrop_282.jpg,6
PermanentCrop/PermanentCrop_682.jpg,6
HerbaceousVegetation/HerbaceousVegetation_2733.jpg,2
Pasture/Pasture_1460.jpg,5
SeaLake/SeaLake_1133.jpg,9
HerbaceousVegetation/HerbaceousVegetation_2311.jpg,2
River/River_1307.jpg,8
Residential/Residential_2385.jpg,7
Residential/Residential_877.jpg,7
Forest/Forest_166.jpg,1
Industrial/Industrial_1795.jpg,4
Highway/Highway_85.jpg,3
Pasture/Pasture_205.jpg,5
Forest/Forest_2370.jpg,1
Pasture/Pasture_1584.jpg,5
Forest/Forest_2694.jpg,1
Highway/Highway_2193.jpg,3
AnnualCrop/AnnualCrop_2499.jpg,0
Industrial/Industrial_706.jpg,4
Industrial/Industrial_51.jpg,4
Industrial/Industrial_2005.jpg,4
Forest/Forest_2542.jpg,1
SeaLake/SeaLake_1786.jpg,9
Highway/Highway_643.jpg,3
SeaLake/SeaLake_530.jpg,9
AnnualCrop/AnnualCrop_1008.jpg,0
SeaLake/SeaLake_1314.jpg,9
SeaLake/SeaLake_2352.jpg,9
Industrial/Industrial_1123.jpg,4
PermanentCrop/PermanentCrop_503.jpg,6
Residential/Residential_1196.jpg,7
PermanentCrop/PermanentCrop_1519.jpg,6
SeaLake/SeaLake_525.jpg,9
Industrial/Industrial_1740.jpg,4
Forest/Forest_2632.jpg,1
Pasture/Pasture_1474.jpg,5
Residential/Residential_337.jpg,7
Highway/Highway_2316.jpg,3
Highway/Highway_1047.jpg,3
Highway/Highway_1180.jpg,3
PermanentCrop/PermanentCrop_2280.jpg,6
HerbaceousVegetation/HerbaceousVegetation_371.jpg,2
SeaLake/SeaLake_418.jpg,9
HerbaceousVegetation/HerbaceousVegetation_724.jpg,2
Forest/Forest_2982.jpg,1
PermanentCrop/PermanentCrop_92.jpg,6
Forest/Forest_410.jpg,1
SeaLake/SeaLake_1419.jpg,9
Industrial/Industrial_2318.jpg,4
PermanentCrop/PermanentCrop_949.jpg,6
Forest/Forest_2786.jpg,1
Industrial/Industrial_1042.jpg,4
PermanentCrop/PermanentCrop_563.jpg,6
River/River_2386.jpg,8
River/River_1330.jpg,8
Residential/Residential_2238.jpg,7
Forest/Forest_2126.jpg,1
Industrial/Industrial_462.jpg,4
Pasture/Pasture_1112.jpg,5
Industrial/Industrial_755.jpg,4
HerbaceousVegetation/HerbaceousVegetation_2720.jpg,2
Forest/Forest_130.jpg,1
Pasture/Pasture_1972.jpg,5
Forest/Forest_1836.jpg,1
SeaLake/SeaLake_2978.jpg,9
Pasture/Pasture_1380.jpg,5
Industrial/Industrial_1710.jpg,4
Residential/Residential_2416.jpg,7
Highway/Highway_683.jpg,3
PermanentCrop/PermanentCrop_1880.jpg,6
SeaLake/SeaLake_2237.jpg,9
SeaLake/SeaLake_326.jpg,9
SeaLake/SeaLake_1582.jpg,9
River/River_4.jpg,8
Pasture/Pasture_1768.jpg,5
SeaLake/SeaLake_2403.jpg,9
SeaLake/SeaLake_2940.jpg,9
Residential/Residential_76.jpg,7
Forest/Forest_2534.jpg,1
PermanentCrop/PermanentCrop_2473.jpg,6
Industrial/Industrial_53.jpg,4
Residential/Residential_2334.jpg,7
HerbaceousVegetation/HerbaceousVegetation_274.jpg,2
Forest/Forest_2872.jpg,1
PermanentCrop/PermanentCrop_2397.jpg,6
Residential/Residential_859.jpg,7
AnnualCrop/AnnualCrop_2723.jpg,0
HerbaceousVegetation/HerbaceousVegetation_976.jpg,2
Highway/Highway_87.jpg,3
Residential/Residential_53.jpg,7
Pasture/Pasture_691.jpg,5
Industrial/Industrial_1484.jpg,4
HerbaceousVegetation/HerbaceousVegetation_2521.jpg,2
SeaLake/SeaLake_1012.jpg,9
SeaLake/SeaLake_2644.jpg,9
AnnualCrop/AnnualCrop_714.jpg,0
Pasture/Pasture_37.jpg,5
HerbaceousVegetation/HerbaceousVegetation_1576.jpg,2
Pasture/Pasture_1881.jpg,5
PermanentCrop/PermanentCrop_322.jpg,6
HerbaceousVegetation/HerbaceousVegetation_1907.jpg,2
Highway/Highway_1022.jpg,3
HerbaceousVegetation/HerbaceousVegetation_781.jpg,2
Pasture/Pasture_123.jpg,5
PermanentCrop/PermanentCrop_1063.jpg,6
Highway/Highway_1352.jpg,3
River/River_738.jpg,8
SeaLake/SeaLake_432.jpg,9
Forest/Forest_2097.jpg,1
Forest/Forest_2800.jpg,1
Pasture/Pasture_911.jpg,5
PermanentCrop/PermanentCrop_2257.jpg,6
AnnualCrop/AnnualCrop_286.jpg,0
AnnualCrop/AnnualCrop_1109.jpg,0
PermanentCrop/PermanentCrop_102.jpg,6
AnnualCrop/AnnualCrop_916.jpg,0
AnnualCrop/AnnualCrop_2934.jpg,0
Residential/Residential_2372.jpg,7
Pasture/Pasture_901.jpg,5
HerbaceousVegetation/HerbaceousVegetation_1883.jpg,2
PermanentCrop/PermanentCrop_1831.jpg,6
Forest/Forest_361.jpg,1
Industrial/Industrial_487.jpg,4
River/River_1032.jpg,8
SeaLake/SeaLake_2961.jpg,9
HerbaceousVegetation/HerbaceousVegetation_1352.jpg,2
SeaLake/SeaLake_511.jpg,9
SeaLake/SeaLake_1898.jpg,9
Industrial/Industrial_765.jpg,4
Residential/Residential_1134.jpg,7
Industrial/Industrial_2469.jpg,4
PermanentCrop/PermanentCrop_516.jpg,6
River/River_2080.jpg,8
Residential/Residential_15.jpg,7
HerbaceousVegetation/HerbaceousVegetation_2886.jpg,2
Pasture/Pasture_454.jpg,5
AnnualCrop/AnnualCrop_165.jpg,0
HerbaceousVegetation/HerbaceousVegetation_1145.jpg,2
HerbaceousVegetation/HerbaceousVegetation_2127.jpg,2
PermanentCrop/PermanentCrop_1671.jpg,6
SeaLake/SeaLake_374.jpg,9
Pasture/Pasture_668.jpg,5
AnnualCrop/AnnualCrop_416.jpg,0
PermanentCrop/PermanentCrop_2449.jpg,6
Residential/Residential_2568.jpg,7
Forest/Forest_1759.jpg,1
Pasture/Pasture_827.jpg,5
HerbaceousVegetation/HerbaceousVegetation_866.jpg,2
AnnualCrop/AnnualCrop_1150.jpg,0
Industrial/Industrial_1847.jpg,4
Residential/Residential_2836.jpg,7
River/River_911.jpg,8
Forest/Forest_143.jpg,1
River/River_771.jpg,8
Residential/Residential_2936.jpg,7
AnnualCrop/AnnualCrop_219.jpg,0
Industrial/Industrial_2106.jpg,4
River/River_1173.jpg,8
AnnualCrop/AnnualCrop_2779.jpg,0
Residential/Residential_899.jpg,7
Highway/Highway_1547.jpg,3
Residential/Residential_1789.jpg,7
AnnualCrop/AnnualCrop_427.jpg,0
AnnualCrop/AnnualCrop_1692.jpg,0
AnnualCrop/AnnualCrop_2908.jpg,0
Residential/Residential_2024.jpg,7
Highway/Highway_1519.jpg,3
Industrial/Industrial_1654.jpg,4
Forest/Forest_2451.jpg,1
SeaLake/SeaLake_2717.jpg,9
River/River_1453.jpg,8
Forest/Forest_427.jpg,1
AnnualCrop/AnnualCrop_2093.jpg,0
Industrial/Industrial_1032.jpg,4
PermanentCrop/PermanentCrop_233.jpg,6
SeaLake/SeaLake_944.jpg,9
Residential/Residential_1020.jpg,7
HerbaceousVegetation/HerbaceousVegetation_231.jpg,2
Forest/Forest_243.jpg,1
Residential/Residential_1186.jpg,7
HerbaceousVegetation/HerbaceousVegetation_1561.jpg,2
AnnualCrop/AnnualCrop_953.jpg,0
River/River_1496.jpg,8
River/River_878.jpg,8
PermanentCrop/PermanentCrop_1947.jpg,6
Residential/Residential_422.jpg,7
AnnualCrop/AnnualCrop_468.jpg,0
HerbaceousVegetation/HerbaceousVegetation_2259.jpg,2
Residential/Residential_1017.jpg,7
Forest/Forest_1001.jpg,1
Pasture/Pasture_218.jpg,5
Residential/Residential_1301.jpg,7
Residential/Residential_767.jpg,7
HerbaceousVegetation/HerbaceousVegetation_2254.jpg,2
AnnualCrop/AnnualCrop_2560.jpg,0
Industrial/Industrial_1962.jpg,4
Forest/Forest_39.jpg,1
Highway/Highway_948.jpg,3
Highway/Highway_610.jpg,3
AnnualCrop/AnnualCrop_1037.jpg,0
SeaLake/SeaLake_306.jpg,9
Industrial/Industrial_2392.jpg,4
River/River_2392.jpg,8
PermanentCrop/PermanentCrop_2215.jpg,6
Pasture/Pasture_1961.jpg,5
HerbaceousVegetation/HerbaceousVegetation_1753.jpg,2
AnnualCrop/AnnualCrop_2101.jpg,0
Forest/Forest_1387.jpg,1
AnnualCrop/AnnualCrop_1217.jpg,0
PermanentCrop/PermanentCrop_936.jpg,6
Industrial/Industrial_470.jpg,4
Pasture/Pasture_913.jpg,5
AnnualCrop/AnnualCrop_86.jpg,0
AnnualCrop/AnnualCrop_832.jpg,0
AnnualCrop/AnnualCrop_1382.jpg,0
HerbaceousVegetation/HerbaceousVegetation_2653.jpg,2
Industrial/Industrial_84.jpg,4
Highway/Highway_2053.jpg,3
River/River_462.jpg,8
Forest/Forest_1920.jpg,1
Highway/Highway_2466.jpg,3
SeaLake/SeaLake_2875.jpg,9
Residential/Residential_565.jpg,7
Highway/Highway_841.jpg,3
Industrial/Industrial_375.jpg,4
Pasture/Pasture_26.jpg,5
HerbaceousVegetation/HerbaceousVegetation_1274.jpg,2
HerbaceousVegetation/HerbaceousVegetation_2275.jpg,2
Industrial/Industrial_1611.jpg,4
SeaLake/SeaLake_1708.jpg,9
HerbaceousVegetation/HerbaceousVegetation_1249.jpg,2
PermanentCrop/PermanentCrop_2360.jpg,6
SeaLake/SeaLake_453.jpg,9
PermanentCrop/PermanentCrop_872.jpg,6
Highway/Highway_219.jpg,3
Highway/Highway_2339.jpg,3
Highway/Highway_1043.jpg,3
PermanentCrop/PermanentCrop_1367.jpg,6
AnnualCrop/AnnualCrop_1852.jpg,0
Highway/Highway_409.jpg,3
SeaLake/SeaLake_2230.jpg,9
River/River_2381.jpg,8
AnnualCrop/AnnualCrop_2511.jpg,0
SeaLake/SeaLake_1276.jpg,9
River/River_846.jpg,8
Highway/Highway_2467.jpg,3
Industrial/Industrial_1788.jpg,4
AnnualCrop/AnnualCrop_902.jpg,0
Residential/Residential_80.jpg,7
PermanentCrop/PermanentCrop_1346.jpg,6
Residential/Residential_2198.jpg,7
Pasture/Pasture_163.jpg,5
River/River_2071.jpg,8
AnnualCrop/AnnualCrop_715.jpg,0
Forest/Forest_2406.jpg,1
Pasture/Pasture_9.jpg,5
Residential/Residential_39.jpg,7
River/River_2158.jpg,8
Residential/Residential_1922.jpg,7
Highway/Highway_1721.jpg,3
SeaLake/SeaLake_121.jpg,9
AnnualCrop/AnnualCrop_1965.jpg,0
Industrial/Industrial_2327.jpg,4
PermanentCrop/PermanentCrop_1779.jpg,6
Residential/Residential_524.jpg,7
River/River_701.jpg,8
River/River_116.jpg,8
HerbaceousVegetation/HerbaceousVegetation_1323.jpg,2
Residential/Residential_2369.jpg,7
Highway/Highway_470.jpg,3
Highway/Highway_2455.jpg,3
Forest/Forest_781.jpg,1
Highway/Highway_2448.jpg,3
Residential/Residential_1056.jpg,7
River/River_1208.jpg,8
HerbaceousVegetation/HerbaceousVegetation_136.jpg,2
Residential/Residential_1128.jpg,7
AnnualCrop/AnnualCrop_1421.jpg,0
Pasture/Pasture_1609.jpg,5
AnnualCrop/AnnualCrop_1763.jpg,0
Forest/Forest_2623.jpg,1
Forest/Forest_560.jpg,1
Pasture/Pasture_1345.jpg,5
River/River_1489.jpg,8
PermanentCrop/PermanentCrop_1023.jpg,6
Forest/Forest_2474.jpg,1
Industrial/Industrial_1998.jpg,4
SeaLake/SeaLake_1999.jpg,9
HerbaceousVegetation/HerbaceousVegetation_1405.jpg,2
Residential/Residential_986.jpg,7
Industrial/Industrial_2334.jpg,4
Forest/Forest_883.jpg,1
Industrial/Industrial_500.jpg,4
SeaLake/SeaLake_394.jpg,9
AnnualCrop/AnnualCrop_1086.jpg,0
HerbaceousVegetation/HerbaceousVegetation_2952.jpg,2
Residential/Residential_1058.jpg,7
Industrial/Industrial_856.jpg,4
Residential/Residential_300.jpg,7
PermanentCrop/PermanentCrop_1317.jpg,6
SeaLake/SeaLake_1777.jpg,9
Industrial/Industrial_1739.jpg,4
HerbaceousVegetation/HerbaceousVegetation_1131.jpg,2
Pasture/Pasture_928.jpg,5
Pasture/Pasture_390.jpg,5
HerbaceousVegetation/HerbaceousVegetation_914.jpg,2
Forest/Forest_2813.jpg,1
Residential/Residential_985.jpg,7
Highway/Highway_2260.jpg,3
Forest/Forest_1867.jpg,1
SeaLake/SeaLake_597.jpg,9
AnnualCrop/AnnualCrop_2468.jpg,0
Pasture/Pasture_1695.jpg,5
AnnualCrop/AnnualCrop_1368.jpg,0
Forest/Forest_2382.jpg,1
SeaLake/SeaLake_278.jpg,9
PermanentCrop/PermanentCrop_2080.jpg,6
SeaLake/SeaLake_1130.jpg,9
River/River_310.jpg,8
AnnualCrop/AnnualCrop_1005.jpg,0
Forest/Forest_1821.jpg,1
PermanentCrop/PermanentCrop_1289.jpg,6
Residential/Residential_151.jpg,7
HerbaceousVegetation/HerbaceousVegetation_2617.jpg,2
Highway/Highway_1237.jpg,3
River/River_2188.jpg,8
Residential/Residential_1299.jpg,7
HerbaceousVegetation/HerbaceousVegetation_2416.jpg,2
PermanentCrop/PermanentCrop_1965.jpg,6
PermanentCrop/PermanentCrop_1205.jpg,6
River/River_1084.jpg,8
Residential/Residential_1590.jpg,7
PermanentCrop/PermanentCrop_809.jpg,6
Highway/Highway_2186.jpg,3
HerbaceousVegetation/HerbaceousVegetation_2917.jpg,2
PermanentCrop/PermanentCrop_700.jpg,6
HerbaceousVegetation/HerbaceousVegetation_1785.jpg,2
PermanentCrop/PermanentCrop_392.jpg,6
Highway/Highway_1684.jpg,3
HerbaceousVegetation/HerbaceousVegetation_85.jpg,2
HerbaceousVegetation/HerbaceousVegetation_1944.jpg,2
HerbaceousVegetation/HerbaceousVegetation_1026.jpg,2
River/River_1985.jpg,8
Residential/Residential_2676.jpg,7
AnnualCrop/AnnualCrop_2925.jpg,0
Residential/Residential_2283.jpg,7
AnnualCrop/AnnualCrop_2026.jpg,0
AnnualCrop/AnnualCrop_1786.jpg,0
River/River_2088.jpg,8
Industrial/Industrial_1582.jpg,4
Forest/Forest_501.jpg,1
SeaLake/SeaLake_1245.jpg,9
HerbaceousVegetation/HerbaceousVegetation_828.jpg,2
HerbaceousVegetation/HerbaceousVegetation_1315.jpg,2
Industrial/Industrial_1926.jpg,4
HerbaceousVegetation/HerbaceousVegetation_1696.jpg,2
PermanentCrop/PermanentCrop_2224.jpg,6
Residential/Residential_326.jpg,7
PermanentCrop/PermanentCrop_1945.jpg,6
Highway/Highway_882.jpg,3
Residential/Residential_1132.jpg,7
Forest/Forest_1266.jpg,1
River/River_1629.jpg,8
Pasture/Pasture_786.jpg,5
HerbaceousVegetation/HerbaceousVegetation_769.jpg,2
Highway/Highway_1139.jpg,3
PermanentCrop/PermanentCrop_2374.jpg,6
Highway/Highway_473.jpg,3
Residential/Residential_869.jpg,7
Residential/Residential_2157.jpg,7
Forest/Forest_2345.jpg,1
River/River_1617.jpg,8
HerbaceousVegetation/HerbaceousVegetation_2846.jpg,2
Residential/Residential_596.jpg,7
Highway/Highway_1321.jpg,3
Forest/Forest_1989.jpg,1
SeaLake/SeaLake_2872.jpg,9
SeaLake/SeaLake_1773.jpg,9
Forest/Forest_2189.jpg,1
HerbaceousVegetation/HerbaceousVegetation_279.jpg,2
SeaLake/SeaLake_1151.jpg,9
HerbaceousVegetation/HerbaceousVegetation_1107.jpg,2
Residential/Residential_598.jpg,7
HerbaceousVegetation/HerbaceousVegetation_1528.jpg,2
River/River_648.jpg,8
HerbaceousVegetation/HerbaceousVegetation_693.jpg,2
River/River_660.jpg,8
AnnualCrop/AnnualCrop_2437.jpg,0
HerbaceousVegetation/HerbaceousVegetation_942.jpg,2
River/River_1666.jpg,8
HerbaceousVegetation/HerbaceousVegetation_2313.jpg,2
Industrial/Industrial_183.jpg,4
AnnualCrop/AnnualCrop_474.jpg,0
AnnualCrop/AnnualCrop_95.jpg,0
Forest/Forest_420.jpg,1
SeaLake/SeaLake_105.jpg,9
HerbaceousVegetation/HerbaceousVegetation_2528.jpg,2
HerbaceousVegetation/HerbaceousVegetation_2009.jpg,2
River/River_1653.jpg,8
Pasture/Pasture_1872.jpg,5
Pasture/Pasture_133.jpg,5
HerbaceousVegetation/HerbaceousVegetation_1810.jpg,2
PermanentCrop/PermanentCrop_2306.jpg,6
Residential/Residential_1882.jpg,7
Residential/Residential_2060.jpg,7
Highway/Highway_1114.jpg,3
River/River_860.jpg,8
Highway/Highway_1420.jpg,3
River/River_1539.jpg,8
Industrial/Industrial_49.jpg,4
AnnualCrop/AnnualCrop_1487.jpg,0
SeaLake/SeaLake_289.jpg,9
Residential/Residential_1342.jpg,7
AnnualCrop/AnnualCrop_2518.jpg,0
River/River_1024.jpg,8
Residential/Residential_1642.jpg,7
River/River_654.jpg,8
HerbaceousVegetation/HerbaceousVegetation_2708.jpg,2
Industrial/Industrial_1769.jpg,4
Residential/Residential_463.jpg,7
Industrial/Industrial_175.jpg,4
Residential/Residential_1110.jpg,7
Pasture/Pasture_1895.jpg,5
AnnualCrop/AnnualCrop_352.jpg,0
HerbaceousVegetation/HerbaceousVegetation_965.jpg,2
PermanentCrop/PermanentCrop_1234.jpg,6
PermanentCrop/PermanentCrop_1485.jpg,6
HerbaceousVegetation/HerbaceousVegetation_1583.jpg,2
AnnualCrop/AnnualCrop_709.jpg,0
Forest/Forest_61.jpg,1
Industrial/Industrial_145.jpg,4
SeaLake/SeaLake_252.jpg,9
HerbaceousVegetation/HerbaceousVegetation_1675.jpg,2
Industrial/Industrial_2157.jpg,4
SeaLake/SeaLake_2824.jpg,9
SeaLake/SeaLake_1334.jpg,9
PermanentCrop/PermanentCrop_650.jpg,6
Residential/Residential_2922.jpg,7
Residential/Residential_1981.jpg,7
Pasture/Pasture_1632.jpg,5
Pasture/Pasture_1175.jpg,5
SeaLake/SeaLake_1532.jpg,9
Pasture/Pasture_1937.jpg,5
Residential/Residential_1406.jpg,7
AnnualCrop/AnnualCrop_2419.jpg,0
HerbaceousVegetation/HerbaceousVegetation_2967.jpg,2
Pasture/Pasture_1846.jpg,5
River/River_1437.jpg,8
PermanentCrop/PermanentCrop_2384.jpg,6
PermanentCrop/PermanentCrop_1215.jpg,6
Industrial/Industrial_1768.jpg,4
Highway/Highway_1010.jpg,3
Industrial/Industrial_1560.jpg,4
Forest/Forest_979.jpg,1
Residential/Residential_1792.jpg,7
AnnualCrop/AnnualCrop_1987.jpg,0
AnnualCrop/AnnualCrop_1571.jpg,0
Highway/Highway_79.jpg,3
Forest/Forest_654.jpg,1
Industrial/Industrial_863.jpg,4
SeaLake/SeaLake_1918.jpg,9
HerbaceousVegetation/HerbaceousVegetation_1017.jpg,2
Residential/Residential_174.jpg,7
Highway/Highway_496.jpg,3
Highway/Highway_1472.jpg,3
SeaLake/SeaLake_2379.jpg,9
AnnualCrop/AnnualCrop_1101.jpg,0
Residential/Residential_691.jpg,7
River/River_474.jpg,8
AnnualCrop/AnnualCrop_2059.jpg,0
PermanentCrop/PermanentCrop_931.jpg,6
Forest/Forest_2613.jpg,1
HerbaceousVegetation/HerbaceousVegetation_201.jpg,2
SeaLake/SeaLake_2169.jpg,9
HerbaceousVegetation/HerbaceousVegetation_138.jpg,2
SeaLake/SeaLake_2429.jpg,9
PermanentCrop/PermanentCrop_1963.jpg,6
HerbaceousVegetation/HerbaceousVegetation_1353.jpg,2
River/River_1139.jpg,8
River/River_2178.jpg,8
Forest/Forest_103.jpg,1
SeaLake/SeaLake_1371.jpg,9
AnnualCrop/AnnualCrop_1120.jpg,0
SeaLake/SeaLake_1964.jpg,9
SeaLake/SeaLake_810.jpg,9
Industrial/Industrial_1458.jpg,4
Highway/Highway_2380.jpg,3
Forest/Forest_932.jpg,1
SeaLake/SeaLake_1402.jpg,9
Highway/Highway_1429.jpg,3
AnnualCrop/AnnualCrop_2250.jpg,0
HerbaceousVegetation/HerbaceousVegetation_2948.jpg,2
AnnualCrop/AnnualCrop_1672.jpg,0
PermanentCrop/PermanentCrop_2004.jpg,6
PermanentCrop/PermanentCrop_1516.jpg,6
Forest/Forest_1613.jpg,1
Residential/Residential_2870.jpg,7
Pasture/Pasture_422.jpg,5
Residential/Residential_342.jpg,7
River/River_770.jpg,8
River/River_2491.jpg,8
AnnualCrop/AnnualCrop_2135.jpg,0
Pasture/Pasture_1758.jpg,5
PermanentCrop/PermanentCrop_2028.jpg,6
HerbaceousVegetation/HerbaceousVegetation_2168.jpg,2
HerbaceousVegetation/HerbaceousVegetation_2378.jpg,2
Pasture/Pasture_167.jpg,5
Pasture/Pasture_1607.jpg,5
AnnualCrop/AnnualCrop_2991.jpg,0
River/River_142.jpg,8
SeaLake/SeaLake_222.jpg,9
Highway/Highway_1990.jpg,3
Pasture/Pasture_1462.jpg,5
HerbaceousVegetation/HerbaceousVegetation_2887.jpg,2
SeaLake/SeaLake_139.jpg,9
Residential/Residential_587.jpg,7
SeaLake/SeaLake_2260.jpg,9
HerbaceousVegetation/HerbaceousVegetation_2212.jpg,2
SeaLake/SeaLake_611.jpg,9
Industrial/Industrial_411.jpg,4
PermanentCrop/PermanentCrop_795.jpg,6
River/River_1932.jpg,8
Highway/Highway_49.jpg,3
PermanentCrop/PermanentCrop_47.jpg,6
SeaLake/SeaLake_1575.jpg,9
River/River_390.jpg,8
PermanentCrop/PermanentCrop_1362.jpg,6
River/River_1316.jpg,8
River/River_611.jpg,8
SeaLake/SeaLake_2028.jpg,9
Highway/Highway_1372.jpg,3
SeaLake/SeaLake_2401.jpg,9
River/River_582.jpg,8
Industrial/Industrial_1126.jpg,4
HerbaceousVegetation/HerbaceousVegetation_2043.jpg,2
AnnualCrop/AnnualCrop_1644.jpg,0
HerbaceousVegetation/HerbaceousVegetation_1519.jpg,2
Industrial/Industrial_1352.jpg,4
Pasture/Pasture_1548.jpg,5
Residential/Residential_1235.jpg,7
Pasture/Pasture_932.jpg,5
AnnualCrop/AnnualCrop_196.jpg,0
Industrial/Industrial_1321.jpg,4
SeaLake/SeaLake_2528.jpg,9
PermanentCrop/PermanentCrop_2240.jpg,6
Residential/Residential_842.jpg,7
SeaLake/SeaLake_2427.jpg,9
SeaLake/SeaLake_292.jpg,9
Forest/Forest_2633.jpg,1
River/River_2093.jpg,8
HerbaceousVegetation/HerbaceousVegetation_1452.jpg,2
PermanentCrop/PermanentCrop_1216.jpg,6
SeaLake/SeaLake_1372.jpg,9
Residential/Residential_2727.jpg,7
AnnualCrop/AnnualCrop_1503.jpg,0
River/River_1285.jpg,8
HerbaceousVegetation/HerbaceousVegetation_362.jpg,2
Forest/Forest_721.jpg,1
Highway/Highway_714.jpg,3
Highway/Highway_671.jpg,3
Industrial/Industrial_2003.jpg,4
River/River_471.jpg,8
SeaLake/SeaLake_435.jpg,9
Forest/Forest_105.jpg,1
PermanentCrop/PermanentCrop_98.jpg,6
SeaLake/SeaLake_436.jpg,9
HerbaceousVegetation/HerbaceousVegetation_2897.jpg,2
PermanentCrop/PermanentCrop_1356.jpg,6
Pasture/Pasture_716.jpg,5
Forest/Forest_328.jpg,1
Forest/Forest_178.jpg,1
Residential/Residential_832.jpg,7
AnnualCrop/AnnualCrop_130.jpg,0
Highway/Highway_682.jpg,3
Industrial/Industrial_1090.jpg,4
HerbaceousVegetation/HerbaceousVegetation_2367.jpg,2
Highway/Highway_2113.jpg,3
PermanentCrop/PermanentCrop_278.jpg,6
HerbaceousVegetation/HerbaceousVegetation_2997.jpg,2
River/River_980.jpg,8
SeaLake/SeaLake_776.jpg,9
Residential/Residential_2672.jpg,7
Residential/Residential_2808.jpg,7
SeaLake/SeaLake_2506.jpg,9
HerbaceousVegetation/HerbaceousVegetation_68.jpg,2
HerbaceousVegetation/HerbaceousVegetation_1719.jpg,2
AnnualCrop/AnnualCrop_2687.jpg,0
PermanentCrop/PermanentCrop_2166.jpg,6
SeaLake/SeaLake_2031.jpg,9
AnnualCrop/AnnualCrop_1320.jpg,0
PermanentCrop/PermanentCrop_695.jpg,6
SeaLake/SeaLake_707.jpg,9
Residential/Residential_846.jpg,7
SeaLake/SeaLake_928.jpg,9
AnnualCrop/AnnualCrop_548.jpg,0
Industrial/Industrial_795.jpg,4
River/River_719.jpg,8
Forest/Forest_954.jpg,1
AnnualCrop/AnnualCrop_2240.jpg,0
AnnualCrop/AnnualCrop_230.jpg,0
PermanentCrop/PermanentCrop_373.jpg,6
Residential/Residential_2493.jpg,7
Pasture/Pasture_860.jpg,5
Residential/Residential_593.jpg,7
Forest/Forest_1257.jpg,1
Industrial/Industrial_1954.jpg,4
PermanentCrop/PermanentCrop_405.jpg,6
AnnualCrop/AnnualCrop_808.jpg,0
Residential/Residential_2658.jpg,7
SeaLake/SeaLake_762.jpg,9
Residential/Residential_2550.jpg,7
Industrial/Industrial_646.jpg,4
SeaLake/SeaLake_1389.jpg,9
PermanentCrop/PermanentCrop_1164.jpg,6
PermanentCrop/PermanentCrop_868.jpg,6
Forest/Forest_2514.jpg,1
Industrial/Industrial_2100.jpg,4
River/River_547.jpg,8
River/River_154.jpg,8
HerbaceousVegetation/HerbaceousVegetation_1109.jpg,2
Pasture/Pasture_228.jpg,5
Residential/Residential_1750.jpg,7
Pasture/Pasture_766.jpg,5
AnnualCrop/AnnualCrop_669.jpg,0
PermanentCrop/PermanentCrop_2104.jpg,6
HerbaceousVegetation/HerbaceousVegetation_2662.jpg,2
Residential/Residential_1598.jpg,7
Residential/Residential_2556.jpg,7
AnnualCrop/AnnualCrop_346.jpg,0
River/River_1970.jpg,8
HerbaceousVegetation/HerbaceousVegetation_1591.jpg,2
AnnualCrop/AnnualCrop_990.jpg,0
AnnualCrop/AnnualCrop_1723.jpg,0
SeaLake/SeaLake_443.jpg,9
SeaLake/SeaLake_319.jpg,9
AnnualCrop/AnnualCrop_1747.jpg,0
SeaLake/SeaLake_1637.jpg,9
Industrial/Industrial_489.jpg,4
Industrial/Industrial_160.jpg,4
Forest/Forest_584.jpg,1
Pasture/Pasture_877.jpg,5
AnnualCrop/AnnualCrop_1288.jpg,0
Residential/Residential_1711.jpg,7
AnnualCrop/AnnualCrop_2652.jpg,0
SeaLake/SeaLake_2766.jpg,9
Pasture/Pasture_1056.jpg,5
Forest/Forest_1314.jpg,1
Forest/Forest_1055.jpg,1
HerbaceousVegetation/HerbaceousVegetation_2229.jpg,2
SeaLake/SeaLake_1598.jpg,9
Forest/Forest_1520.jpg,1
SeaLake/SeaLake_1144.jpg,9
Highway/Highway_13.jpg,3
PermanentCrop/PermanentCrop_1964.jpg,6
Residential/Residential_2992.jpg,7
Highway/Highway_1505.jpg,3
Highway/Highway_1293.jpg,3
HerbaceousVegetation/HerbaceousVegetation_394.jpg,2
AnnualCrop/AnnualCrop_1564.jpg,0
River/River_1272.jpg,8
Residential/Residential_1809.jpg,7
HerbaceousVegetation/HerbaceousVegetation_1531.jpg,2
AnnualCrop/AnnualCrop_2727.jpg,0
AnnualCrop/AnnualCrop_2426.jpg,0
River/River_1758.jpg,8
SeaLake/SeaLake_2150.jpg,9
HerbaceousVegetation/HerbaceousVegetation_2660.jpg,2
Industrial/Industrial_2418.jpg,4
HerbaceousVegetation/HerbaceousVegetation_2628.jpg,2
Forest/Forest_2147.jpg,1
Forest/Forest_1868.jpg,1
River/River_36.jpg,8
SeaLake/SeaLake_1432.jpg,9
PermanentCrop/PermanentCrop_1744.jpg,6
Highway/Highway_2472.jpg,3
AnnualCrop/AnnualCrop_720.jpg,0
SeaLake/SeaLake_2227.jpg,9
Residential/Residential_845.jpg,7
Industrial/Industrial_2146.jpg,4
HerbaceousVegetation/HerbaceousVegetation_1451.jpg,2
Pasture/Pasture_1114.jpg,5
Industrial/Industrial_2285.jpg,4
Industrial/Industrial_1299.jpg,4
HerbaceousVegetation/HerbaceousVegetation_1940.jpg,2
PermanentCrop/PermanentCrop_1332.jpg,6
HerbaceousVegetation/HerbaceousVegetation_1064.jpg,2
River/River_1517.jpg,8
Forest/Forest_2442.jpg,1
Forest/Forest_551.jpg,1
AnnualCrop/AnnualCrop_1497.jpg,0
HerbaceousVegetation/HerbaceousVegetation_1594.jpg,2
River/River_1088.jpg,8
Highway/Highway_62.jpg,3
SeaLake/SeaLake_1463.jpg,9
PermanentCrop/PermanentCrop_680.jpg,6
Highway/Highway_1820.jpg,3
AnnualCrop/AnnualCrop_252.jpg,0
HerbaceousVegetation/HerbaceousVegetation_1466.jpg,2
Forest/Forest_208.jpg,1
Highway/Highway_46.jpg,3
AnnualCrop/AnnualCrop_2983.jpg,0
PermanentCrop/PermanentCrop_1557.jpg,6
AnnualCrop/AnnualCrop_798.jpg,0
Industrial/Industrial_938.jpg,4
River/River_1274.jpg,8
PermanentCrop/PermanentCrop_981.jpg,6
AnnualCrop/AnnualCrop_1675.jpg,0
AnnualCrop/AnnualCrop_580.jpg,0
River/River_1475.jpg,8
AnnualCrop/AnnualCrop_643.jpg,0
River/River_2276.jpg,8
Industrial/Industrial_2121.jpg,4
Industrial/Industrial_1909.jpg,4
Industrial/Industrial_2480.jpg,4
Pasture/Pasture_1611.jpg,5
Industrial/Industrial_2439.jpg,4
AnnualCrop/AnnualCrop_2699.jpg,0
AnnualCrop/AnnualCrop_2685.jpg,0
SeaLake/SeaLake_2367.jpg,9
PermanentCrop/PermanentCrop_168.jpg,6
Residential/Residential_1988.jpg,7
Residential/Residential_1874.jpg,7
Forest/Forest_2338.jpg,1
River/River_271.jpg,8
SeaLake/SeaLake_1893.jpg,9
AnnualCrop/AnnualCrop_2327.jpg,0
Residential/Residential_526.jpg,7
Forest/Forest_810.jpg,1
Pasture/Pasture_467.jpg,5
AnnualCrop/AnnualCrop_1894.jpg,0
Pasture/Pasture_960.jpg,5
Highway/Highway_893.jpg,3
Industrial/Industrial_1884.jpg,4
Pasture/Pasture_1599.jpg,5
HerbaceousVegetation/HerbaceousVegetation_2819.jpg,2
HerbaceousVegetation/HerbaceousVegetation_2813.jpg,2
River/River_429.jpg,8
Residential/Residential_2873.jpg,7
SeaLake/SeaLake_2050.jpg,9
Pasture/Pasture_503.jpg,5
HerbaceousVegetation/HerbaceousVegetation_1219.jpg,2
Residential/Residential_1562.jpg,7
River/River_2122.jpg,8
AnnualCrop/AnnualCrop_85.jpg,0
SeaLake/SeaLake_1406.jpg,9
Highway/Highway_1061.jpg,3
Residential/Residential_2095.jpg,7
AnnualCrop/AnnualCrop_1148.jpg,0
Industrial/Industrial_909.jpg,4
River/River_2173.jpg,8
AnnualCrop/AnnualCrop_1962.jpg,0
Pasture/Pasture_136.jpg,5
HerbaceousVegetation/HerbaceousVegetation_2981.jpg,2
Industrial/Industrial_656.jpg,4
Highway/Highway_669.jpg,3
Industrial/Industrial_2245.jpg,4
Forest/Forest_1704.jpg,1
AnnualCrop/AnnualCrop_908.jpg,0
Highway/Highway_2417.jpg,3
AnnualCrop/AnnualCrop_2537.jpg,0
Forest/Forest_404.jpg,1
River/River_1838.jpg,8
Industrial/Industrial_59.jpg,4
Forest/Forest_2264.jpg,1
AnnualCrop/AnnualCrop_1145.jpg,0
River/River_1313.jpg,8
HerbaceousVegetation/HerbaceousVegetation_2018.jpg,2
SeaLake/SeaLake_1987.jpg,9
Forest/Forest_2848.jpg,1
Industrial/Industrial_406.jpg,4
Highway/Highway_86.jpg,3
HerbaceousVegetation/HerbaceousVegetation_880.jpg,2
Forest/Forest_2146.jpg,1
Industrial/Industrial_1066.jpg,4
Pasture/Pasture_688.jpg,5
Industrial/Industrial_923.jpg,4
HerbaceousVegetation/HerbaceousVegetation_1567.jpg,2
Residential/Residential_1752.jpg,7
Highway/Highway_2064.jpg,3
Highway/Highway_440.jpg,3
River/River_2318.jpg,8
Forest/Forest_2353.jpg,1
Highway/Highway_1611.jpg,3
River/River_1921.jpg,8
Pasture/Pasture_470.jpg,5
SeaLake/SeaLake_1635.jpg,9
Industrial/Industrial_1176.jpg,4
Forest/Forest_2864.jpg,1
Residential/Residential_1580.jpg,7
SeaLake/SeaLake_1479.jpg,9
HerbaceousVegetation/HerbaceousVegetation_807.jpg,2
SeaLake/SeaLake_2540.jpg,9
Industrial/Industrial_2056.jpg,4
PermanentCrop/PermanentCrop_2164.jpg,6
HerbaceousVegetation/HerbaceousVegetation_1596.jpg,2
SeaLake/SeaLake_1045.jpg,9
River/River_1125.jpg,8
SeaLake/SeaLake_1467.jpg,9
Industrial/Industrial_211.jpg,4
Industrial/Industrial_230.jpg,4
Forest/Forest_439.jpg,1
Highway/Highway_2285.jpg,3
AnnualCrop/AnnualCrop_2481.jpg,0
Industrial/Industrial_1377.jpg,4
PermanentCrop/PermanentCrop_1638.jpg,6
River/River_108.jpg,8
Residential/Residential_838.jpg,7
Residential/Residential_367.jpg,7
AnnualCrop/AnnualCrop_1837.jpg,0
Industrial/Industrial_2361.jpg,4
Residential/Residential_2020.jpg,7
Residential/Residential_655.jpg,7
Industrial/Industrial_1780.jpg,4
Residential/Residential_2958.jpg,7
Highway/Highway_2332.jpg,3
Forest/Forest_2898.jpg,1
Highway/Highway_1136.jpg,3
SeaLake/SeaLake_1058.jpg,9
Forest/Forest_2100.jpg,1
Industrial/Industrial_1451.jpg,4
River/River_824.jpg,8
HerbaceousVegetation/HerbaceousVegetation_1963.jpg,2
River/River_1757.jpg,8
PermanentCrop/PermanentCrop_731.jpg,6
Industrial/Industrial_836.jpg,4
HerbaceousVegetation/HerbaceousVegetation_1957.jpg,2
Pasture/Pasture_1583.jpg,5
Highway/Highway_674.jpg,3
PermanentCrop/PermanentCrop_1050.jpg,6
AnnualCrop/AnnualCrop_1940.jpg,0
Residential/Residential_807.jpg,7
AnnualCrop/AnnualCrop_2932.jpg,0
AnnualCrop/AnnualCrop_2022.jpg,0
Pasture/Pasture_624.jpg,5
HerbaceousVegetation/HerbaceousVegetation_1044.jpg,2
River/River_1860.jpg,8
Pasture/Pasture_1344.jpg,5
Forest/Forest_2689.jpg,1
SeaLake/SeaLake_2128.jpg,9
Highway/Highway_1525.jpg,3
HerbaceousVegetation/HerbaceousVegetation_264.jpg,2
HerbaceousVegetation/HerbaceousVegetation_751.jpg,2
Industrial/Industrial_2095.jpg,4
Forest/Forest_1153.jpg,1
Highway/Highway_1095.jpg,3
Pasture/Pasture_617.jpg,5
HerbaceousVegetation/HerbaceousVegetation_2649.jpg,2
AnnualCrop/AnnualCrop_1923.jpg,0
SeaLake/SeaLake_2216.jpg,9
Pasture/Pasture_214.jpg,5
SeaLake/SeaLake_155.jpg,9
Residential/Residential_2646.jpg,7
SeaLake/SeaLake_921.jpg,9
Highway/Highway_1016.jpg,3
Forest/Forest_2876.jpg,1
Forest/Forest_983.jpg,1
Forest/Forest_1180.jpg,1
Residential/Residential_1553.jpg,7
HerbaceousVegetation/HerbaceousVegetation_1420.jpg,2
SeaLake/SeaLake_572.jpg,9
Forest/Forest_628.jpg,1
HerbaceousVegetation/HerbaceousVegetation_951.jpg,2
Residential/Residential_1108.jpg,7
Highway/Highway_467.jpg,3
Highway/Highway_1595.jpg,3
Pasture/Pasture_1193.jpg,5
HerbaceousVegetation/HerbaceousVegetation_2533.jpg,2
Residential/Residential_2258.jpg,7
Residential/Residential_1306.jpg,7
SeaLake/SeaLake_2593.jpg,9
SeaLake/SeaLake_1929.jpg,9
HerbaceousVegetation/HerbaceousVegetation_713.jpg,2
River/River_1856.jpg,8
AnnualCrop/AnnualCrop_3000.jpg,0
HerbaceousVegetation/HerbaceousVegetation_2453.jpg,2
Forest/Forest_1294.jpg,1
HerbaceousVegetation/HerbaceousVegetation_851.jpg,2
Industrial/Industrial_1756.jpg,4
AnnualCrop/AnnualCrop_1792.jpg,0
AnnualCrop/AnnualCrop_1499.jpg,0
SeaLake/SeaLake_559.jpg,9
HerbaceousVegetation/HerbaceousVegetation_1735.jpg,2
Pasture/Pasture_1701.jpg,5
PermanentCrop/PermanentCrop_2417.jpg,6
PermanentCrop/PermanentCrop_1733.jpg,6
HerbaceousVegetation/HerbaceousVegetation_2577.jpg,2
SeaLake/SeaLake_72.jpg,9
River/River_1707.jpg,8
Residential/Residential_2714.jpg,7
River/River_387.jpg,8
AnnualCrop/AnnualCrop_2938.jpg,0
PermanentCrop/PermanentCrop_955.jpg,6
HerbaceousVegetation/HerbaceousVegetation_1263.jpg,2
PermanentCrop/PermanentCrop_625.jpg,6
Highway/Highway_107.jpg,3
River/River_2387.jpg,8
Residential/Residential_1939.jpg,7
Forest/Forest_753.jpg,1
Industrial/Industrial_1041.jpg,4
River/River_295.jpg,8
Industrial/Industrial_817.jpg,4
SeaLake/SeaLake_1036.jpg,9
HerbaceousVegetation/HerbaceousVegetation_861.jpg,2
AnnualCrop/AnnualCrop_1063.jpg,0
Industrial/Industrial_1921.jpg,4
AnnualCrop/AnnualCrop_1157.jpg,0
Highway/Highway_1382.jpg,3
River/River_1960.jpg,8
AnnualCrop/AnnualCrop_2273.jpg,0
Pasture/Pasture_1760.jpg,5
SeaLake/SeaLake_2729.jpg,9
Residential/Residential_2793.jpg,7
Residential/Residential_476.jpg,7
Highway/Highway_411.jpg,3
Residential/Residential_2926.jpg,7
AnnualCrop/AnnualCrop_606.jpg,0
AnnualCrop/AnnualCrop_360.jpg,0
Industrial/Industrial_300.jpg,4
Pasture/Pasture_1054.jpg,5
Residential/Residential_712.jpg,7
Residential/Residential_215.jpg,7
Forest/Forest_1069.jpg,1
SeaLake/SeaLake_2357.jpg,9
SeaLake/SeaLake_1774.jpg,9
PermanentCrop/PermanentCrop_1207.jpg,6
PermanentCrop/PermanentCrop_2468.jpg,6
AnnualCrop/AnnualCrop_121.jpg,0
HerbaceousVegetation/HerbaceousVegetation_471.jpg,2
PermanentCrop/PermanentCrop_869.jpg,6
PermanentCrop/PermanentCrop_2069.jpg,6
AnnualCrop/AnnualCrop_2303.jpg,0
Forest/Forest_1164.jpg,1
Pasture/Pasture_368.jpg,5
PermanentCrop/PermanentCrop_2146.jpg,6
River/River_1030.jpg,8
Industrial/Industrial_812.jpg,4
Highway/Highway_1871.jpg,3
Pasture/Pasture_1176.jpg,5
SeaLake/SeaLake_818.jpg,9
Industrial/Industrial_625.jpg,4
Forest/Forest_346.jpg,1
Residential/Residential_1293.jpg,7
HerbaceousVegetation/HerbaceousVegetation_1860.jpg,2
Forest/Forest_2554.jpg,1
AnnualCrop/AnnualCrop_1218.jpg,0
SeaLake/SeaLake_2751.jpg,9
Residential/Residential_626.jpg,7
Industrial/Industrial_1796.jpg,4
SeaLake/SeaLake_2441.jpg,9
HerbaceousVegetation/HerbaceousVegetation_58.jpg,2
Industrial/Industrial_301.jpg,4
Residential/Residential_1678.jpg,7
AnnualCrop/AnnualCrop_2354.jpg,0
River/River_1816.jpg,8
Residential/Residential_568.jpg,7
Residential/Residential_1982.jpg,7
Highway/Highway_1574.jpg,3
AnnualCrop/AnnualCrop_634.jpg,0
HerbaceousVegetation/HerbaceousVegetation_102.jpg,2
Residential/Residential_139.jpg,7
SeaLake/SeaLake_1907.jpg,9
Forest/Forest_1118.jpg,1
AnnualCrop/AnnualCrop_2475.jpg,0
SeaLake/SeaLake_1705.jpg,9
PermanentCrop/PermanentCrop_2001.jpg,6
AnnualCrop/AnnualCrop_377.jpg,0
Highway/Highway_1309.jpg,3
River/River_2429.jpg,8
Pasture/Pasture_5.jpg,5
River/River_2307.jpg,8
Highway/Highway_694.jpg,3
SeaLake/SeaLake_769.jpg,9
Forest/Forest_2396.jpg,1
Residential/Residential_674.jpg,7
Forest/Forest_900.jpg,1
Industrial/Industrial_2033.jpg,4
AnnualCrop/AnnualCrop_1123.jpg,0
PermanentCrop/PermanentCrop_241.jpg,6
Industrial/Industrial_459.jpg,4
SeaLake/SeaLake_982.jpg,9
Pasture/Pasture_1667.jpg,5
Industrial/Industrial_1846.jpg,4
River/River_2073.jpg,8
Forest/Forest_1038.jpg,1
HerbaceousVegetation/HerbaceousVegetation_2052.jpg,2
AnnualCrop/AnnualCrop_2514.jpg,0
Industrial/Industrial_1694.jpg,4
SeaLake/SeaLake_1178.jpg,9
HerbaceousVegetation/HerbaceousVegetation_853.jpg,2
AnnualCrop/AnnualCrop_2868.jpg,0
Industrial/Industrial_1666.jpg,4
Residential/Residential_2170.jpg,7
River/River_1387.jpg,8
Pasture/Pasture_632.jpg,5
Highway/Highway_503.jpg,3
PermanentCrop/PermanentCrop_1399.jpg,6
Forest/Forest_173.jpg,1
Highway/Highway_531.jpg,3
SeaLake/SeaLake_1071.jpg,9
River/River_2257.jpg,8
Forest/Forest_562.jpg,1
River/River_2332.jpg,8
HerbaceousVegetation/HerbaceousVegetation_1659.jpg,2
Industrial/Industrial_1434.jpg,4
Highway/Highway_1834.jpg,3
AnnualCrop/AnnualCrop_347.jpg,0
PermanentCrop/PermanentCrop_139.jpg,6
Industrial/Industrial_1316.jpg,4
Forest/Forest_1064.jpg,1
PermanentCrop/PermanentCrop_756.jpg,6
Residential/Residential_2366.jpg,7
Forest/Forest_1527.jpg,1
Highway/Highway_1203.jpg,3
SeaLake/SeaLake_2964.jpg,9
PermanentCrop/PermanentCrop_464.jpg,6
Industrial/Industrial_1363.jpg,4
SeaLake/SeaLake_1780.jpg,9
HerbaceousVegetation/HerbaceousVegetation_2787.jpg,2
Residential/Residential_154.jpg,7
PermanentCrop/PermanentCrop_1564.jpg,6
Forest/Forest_2510.jpg,1
HerbaceousVegetation/HerbaceousVegetation_907.jpg,2
SeaLake/SeaLake_1405.jpg,9
Pasture/Pasture_1737.jpg,5
Highway/Highway_1365.jpg,3
Residential/Residential_1566.jpg,7
Forest/Forest_2225.jpg,1
Highway/Highway_2132.jpg,3
Pasture/Pasture_715.jpg,5
Residential/Residential_1339.jpg,7
Highway/Highway_2002.jpg,3
Pasture/Pasture_626.jpg,5
PermanentCrop/PermanentCrop_2045.jpg,6
AnnualCrop/AnnualCrop_968.jpg,0
SeaLake/SeaLake_2858.jpg,9
SeaLake/SeaLake_296.jpg,9
Pasture/Pasture_168.jpg,5
PermanentCrop/PermanentCrop_1360.jpg,6
Forest/Forest_2186.jpg,1
Pasture/Pasture_1670.jpg,5
Forest/Forest_2673.jpg,1
HerbaceousVegetation/HerbaceousVegetation_1240.jpg,2
SeaLake/SeaLake_554.jpg,9
AnnualCrop/AnnualCrop_1445.jpg,0
River/River_1154.jpg,8
River/River_2358.jpg,8
SeaLake/SeaLake_1701.jpg,9
Highway/Highway_819.jpg,3
Forest/Forest_2652.jpg,1
PermanentCrop/PermanentCrop_2420.jpg,6
Pasture/Pasture_991.jpg,5
Residential/Residential_399.jpg,7
HerbaceousVegetation/HerbaceousVegetation_1283.jpg,2
Industrial/Industrial_79.jpg,4
River/River_1002.jpg,8
Residential/Residential_864.jpg,7
HerbaceousVegetation/HerbaceousVegetation_256.jpg,2
Industrial/Industrial_1455.jpg,4
PermanentCrop/PermanentCrop_324.jpg,6
Industrial/Industrial_1341.jpg,4
Highway/Highway_2037.jpg,3
Highway/Highway_883.jpg,3
Industrial/Industrial_2135.jpg,4
Pasture/Pasture_1161.jpg,5
Residential/Residential_1204.jpg,7
Industrial/Industrial_1060.jpg,4
AnnualCrop/AnnualCrop_1463.jpg,0
AnnualCrop/AnnualCrop_1232.jpg,0
Forest/Forest_1553.jpg,1
Forest/Forest_2497.jpg,1
HerbaceousVegetation/HerbaceousVegetation_1558.jpg,2
River/River_803.jpg,8
HerbaceousVegetation/HerbaceousVegetation_417.jpg,2
HerbaceousVegetation/HerbaceousVegetation_1359.jpg,2
River/River_1408.jpg,8
AnnualCrop/AnnualCrop_97.jpg,0
Pasture/Pasture_1174.jpg,5
HerbaceousVegetation/HerbaceousVegetation_688.jpg,2
Forest/Forest_1784.jpg,1
Pasture/Pasture_1287.jpg,5
AnnualCrop/AnnualCrop_1126.jpg,0
SeaLake/SeaLake_1649.jpg,9
Highway/Highway_834.jpg,3
Pasture/Pasture_511.jpg,5
SeaLake/SeaLake_59.jpg,9
River/River_1211.jpg,8
Forest/Forest_258.jpg,1
Industrial/Industrial_1627.jpg,4
Residential/Residential_13.jpg,7
SeaLake/SeaLake_1284.jpg,9
Residential/Residential_2163.jpg,7
Industrial/Industrial_2393.jpg,4
River/River_331.jpg,8
Forest/Forest_1995.jpg,1
PermanentCrop/PermanentCrop_276.jpg,6
Forest/Forest_580.jpg,1
Industrial/Industrial_2287.jpg,4
PermanentCrop/PermanentCrop_29.jpg,6
Pasture/Pasture_611.jpg,5
SeaLake/SeaLake_1343.jpg,9
AnnualCrop/AnnualCrop_960.jpg,0
Highway/Highway_869.jpg,3
Pasture/Pasture_1426.jpg,5
HerbaceousVegetation/HerbaceousVegetation_1671.jpg,2
SeaLake/SeaLake_737.jpg,9
River/River_89.jpg,8
Industrial/Industrial_1462.jpg,4
River/River_2218.jpg,8
SeaLake/SeaLake_1247.jpg,9
SeaLake/SeaLake_2511.jpg,9
SeaLake/SeaLake_2196.jpg,9
PermanentCrop/PermanentCrop_2351.jpg,6
AnnualCrop/AnnualCrop_974.jpg,0
Pasture/Pasture_520.jpg,5
HerbaceousVegetation/HerbaceousVegetation_2164.jpg,2
SeaLake/SeaLake_2055.jpg,9
Forest/Forest_1860.jpg,1
Industrial/Industrial_1568.jpg,4
AnnualCrop/AnnualCrop_856.jpg,0
PermanentCrop/PermanentCrop_1129.jpg,6
Highway/Highway_128.jpg,3
River/River_501.jpg,8
HerbaceousVegetation/HerbaceousVegetation_2102.jpg,2
AnnualCrop/AnnualCrop_1345.jpg,0
Forest/Forest_1923.jpg,1
River/River_1673.jpg,8
Forest/Forest_1246.jpg,1
Residential/Residential_1743.jpg,7
Highway/Highway_2031.jpg,3
Highway/Highway_961.jpg,3
SeaLake/SeaLake_1033.jpg,9
Industrial/Industrial_2010.jpg,4
HerbaceousVegetation/HerbaceousVegetation_1985.jpg,2
Industrial/Industrial_1334.jpg,4
Residential/Residential_1583.jpg,7
Pasture/Pasture_1811.jpg,5
SeaLake/SeaLake_1053.jpg,9
PermanentCrop/PermanentCrop_1566.jpg,6
River/River_995.jpg,8
Residential/Residential_870.jpg,7
Residential/Residential_1298.jpg,7
Residential/Residential_1693.jpg,7
SeaLake/SeaLake_1801.jpg,9
River/River_1907.jpg,8
AnnualCrop/AnnualCrop_1419.jpg,0
Forest/Forest_2158.jpg,1
AnnualCrop/AnnualCrop_2245.jpg,0
River/River_1308.jpg,8
Residential/Residential_1496.jpg,7
Pasture/Pasture_1733.jpg,5
SeaLake/SeaLake_1566.jpg,9
Pasture/Pasture_1967.jpg,5
Highway/Highway_935.jpg,3
Residential/Residential_1122.jpg,7
River/River_1534.jpg,8
Industrial/Industrial_1572.jpg,4
Forest/Forest_2054.jpg,1
PermanentCrop/PermanentCrop_482.jpg,6
Highway/Highway_1480.jpg,3
Forest/Forest_1184.jpg,1
HerbaceousVegetation/HerbaceousVegetation_705.jpg,2
Pasture/Pasture_369.jpg,5
Residential/Residential_2552.jpg,7
Pasture/Pasture_1497.jpg,5
Residential/Residential_1353.jpg,7
AnnualCrop/AnnualCrop_1316.jpg,0
HerbaceousVegetation/HerbaceousVegetation_64.jpg,2
Forest/Forest_1882.jpg,1
SeaLake/SeaLake_806.jpg,9
PermanentCrop/PermanentCrop_684.jpg,6
River/River_1620.jpg,8
Industrial/Industrial_917.jpg,4
AnnualCrop/AnnualCrop_334.jpg,0
Residential/Residential_1409.jpg,7
Highway/Highway_2244.jpg,3
Pasture/Pasture_1842.jpg,5
Forest/Forest_1871.jpg,1
HerbaceousVegetation/HerbaceousVegetation_382.jpg,2
SeaLake/SeaLake_1367.jpg,9
Residential/Residential_1231.jpg,7
PermanentCrop/PermanentCrop_1210.jpg,6
AnnualCrop/AnnualCrop_2901.jpg,0
Residential/Residential_363.jpg,7
Forest/Forest_1919.jpg,1
PermanentCrop/PermanentCrop_1124.jpg,6
Residential/Residential_2707.jpg,7
Residential/Residential_2229.jpg,7
SeaLake/SeaLake_1890.jpg,9
Forest/Forest_2764.jpg,1
SeaLake/SeaLake_2846.jpg,9
Pasture/Pasture_838.jpg,5
PermanentCrop/PermanentCrop_17.jpg,6
PermanentCrop/PermanentCrop_68.jpg,6
Highway/Highway_490.jpg,3
AnnualCrop/AnnualCrop_1632.jpg,0
AnnualCrop/AnnualCrop_2534.jpg,0
Forest/Forest_133.jpg,1
SeaLake/SeaLake_661.jpg,9
Highway/Highway_1853.jpg,3
River/River_1346.jpg,8
SeaLake/SeaLake_1863.jpg,9
Forest/Forest_2205.jpg,1
Residential/Residential_1762.jpg,7
AnnualCrop/AnnualCrop_2752.jpg,0
Residential/Residential_404.jpg,7
Residential/Residential_2949.jpg,7
SeaLake/SeaLake_92.jpg,9
River/River_1547.jpg,8
PermanentCrop/PermanentCrop_27.jpg,6
Highway/Highway_916.jpg,3
Industrial/Industrial_461.jpg,4
Pasture/Pasture_1325.jpg,5
River/River_1467.jpg,8
Residential/Residential_1597.jpg,7
Industrial/Industrial_1727.jpg,4
Industrial/Industrial_560.jpg,4
HerbaceousVegetation/HerbaceousVegetation_2436.jpg,2
River/River_1643.jpg,8
Highway/Highway_1474.jpg,3
HerbaceousVegetation/HerbaceousVegetation_148.jpg,2
River/River_1146.jpg,8
Forest/Forest_695.jpg,1
Industrial/Industrial_1520.jpg,4
Pasture/Pasture_631.jpg,5
River/River_859.jpg,8
Industrial/Industrial_350.jpg,4
Forest/Forest_502.jpg,1
Residential/Residential_844.jpg,7
PermanentCrop/PermanentCrop_1268.jpg,6
River/River_2277.jpg,8
Residential/Residential_2615.jpg,7
SeaLake/SeaLake_628.jpg,9
AnnualCrop/AnnualCrop_2631.jpg,0
HerbaceousVegetation/HerbaceousVegetation_1930.jpg,2
SeaLake/SeaLake_1342.jpg,9
Industrial/Industrial_443.jpg,4
HerbaceousVegetation/HerbaceousVegetation_2671.jpg,2
AnnualCrop/AnnualCrop_2780.jpg,0
HerbaceousVegetation/HerbaceousVegetation_2586.jpg,2
Forest/Forest_2984.jpg,1
Residential/Residential_1554.jpg,7
Residential/Residential_646.jpg,7
River/River_238.jpg,8
SeaLake/SeaLake_883.jpg,9
SeaLake/SeaLake_1687.jpg,9
HerbaceousVegetation/HerbaceousVegetation_2107.jpg,2
AnnualCrop/AnnualCrop_1343.jpg,0
River/River_1317.jpg,8
Forest/Forest_2622.jpg,1
HerbaceousVegetation/HerbaceousVegetation_689.jpg,2
Industrial/Industrial_2162.jpg,4
Residential/Residential_2786.jpg,7
SeaLake/SeaLake_11.jpg,9
Industrial/Industrial_1841.jpg,4
River/River_1911.jpg,8
SeaLake/SeaLake_2377.jpg,9
Residential/Residential_1937.jpg,7
HerbaceousVegetation/HerbaceousVegetation_2656.jpg,2
Industrial/Industrial_1679.jpg,4
Highway/Highway_960.jpg,3
PermanentCrop/PermanentCrop_1623.jpg,6
PermanentCrop/PermanentCrop_572.jpg,6
Residential/Residential_2945.jpg,7
Residential/Residential_1997.jpg,7
AnnualCrop/AnnualCrop_1572.jpg,0
AnnualCrop/AnnualCrop_614.jpg,0
Forest/Forest_486.jpg,1
AnnualCrop/AnnualCrop_1299.jpg,0
AnnualCrop/AnnualCrop_2445.jpg,0
AnnualCrop/AnnualCrop_495.jpg,0
PermanentCrop/PermanentCrop_1641.jpg,6
HerbaceousVegetation/HerbaceousVegetation_405.jpg,2
River/River_2401.jpg,8
Residential/Residential_1084.jpg,7
Residential/Residential_2717.jpg,7
Industrial/Industrial_2332.jpg,4
Forest/Forest_156.jpg,1
Highway/Highway_818.jpg,3
AnnualCrop/AnnualCrop_1528.jpg,0
River/River_1266.jpg,8
Residential/Residential_2319.jpg,7
Residential/Residential_1504.jpg,7
HerbaceousVegetation/HerbaceousVegetation_1922.jpg,2
AnnualCrop/AnnualCrop_1429.jpg,0
Residential/Residential_1754.jpg,7
HerbaceousVegetation/HerbaceousVegetation_2922.jpg,2
Forest/Forest_203.jpg,1
Residential/Residential_2591.jpg,7
PermanentCrop/PermanentCrop_66.jpg,6
PermanentCrop/PermanentCrop_995.jpg,6
River/River_513.jpg,8
Industrial/Industrial_1842.jpg,4
Forest/Forest_832.jpg,1
Residential/Residential_307.jpg,7
PermanentCrop/PermanentCrop_1679.jpg,6
Pasture/Pasture_730.jpg,5
SeaLake/SeaLake_830.jpg,9
River/River_57.jpg,8
Residential/Residential_557.jpg,7
SeaLake/SeaLake_1844.jpg,9
SeaLake/SeaLake_2011.jpg,9
Residential/Residential_944.jpg,7
AnnualCrop/AnnualCrop_1193.jpg,0
AnnualCrop/AnnualCrop_855.jpg,0
Forest/Forest_1741.jpg,1
Forest/Forest_548.jpg,1
Residential/Residential_1602.jpg,7
HerbaceousVegetation/HerbaceousVegetation_179.jpg,2
Pasture/Pasture_542.jpg,5
Highway/Highway_1440.jpg,3
Industrial/Industrial_2471.jpg,4
River/River_794.jpg,8
Industrial/Industrial_1925.jpg,4
Forest/Forest_1597.jpg,1
Residential/Residential_1164.jpg,7
Industrial/Industrial_1867.jpg,4
Forest/Forest_456.jpg,1
Forest/Forest_1601.jpg,1
HerbaceousVegetation/HerbaceousVegetation_655.jpg,2
SeaLake/SeaLake_1278.jpg,9
PermanentCrop/PermanentCrop_2022.jpg,6
Forest/Forest_1204.jpg,1
AnnualCrop/AnnualCrop_315.jpg,0
Forest/Forest_2790.jpg,1
Highway/Highway_1184.jpg,3
Residential/Residential_2371.jpg,7
AnnualCrop/AnnualCrop_2668.jpg,0
Industrial/Industrial_743.jpg,4
Highway/Highway_756.jpg,3
Residential/Residential_1893.jpg,7
Forest/Forest_157.jpg,1
AnnualCrop/AnnualCrop_2700.jpg,0
AnnualCrop/AnnualCrop_817.jpg,0
AnnualCrop/AnnualCrop_2573.jpg,0
Forest/Forest_559.jpg,1
Pasture/Pasture_370.jpg,5
SeaLake/SeaLake_553.jpg,9
SeaLake/SeaLake_1256.jpg,9
AnnualCrop/AnnualCrop_440.jpg,0
Highway/Highway_808.jpg,3
Residential/Residential_1053.jpg,7
SeaLake/SeaLake_2397.jpg,9
Forest/Forest_2416.jpg,1
SeaLake/SeaLake_788.jpg,9
Industrial/Industrial_2315.jpg,4
Pasture/Pasture_1295.jpg,5
AnnualCrop/AnnualCrop_1850.jpg,0
SeaLake/SeaLake_2491.jpg,9
Residential/Residential_2208.jpg,7
Residential/Residential_1866.jpg,7
HerbaceousVegetation/HerbaceousVegetation_2224.jpg,2
AnnualCrop/AnnualCrop_1240.jpg,0
Industrial/Industrial_1043.jpg,4
Forest/Forest_2202.jpg,1
Highway/Highway_2018.jpg,3
Highway/Highway_1454.jpg,3
Residential/Residential_1748.jpg,7
AnnualCrop/AnnualCrop_1053.jpg,0
AnnualCrop/AnnualCrop_2791.jpg,0
SeaLake/SeaLake_1873.jpg,9
River/River_1881.jpg,8
River/River_1066.jpg,8
Pasture/Pasture_1156.jpg,5
Pasture/Pasture_1486.jpg,5
Forest/Forest_2102.jpg,1
AnnualCrop/AnnualCrop_2299.jpg,0
HerbaceousVegetation/HerbaceousVegetation_1362.jpg,2
Residential/Residential_1059.jpg,7
Forest/Forest_336.jpg,1
PermanentCrop/PermanentCrop_1553.jpg,6
SeaLake/SeaLake_986.jpg,9
PermanentCrop/PermanentCrop_1381.jpg,6
Forest/Forest_1399.jpg,1
Industrial/Industrial_566.jpg,4
Pasture/Pasture_1916.jpg,5
AnnualCrop/AnnualCrop_2504.jpg,0
River/River_2161.jpg,8
Industrial/Industrial_2321.jpg,4
Pasture/Pasture_1140.jpg,5
PermanentCrop/PermanentCrop_976.jpg,6
AnnualCrop/AnnualCrop_1103.jpg,0
AnnualCrop/AnnualCrop_463.jpg,0
Highway/Highway_1864.jpg,3
Highway/Highway_1863.jpg,3
Industrial/Industrial_1416.jpg,4
AnnualCrop/AnnualCrop_630.jpg,0
PermanentCrop/PermanentCrop_1707.jpg,6
Forest/Forest_2156.jpg,1
HerbaceousVegetation/HerbaceousVegetation_2760.jpg,2
River/River_2265.jpg,8
AnnualCrop/AnnualCrop_1930.jpg,0
Industrial/Industrial_694.jpg,4
SeaLake/SeaLake_2557.jpg,9
Highway/Highway_39.jpg,3
Forest/Forest_2493.jpg,1
River/River_1759.jpg,8
HerbaceousVegetation/HerbaceousVegetation_1666.jpg,2
AnnualCrop/AnnualCrop_1076.jpg,0
Highway/Highway_1552.jpg,3
SeaLake/SeaLake_849.jpg,9
River/River_948.jpg,8
Highway/Highway_2152.jpg,3
Highway/Highway_226.jpg,3
Residential/Residential_2548.jpg,7
Residential/Residential_162.jpg,7
AnnualCrop/AnnualCrop_2696.jpg,0
HerbaceousVegetation/HerbaceousVegetation_572.jpg,2
Pasture/Pasture_75.jpg,5
Pasture/Pasture_1187.jpg,5
HerbaceousVegetation/HerbaceousVegetation_1678.jpg,2
AnnualCrop/AnnualCrop_1078.jpg,0
SeaLake/SeaLake_2280.jpg,9
AnnualCrop/AnnualCrop_477.jpg,0
Forest/Forest_1859.jpg,1
Forest/Forest_2904.jpg,1
River/River_1287.jpg,8
Forest/Forest_1066.jpg,1
Highway/Highway_2407.jpg,3
PermanentCrop/PermanentCrop_817.jpg,6
Residential/Residential_2844.jpg,7
HerbaceousVegetation/HerbaceousVegetation_295.jpg,2
Residential/Residential_866.jpg,7
HerbaceousVegetation/HerbaceousVegetation_1701.jpg,2
Pasture/Pasture_35.jpg,5
Industrial/Industrial_1396.jpg,4
Highway/Highway_2236.jpg,3
Forest/Forest_719.jpg,1
Forest/Forest_358.jpg,1
PermanentCrop/PermanentCrop_879.jpg,6
Forest/Forest_2372.jpg,1
River/River_1327.jpg,8
Highway/Highway_1313.jpg,3
AnnualCrop/AnnualCrop_945.jpg,0
HerbaceousVegetation/HerbaceousVegetation_2558.jpg,2
River/River_2299.jpg,8
Forest/Forest_2223.jpg,1
River/River_1909.jpg,8
Forest/Forest_1476.jpg,1
Forest/Forest_1732.jpg,1
HerbaceousVegetation/HerbaceousVegetation_567.jpg,2
HerbaceousVegetation/HerbaceousVegetation_1667.jpg,2
Highway/Highway_2499.jpg,3
HerbaceousVegetation/HerbaceousVegetation_451.jpg,2
SeaLake/SeaLake_2334.jpg,9
Forest/Forest_1887.jpg,1
Highway/Highway_630.jpg,3
SeaLake/SeaLake_1170.jpg,9
Residential/Residential_707.jpg,7
River/River_2083.jpg,8
Residential/Residential_2781.jpg,7
Forest/Forest_306.jpg,1
Industrial/Industrial_1734.jpg,4
Highway/Highway_1531.jpg,3
AnnualCrop/AnnualCrop_32.jpg,0
Highway/Highway_265.jpg,3
Forest/Forest_863.jpg,1
AnnualCrop/AnnualCrop_1355.jpg,0
Residential/Residential_1588.jpg,7
Forest/Forest_2037.jpg,1
SeaLake/SeaLake_223.jpg,9
PermanentCrop/PermanentCrop_214.jpg,6
AnnualCrop/AnnualCrop_46.jpg,0
Highway/Highway_1780.jpg,3
PermanentCrop/PermanentCrop_314.jpg,6
Forest/Forest_2265.jpg,1
PermanentCrop/PermanentCrop_1601.jpg,6
River/River_1568.jpg,8
Pasture/Pasture_560.jpg,5
Highway/Highway_1467.jpg,3
SeaLake/SeaLake_1867.jpg,9
PermanentCrop/PermanentCrop_980.jpg,6
Forest/Forest_1533.jpg,1
PermanentCrop/PermanentCrop_2487.jpg,6
SeaLake/SeaLake_632.jpg,9
Highway/Highway_413.jpg,3
Forest/Forest_922.jpg,1
River/River_1007.jpg,8
River/River_2288.jpg,8
Forest/Forest_2055.jpg,1
AnnualCrop/AnnualCrop_728.jpg,0
Industrial/Industrial_94.jpg,4
Residential/Residential_1611.jpg,7
River/River_1615.jpg,8
AnnualCrop/AnnualCrop_1395.jpg,0
Highway/Highway_2416.jpg,3
Forest/Forest_1857.jpg,1
PermanentCrop/PermanentCrop_1916.jpg,6
Forest/Forest_1802.jpg,1
SeaLake/SeaLake_1172.jpg,9
Residential/Residential_1280.jpg,7
Forest/Forest_840.jpg,1
Residential/Residential_1123.jpg,7
HerbaceousVegetation/HerbaceousVegetation_1575.jpg,2
HerbaceousVegetation/HerbaceousVegetation_159.jpg,2
Forest/Forest_895.jpg,1
Forest/Forest_739.jpg,1
Highway/Highway_1629.jpg,3
Forest/Forest_1339.jpg,1
Highway/Highway_1426.jpg,3
AnnualCrop/AnnualCrop_2881.jpg,0
AnnualCrop/AnnualCrop_2891.jpg,0
HerbaceousVegetation/HerbaceousVegetation_595.jpg,2
SeaLake/SeaLake_464.jpg,9
SeaLake/SeaLake_920.jpg,9
Residential/Residential_711.jpg,7
PermanentCrop/PermanentCrop_2046.jpg,6
HerbaceousVegetation/HerbaceousVegetation_1547.jpg,2
River/River_2157.jpg,8
Residential/Residential_2138.jpg,7
Forest/Forest_1972.jpg,1
PermanentCrop/PermanentCrop_2020.jpg,6
Industrial/Industrial_1521.jpg,4
Residential/Residential_255.jpg,7
SeaLake/SeaLake_182.jpg,9
Pasture/Pasture_902.jpg,5
SeaLake/SeaLake_113.jpg,9
River/River_86.jpg,8
Highway/Highway_153.jpg,3
SeaLake/SeaLake_1451.jpg,9
Residential/Residential_1034.jpg,7
PermanentCrop/PermanentCrop_2394.jpg,6
Industrial/Industrial_276.jpg,4
Pasture/Pasture_1931.jpg,5
Pasture/Pasture_88.jpg,5
Industrial/Industrial_1872.jpg,4
Industrial/Industrial_1177.jpg,4
SeaLake/SeaLake_623.jpg,9
HerbaceousVegetation/HerbaceousVegetation_2590.jpg,2
Residential/Residential_567.jpg,7
Industrial/Industrial_1944.jpg,4
HerbaceousVegetation/HerbaceousVegetation_1496.jpg,2
Pasture/Pasture_931.jpg,5
AnnualCrop/AnnualCrop_1921.jpg,0
Highway/Highway_1953.jpg,3
Residential/Residential_1275.jpg,7
Forest/Forest_1133.jpg,1
AnnualCrop/AnnualCrop_2730.jpg,0
HerbaceousVegetation/HerbaceousVegetation_1813.jpg,2
Highway/Highway_1756.jpg,3
Highway/Highway_814.jpg,3
SeaLake/SeaLake_547.jpg,9
River/River_2059.jpg,8
River/River_369.jpg,8
PermanentCrop/PermanentCrop_1141.jpg,6
Forest/Forest_196.jpg,1
Highway/Highway_2192.jpg,3
Highway/Highway_177.jpg,3
Pasture/Pasture_590.jpg,5
AnnualCrop/AnnualCrop_1449.jpg,0
SeaLake/SeaLake_2523.jpg,9
Pasture/Pasture_949.jpg,5
SeaLake/SeaLake_2309.jpg,9
AnnualCrop/AnnualCrop_2506.jpg,0
PermanentCrop/PermanentCrop_1841.jpg,6
HerbaceousVegetation/HerbaceousVegetation_2592.jpg,2
PermanentCrop/PermanentCrop_1057.jpg,6
Residential/Residential_892.jpg,7
River/River_1202.jpg,8
SeaLake/SeaLake_1254.jpg,9
Residential/Residential_1973.jpg,7
HerbaceousVegetation/HerbaceousVegetation_1120.jpg,2
Highway/Highway_1034.jpg,3
HerbaceousVegetation/HerbaceousVegetation_1341.jpg,2
AnnualCrop/AnnualCrop_2961.jpg,0
Residential/Residential_345.jpg,7
Highway/Highway_2446.jpg,3
Highway/Highway_1768.jpg,3
Residential/Residential_12.jpg,7
Industrial/Industrial_2234.jpg,4
Pasture/Pasture_1444.jpg,5
SeaLake/SeaLake_1872.jpg,9
SeaLake/SeaLake_2855.jpg,9
River/River_1556.jpg,8
SeaLake/SeaLake_1673.jpg,9
Highway/Highway_2198.jpg,3
PermanentCrop/PermanentCrop_1334.jpg,6
HerbaceousVegetation/HerbaceousVegetation_2420.jpg,2
River/River_1179.jpg,8
Pasture/Pasture_1020.jpg,5
SeaLake/SeaLake_2262.jpg,9
Industrial/Industrial_1553.jpg,4
River/River_872.jpg,8
PermanentCrop/PermanentCrop_2465.jpg,6
AnnualCrop/AnnualCrop_1620.jpg,0
River/River_1523.jpg,8
Residential/Residential_2370.jpg,7
Industrial/Industrial_617.jpg,4
HerbaceousVegetation/HerbaceousVegetation_403.jpg,2
AnnualCrop/AnnualCrop_2904.jpg,0
Industrial/Industrial_1118.jpg,4
PermanentCrop/PermanentCrop_161.jpg,6
Industrial/Industrial_728.jpg,4
Residential/Residential_1097.jpg,7
Highway/Highway_2337.jpg,3
Forest/Forest_2339.jpg,1
SeaLake/SeaLake_2625.jpg,9
Highway/Highway_1758.jpg,3
Residential/Residential_2691.jpg,7
Highway/Highway_888.jpg,3
AnnualCrop/AnnualCrop_698.jpg,0
River/River_1065.jpg,8
Forest/Forest_288.jpg,1
PermanentCrop/PermanentCrop_2242.jpg,6
HerbaceousVegetation/HerbaceousVegetation_1806.jpg,2
SeaLake/SeaLake_2647.jpg,9
SeaLake/SeaLake_2188.jpg,9
Pasture/Pasture_1186.jpg,5
PermanentCrop/PermanentCrop_2036.jpg,6
River/River_942.jpg,8
AnnualCrop/AnnualCrop_2131.jpg,0
Forest/Forest_1216.jpg,1
Residential/Residential_1587.jpg,7
SeaLake/SeaLake_1561.jpg,9
Highway/Highway_160.jpg,3
Residential/Residential_623.jpg,7
River/River_2454.jpg,8
AnnualCrop/AnnualCrop_1824.jpg,0
SeaLake/SeaLake_2157.jpg,9
Forest/Forest_785.jpg,1
AnnualCrop/AnnualCrop_1106.jpg,0
Highway/Highway_1414.jpg,3
River/River_281.jpg,8
AnnualCrop/AnnualCrop_38.jpg,0
Pasture/Pasture_918.jpg,5
AnnualCrop/AnnualCrop_517.jpg,0
AnnualCrop/AnnualCrop_288.jpg,0
AnnualCrop/AnnualCrop_2458.jpg,0
Highway/Highway_236.jpg,3
PermanentCrop/PermanentCrop_386.jpg,6
Pasture/Pasture_1429.jpg,5
PermanentCrop/PermanentCrop_1134.jpg,6
Industrial/Industrial_1861.jpg,4
HerbaceousVegetation/HerbaceousVegetation_727.jpg,2
Pasture/Pasture_345.jpg,5
Highway/Highway_180.jpg,3
Forest/Forest_835.jpg,1
SeaLake/SeaLake_838.jpg,9
Industrial/Industrial_191.jpg,4
River/River_1529.jpg,8
AnnualCrop/AnnualCrop_2231.jpg,0
Industrial/Industrial_361.jpg,4
Pasture/Pasture_202.jpg,5
SeaLake/SeaLake_2768.jpg,9
AnnualCrop/AnnualCrop_1992.jpg,0
SeaLake/SeaLake_1455.jpg,9
SeaLake/SeaLake_2242.jpg,9
Residential/Residential_45.jpg,7
HerbaceousVegetation/HerbaceousVegetation_1888.jpg,2
Residential/Residential_2432.jpg,7
Highway/Highway_1349.jpg,3
SeaLake/SeaLake_207.jpg,9
Industrial/Industrial_2494.jpg,4
PermanentCrop/PermanentCrop_1754.jpg,6
Highway/Highway_1465.jpg,3
Forest/Forest_2906.jpg,1
HerbaceousVegetation/HerbaceousVegetation_2485.jpg,2
AnnualCrop/AnnualCrop_329.jpg,0
River/River_1936.jpg,8
Highway/Highway_5.jpg,3
SeaLake/SeaLake_2699.jpg,9
Highway/Highway_2003.jpg,3
HerbaceousVegetation/HerbaceousVegetation_1997.jpg,2
AnnualCrop/AnnualCrop_40.jpg,0
Highway/Highway_37.jpg,3
PermanentCrop/PermanentCrop_831.jpg,6
SeaLake/SeaLake_1073.jpg,9
Forest/Forest_1362.jpg,1
PermanentCrop/PermanentCrop_2219.jpg,6
Highway/Highway_1434.jpg,3
Industrial/Industrial_684.jpg,4
AnnualCrop/AnnualCrop_1661.jpg,0
Forest/Forest_896.jpg,1
PermanentCrop/PermanentCrop_1052.jpg,6
Pasture/Pasture_189.jpg,5
Industrial/Industrial_1955.jpg,4
PermanentCrop/PermanentCrop_549.jpg,6
HerbaceousVegetation/HerbaceousVegetation_2714.jpg,2
AnnualCrop/AnnualCrop_807.jpg,0
PermanentCrop/PermanentCrop_1349.jpg,6
Forest/Forest_1956.jpg,1
Highway/Highway_1317.jpg,3
HerbaceousVegetation/HerbaceousVegetation_1117.jpg,2
AnnualCrop/AnnualCrop_1703.jpg,0
HerbaceousVegetation/HerbaceousVegetation_1440.jpg,2
HerbaceousVegetation/HerbaceousVegetation_328.jpg,2
Highway/Highway_745.jpg,3
River/River_300.jpg,8
Highway/Highway_890.jpg,3
PermanentCrop/PermanentCrop_1432.jpg,6
PermanentCrop/PermanentCrop_51.jpg,6
PermanentCrop/PermanentCrop_1373.jpg,6
HerbaceousVegetation/HerbaceousVegetation_697.jpg,2
Highway/Highway_1220.jpg,3
River/River_1723.jpg,8
AnnualCrop/AnnualCrop_655.jpg,0
HerbaceousVegetation/HerbaceousVegetation_2993.jpg,2
PermanentCrop/PermanentCrop_797.jpg,6
AnnualCrop/AnnualCrop_969.jpg,0
Pasture/Pasture_84.jpg,5
SeaLake/SeaLake_1828.jpg,9
Industrial/Industrial_1197.jpg,4
Residential/Residential_924.jpg,7
PermanentCrop/PermanentCrop_157.jpg,6
PermanentCrop/PermanentCrop_1863.jpg,6
River/River_958.jpg,8
River/River_279.jpg,8
HerbaceousVegetation/HerbaceousVegetation_255.jpg,2
Highway/Highway_549.jpg,3
SeaLake/SeaLake_2300.jpg,9
AnnualCrop/AnnualCrop_768.jpg,0
Residential/Residential_1154.jpg,7
Residential/Residential_1399.jpg,7
Highway/Highway_1325.jpg,3
HerbaceousVegetation/HerbaceousVegetation_1711.jpg,2
PermanentCrop/PermanentCrop_968.jpg,6
Residential/Residential_2443.jpg,7
Highway/Highway_1877.jpg,3
Industrial/Industrial_1073.jpg,4
Residential/Residential_1329.jpg,7
SeaLake/SeaLake_1728.jpg,9
PermanentCrop/PermanentCrop_1279.jpg,6
AnnualCrop/AnnualCrop_2157.jpg,0
SeaLake/SeaLake_2996.jpg,9
AnnualCrop/AnnualCrop_869.jpg,0
HerbaceousVegetation/HerbaceousVegetation_2086.jpg,2
Industrial/Industrial_2262.jpg,4
Residential/Residential_1389.jpg,7
PermanentCrop/PermanentCrop_2053.jpg,6
Residential/Residential_2022.jpg,7
AnnualCrop/AnnualCrop_2406.jpg,0
PermanentCrop/PermanentCrop_1985.jpg,6
Highway/Highway_594.jpg,3
Residential/Residential_284.jpg,7
Residential/Residential_2008.jpg,7
Residential/Residential_577.jpg,7
PermanentCrop/PermanentCrop_760.jpg,6
SeaLake/SeaLake_1623.jpg,9
Pasture/Pasture_680.jpg,5
AnnualCrop/AnnualCrop_1488.jpg,0
Industrial/Industrial_1275.jpg,4
Residential/Residential_2307.jpg,7
AnnualCrop/AnnualCrop_726.jpg,0
SeaLake/SeaLake_1906.jpg,9
AnnualCrop/AnnualCrop_380.jpg,0
PermanentCrop/PermanentCrop_1571.jpg,6
SeaLake/SeaLake_305.jpg,9
Pasture/Pasture_109.jpg,5
SeaLake/SeaLake_1219.jpg,9
PermanentCrop/PermanentCrop_856.jpg,6
Residential/Residential_1179.jpg,7
Forest/Forest_640.jpg,1
SeaLake/SeaLake_1443.jpg,9
HerbaceousVegetation/HerbaceousVegetation_2695.jpg,2
Forest/Forest_304.jpg,1
Highway/Highway_355.jpg,3
AnnualCrop/AnnualCrop_2725.jpg,0
HerbaceousVegetation/HerbaceousVegetation_1178.jpg,2
Industrial/Industrial_1374.jpg,4
HerbaceousVegetation/HerbaceousVegetation_2560.jpg,2
Forest/Forest_1437.jpg,1
Forest/Forest_1273.jpg,1
Industrial/Industrial_200.jpg,4
Residential/Residential_2605.jpg,7
Forest/Forest_2064.jpg,1
Pasture/Pasture_540.jpg,5
AnnualCrop/AnnualCrop_951.jpg,0
PermanentCrop/PermanentCrop_2389.jpg,6
Forest/Forest_733.jpg,1
PermanentCrop/PermanentCrop_941.jpg,6
Residential/Residential_309.jpg,7
Highway/Highway_1318.jpg,3
PermanentCrop/PermanentCrop_1187.jpg,6
Forest/Forest_248.jpg,1
PermanentCrop/PermanentCrop_239.jpg,6
PermanentCrop/PermanentCrop_1276.jpg,6
Residential/Residential_1601.jpg,7
PermanentCrop/PermanentCrop_1290.jpg,6
HerbaceousVegetation/HerbaceousVegetation_2207.jpg,2
Pasture/Pasture_1263.jpg,5
Highway/Highway_852.jpg,3
Highway/Highway_2213.jpg,3
Pasture/Pasture_93.jpg,5
PermanentCrop/PermanentCrop_2295.jpg,6
River/River_246.jpg,8
HerbaceousVegetation/HerbaceousVegetation_2588.jpg,2
Pasture/Pasture_671.jpg,5
Highway/Highway_1740.jpg,3
Industrial/Industrial_1751.jpg,4
SeaLake/SeaLake_2865.jpg,9
Highway/Highway_1696.jpg,3
AnnualCrop/AnnualCrop_2571.jpg,0
SeaLake/SeaLake_2130.jpg,9
Forest/Forest_929.jpg,1
River/River_2048.jpg,8
HerbaceousVegetation/HerbaceousVegetation_2607.jpg,2
PermanentCrop/PermanentCrop_1244.jpg,6
Industrial/Industrial_696.jpg,4
AnnualCrop/AnnualCrop_1174.jpg,0
River/River_2297.jpg,8
Forest/Forest_2239.jpg,1
Industrial/Industrial_446.jpg,4
River/River_197.jpg,8
Residential/Residential_887.jpg,7
PermanentCrop/PermanentCrop_236.jpg,6
Highway/Highway_102.jpg,3
HerbaceousVegetation/HerbaceousVegetation_2109.jpg,2
AnnualCrop/AnnualCrop_1025.jpg,0
Industrial/Industrial_67.jpg,4
Highway/Highway_1965.jpg,3
Industrial/Industrial_984.jpg,4
AnnualCrop/AnnualCrop_875.jpg,0
HerbaceousVegetation/HerbaceousVegetation_2546.jpg,2
Residential/Residential_1958.jpg,7
Forest/Forest_1552.jpg,1
Highway/Highway_369.jpg,3
Highway/Highway_1215.jpg,3
SeaLake/SeaLake_2365.jpg,9
SeaLake/SeaLake_1383.jpg,9
Industrial/Industrial_1125.jpg,4
River/River_2119.jpg,8
Residential/Residential_948.jpg,7
River/River_789.jpg,8
Pasture/Pasture_1509.jpg,5
Pasture/Pasture_1222.jpg,5
AnnualCrop/AnnualCrop_2540.jpg,0
River/River_1829.jpg,8
SeaLake/SeaLake_2914.jpg,9
Pasture/Pasture_199.jpg,5
SeaLake/SeaLake_22.jpg,9
HerbaceousVegetation/HerbaceousVegetation_1839.jpg,2
Residential/Residential_2462.jpg,7
Industrial/Industrial_1487.jpg,4
HerbaceousVegetation/HerbaceousVegetation_2918.jpg,2
Highway/Highway_535.jpg,3
Residential/Residential_2811.jpg,7
Forest/Forest_2120.jpg,1
Residential/Residential_2013.jpg,7
SeaLake/SeaLake_87.jpg,9
Pasture/Pasture_288.jpg,5
SeaLake/SeaLake_1263.jpg,9
HerbaceousVegetation/HerbaceousVegetation_2630.jpg,2
Pasture/Pasture_676.jpg,5
Forest/Forest_1687.jpg,1
Pasture/Pasture_1377.jpg,5
Residential/Residential_1397.jpg,7
Residential/Residential_913.jpg,7
Highway/Highway_2340.jpg,3
HerbaceousVegetation/HerbaceousVegetation_510.jpg,2
Industrial/Industrial_703.jpg,4
Residential/Residential_82.jpg,7
SeaLake/SeaLake_2270.jpg,9
SeaLake/SeaLake_2409.jpg,9
Residential/Residential_1442.jpg,7
Highway/Highway_1223.jpg,3
Highway/Highway_30.jpg,3
SeaLake/SeaLake_582.jpg,9
HerbaceousVegetation/HerbaceousVegetation_588.jpg,2
Residential/Residential_2123.jpg,7
Industrial/Industrial_1576.jpg,4
Residential/Residential_1954.jpg,7
AnnualCrop/AnnualCrop_358.jpg,0
Highway/Highway_2389.jpg,3
AnnualCrop/AnnualCrop_536.jpg,0
SeaLake/SeaLake_1193.jpg,9
River/River_2205.jpg,8
Pasture/Pasture_1335.jpg,5
River/River_711.jpg,8
Pasture/Pasture_141.jpg,5
PermanentCrop/PermanentCrop_38.jpg,6
Pasture/Pasture_220.jpg,5
Forest/Forest_650.jpg,1
Pasture/Pasture_555.jpg,5
SeaLake/SeaLake_2238.jpg,9
Highway/Highway_1761.jpg,3
AnnualCrop/AnnualCrop_2740.jpg,0
Industrial/Industrial_48.jpg,4
River/River_1016.jpg,8
Highway/Highway_1308.jpg,3
Highway/Highway_1135.jpg,3
PermanentCrop/PermanentCrop_2142.jpg,6
PermanentCrop/PermanentCrop_2403.jpg,6
HerbaceousVegetation/HerbaceousVegetation_331.jpg,2
HerbaceousVegetation/HerbaceousVegetation_2400.jpg,2
River/River_967.jpg,8
PermanentCrop/PermanentCrop_1049.jpg,6
Forest/Forest_1029.jpg,1
Pasture/Pasture_1514.jpg,5
AnnualCrop/AnnualCrop_2442.jpg,0
Residential/Residential_2700.jpg,7
Pasture/Pasture_1671.jpg,5
PermanentCrop/PermanentCrop_1848.jpg,6
Residential/Residential_1152.jpg,7
Industrial/Industrial_1901.jpg,4
River/River_2459.jpg,8
Industrial/Industrial_1581.jpg,4
Pasture/Pasture_829.jpg,5
Residential/Residential_362.jpg,7
SeaLake/SeaLake_699.jpg,9
Highway/Highway_2314.jpg,3
Highway/Highway_1935.jpg,3
Industrial/Industrial_1598.jpg,4
AnnualCrop/AnnualCrop_48.jpg,0
Forest/Forest_951.jpg,1
Pasture/Pasture_1092.jpg,5
Residential/Residential_142.jpg,7
PermanentCrop/PermanentCrop_1629.jpg,6
HerbaceousVegetation/HerbaceousVegetation_1140.jpg,2
HerbaceousVegetation/HerbaceousVegetation_55.jpg,2
Highway/Highway_1701.jpg,3
HerbaceousVegetation/HerbaceousVegetation_1086.jpg,2
HerbaceousVegetation/HerbaceousVegetation_2216.jpg,2
Forest/Forest_549.jpg,1
River/River_1917.jpg,8
Forest/Forest_1852.jpg,1
Pasture/Pasture_684.jpg,5
SeaLake/SeaLake_580.jpg,9
HerbaceousVegetation/HerbaceousVegetation_2286.jpg,2
Residential/Residential_2352.jpg,7
AnnualCrop/AnnualCrop_711.jpg,0
River/River_2060.jpg,8
SeaLake/SeaLake_2144.jpg,9
Industrial/Industrial_410.jpg,4
Industrial/Industrial_1463.jpg,4
Residential/Residential_744.jpg,7
Highway/Highway_291.jpg,3
Forest/Forest_2963.jpg,1
Highway/Highway_2344.jpg,3
SeaLake/SeaLake_57.jpg,9
Highway/Highway_752.jpg,3
Pasture/Pasture_16.jpg,5
Residential/Residential_738.jpg,7
River/River_1240.jpg,8
SeaLake/SeaLake_2180.jpg,9
River/River_1944.jpg,8
River/River_426.jpg,8
AnnualCrop/AnnualCrop_713.jpg,0
River/River_1900.jpg,8
PermanentCrop/PermanentCrop_1570.jpg,6
Pasture/Pasture_1974.jpg,5
SeaLake/SeaLake_1882.jpg,9
Forest/Forest_2056.jpg,1
Residential/Residential_2294.jpg,7
Industrial/Industrial_1957.jpg,4
Residential/Residential_234.jpg,7
PermanentCrop/PermanentCrop_393.jpg,6
PermanentCrop/PermanentCrop_1673.jpg,6
HerbaceousVegetation/HerbaceousVegetation_2663.jpg,2
Forest/Forest_897.jpg,1
Pasture/Pasture_1991.jpg,5
Highway/Highway_1425.jpg,3
HerbaceousVegetation/HerbaceousVegetation_1166.jpg,2
AnnualCrop/AnnualCrop_1599.jpg,0
Residential/Residential_1247.jpg,7
Forest/Forest_2334.jpg,1
Highway/Highway_2293.jpg,3
River/River_810.jpg,8
Industrial/Industrial_343.jpg,4
Pasture/Pasture_134.jpg,5
Forest/Forest_1318.jpg,1
Residential/Residential_2674.jpg,7
AnnualCrop/AnnualCrop_2098.jpg,0
AnnualCrop/AnnualCrop_1600.jpg,0
Pasture/Pasture_1296.jpg,5
HerbaceousVegetation/HerbaceousVegetation_2692.jpg,2
SeaLake/SeaLake_1027.jpg,9
Industrial/Industrial_1281.jpg,4
HerbaceousVegetation/HerbaceousVegetation_1268.jpg,2
SeaLake/SeaLake_1813.jpg,9
AnnualCrop/AnnualCrop_1061.jpg,0
HerbaceousVegetation/HerbaceousVegetation_390.jpg,2
HerbaceousVegetation/HerbaceousVegetation_936.jpg,2
Industrial/Industrial_2249.jpg,4
Highway/Highway_17.jpg,3
River/River_1460.jpg,8
HerbaceousVegetation/HerbaceousVegetation_2806.jpg,2
SeaLake/SeaLake_2728.jpg,9
HerbaceousVegetation/HerbaceousVegetation_1993.jpg,2
Forest/Forest_1327.jpg,1
Highway/Highway_1665.jpg,3
SeaLake/SeaLake_1666.jpg,9
Highway/Highway_316.jpg,3
Pasture/Pasture_1244.jpg,5
River/River_1425.jpg,8
Residential/Residential_676.jpg,7
PermanentCrop/PermanentCrop_2393.jpg,6
AnnualCrop/AnnualCrop_602.jpg,0
Forest/Forest_1970.jpg,1
SeaLake/SeaLake_368.jpg,9
SeaLake/SeaLake_1961.jpg,9
Forest/Forest_2807.jpg,1
SeaLake/SeaLake_2687.jpg,9
Residential/Residential_2169.jpg,7
SeaLake/SeaLake_2209.jpg,9
Highway/Highway_1526.jpg,3
Highway/Highway_992.jpg,3
PermanentCrop/PermanentCrop_2084.jpg,6
PermanentCrop/PermanentCrop_2314.jpg,6
Pasture/Pasture_120.jpg,5
River/River_1126.jpg,8
Highway/Highway_1675.jpg,3
Pasture/Pasture_1812.jpg,5
Industrial/Industrial_115.jpg,4
Residential/Residential_1174.jpg,7
HerbaceousVegetation/HerbaceousVegetation_89.jpg,2
River/River_188.jpg,8
SeaLake/SeaLake_740.jpg,9
AnnualCrop/AnnualCrop_2985.jpg,0
AnnualCrop/AnnualCrop_2432.jpg,0
Pasture/Pasture_122.jpg,5
Highway/Highway_125.jpg,3
Forest/Forest_509.jpg,1
PermanentCrop/PermanentCrop_1409.jpg,6
River/River_747.jpg,8
Pasture/Pasture_200.jpg,5
River/River_1693.jpg,8
Industrial/Industrial_1662.jpg,4
AnnualCrop/AnnualCrop_335.jpg,0
Forest/Forest_2927.jpg,1
Pasture/Pasture_386.jpg,5
Forest/Forest_2203.jpg,1
SeaLake/SeaLake_2312.jpg,9
River/River_1822.jpg,8
River/River_181.jpg,8
Industrial/Industrial_1541.jpg,4
HerbaceousVegetation/HerbaceousVegetation_2529.jpg,2
HerbaceousVegetation/HerbaceousVegetation_1065.jpg,2
PermanentCrop/PermanentCrop_2438.jpg,6
HerbaceousVegetation/HerbaceousVegetation_2672.jpg,2
Residential/Residential_1674.jpg,7
PermanentCrop/PermanentCrop_336.jpg,6
River/River_2376.jpg,8
AnnualCrop/AnnualCrop_441.jpg,0
Forest/Forest_30.jpg,1
PermanentCrop/PermanentCrop_1698.jpg,6
Pasture/Pasture_952.jpg,5
Pasture/Pasture_392.jpg,5
Residential/Residential_2801.jpg,7
Forest/Forest_871.jpg,1
River/River_1157.jpg,8
PermanentCrop/PermanentCrop_317.jpg,6
SeaLake/SeaLake_798.jpg,9
AnnualCrop/AnnualCrop_2749.jpg,0
AnnualCrop/AnnualCrop_499.jpg,0
SeaLake/SeaLake_173.jpg,9
SeaLake/SeaLake_2893.jpg,9
Highway/Highway_1497.jpg,3
PermanentCrop/PermanentCrop_1261.jpg,6
Residential/Residential_2025.jpg,7
SeaLake/SeaLake_765.jpg,9
River/River_7.jpg,8
Residential/Residential_2127.jpg,7
PermanentCrop/PermanentCrop_384.jpg,6
Residential/Residential_880.jpg,7
SeaLake/SeaLake_1683.jpg,9
Residential/Residential_2120.jpg,7
Highway/Highway_863.jpg,3
SeaLake/SeaLake_2746.jpg,9
HerbaceousVegetation/HerbaceousVegetation_2305.jpg,2
PermanentCrop/PermanentCrop_611.jpg,6
Forest/Forest_1256.jpg,1
SeaLake/SeaLake_1714.jpg,9
Residential/Residential_957.jpg,7
SeaLake/SeaLake_265.jpg,9
Residential/Residential_1070.jpg,7
River/River_1671.jpg,8
HerbaceousVegetation/HerbaceousVegetation_1053.jpg,2
River/River_2499.jpg,8
River/River_1339.jpg,8
Industrial/Industrial_1068.jpg,4
SeaLake/SeaLake_1420.jpg,9
Forest/Forest_598.jpg,1
PermanentCrop/PermanentCrop_1293.jpg,6
Forest/Forest_1094.jpg,1
Industrial/Industrial_1328.jpg,4
Residential/Residential_492.jpg,7
Forest/Forest_1928.jpg,1
Highway/Highway_2239.jpg,3
Residential/Residential_346.jpg,7
AnnualCrop/AnnualCrop_2058.jpg,0
Pasture/Pasture_1866.jpg,5
HerbaceousVegetation/HerbaceousVegetation_1565.jpg,2
Forest/Forest_1608.jpg,1
AnnualCrop/AnnualCrop_343.jpg,0
Pasture/Pasture_963.jpg,5
Residential/Residential_1169.jpg,7
Highway/Highway_2253.jpg,3
Industrial/Industrial_1726.jpg,4
Residential/Residential_1618.jpg,7
Residential/Residential_2421.jpg,7
Forest/Forest_1700.jpg,1
AnnualCrop/AnnualCrop_260.jpg,0
Industrial/Industrial_1815.jpg,4
PermanentCrop/PermanentCrop_622.jpg,6
Forest/Forest_699.jpg,1
River/River_1567.jpg,8
Forest/Forest_242.jpg,1
AnnualCrop/AnnualCrop_1257.jpg,0
AnnualCrop/AnnualCrop_2861.jpg,0
Residential/Residential_412.jpg,7
Pasture/Pasture_1382.jpg,5
Forest/Forest_1815.jpg,1
Industrial/Industrial_1005.jpg,4
Highway/Highway_2074.jpg,3
PermanentCrop/PermanentCrop_1604.jpg,6
Residential/Residential_290.jpg,7
SeaLake/SeaLake_2035.jpg,9
Forest/Forest_1173.jpg,1
Residential/Residential_2680.jpg,7
Residential/Residential_2195.jpg,7
SeaLake/SeaLake_1418.jpg,9
AnnualCrop/AnnualCrop_2021.jpg,0
PermanentCrop/PermanentCrop_1631.jpg,6
HerbaceousVegetation/HerbaceousVegetation_2821.jpg,2
HerbaceousVegetation/HerbaceousVegetation_109.jpg,2
River/River_1035.jpg,8
SeaLake/SeaLake_670.jpg,9
Residential/Residential_2345.jpg,7
SeaLake/SeaLake_1376.jpg,9
Forest/Forest_1470.jpg,1
Highway/Highway_1551.jpg,3
Residential/Residential_2612.jpg,7
HerbaceousVegetation/HerbaceousVegetation_2863.jpg,2
Highway/Highway_185.jpg,3
Residential/Residential_752.jpg,7
Pasture/Pasture_819.jpg,5
AnnualCrop/AnnualCrop_679.jpg,0
Forest/Forest_1033.jpg,1
HerbaceousVegetation/HerbaceousVegetation_2494.jpg,2
Forest/Forest_2539.jpg,1
SeaLake/SeaLake_250.jpg,9
Residential/Residential_2227.jpg,7
River/River_1560.jpg,8
HerbaceousVegetation/HerbaceousVegetation_957.jpg,2
SeaLake/SeaLake_24.jpg,9
Residential/Residential_2973.jpg,7
Pasture/Pasture_431.jpg,5
Highway/Highway_229.jpg,3
AnnualCrop/AnnualCrop_1214.jpg,0
PermanentCrop/PermanentCrop_1975.jpg,6
Highway/Highway_1596.jpg,3
Forest/Forest_2077.jpg,1
River/River_1825.jpg,8
HerbaceousVegetation/HerbaceousVegetation_2956.jpg,2
Forest/Forest_2395.jpg,1
Forest/Forest_1163.jpg,1
SeaLake/SeaLake_1661.jpg,9
SeaLake/SeaLake_1362.jpg,9
SeaLake/SeaLake_2885.jpg,9
Pasture/Pasture_601.jpg,5
PermanentCrop/PermanentCrop_819.jpg,6
Pasture/Pasture_212.jpg,5
Highway/Highway_1193.jpg,3
Forest/Forest_1982.jpg,1
Industrial/Industrial_1018.jpg,4
Highway/Highway_1232.jpg,3
HerbaceousVegetation/HerbaceousVegetation_2155.jpg,2
Residential/Residential_1889.jpg,7
AnnualCrop/AnnualCrop_1159.jpg,0
Residential/Residential_2420.jpg,7
Residential/Residential_389.jpg,7
Residential/Residential_2176.jpg,7
Highway/Highway_2224.jpg,3
SeaLake/SeaLake_1572.jpg,9
Pasture/Pasture_1080.jpg,5
Highway/Highway_2301.jpg,3
AnnualCrop/AnnualCrop_2233.jpg,0
HerbaceousVegetation/HerbaceousVegetation_2318.jpg,2
PermanentCrop/PermanentCrop_1860.jpg,6
Industrial/Industrial_2089.jpg,4
AnnualCrop/AnnualCrop_1294.jpg,0
HerbaceousVegetation/HerbaceousVegetation_2542.jpg,2
Highway/Highway_486.jpg,3
HerbaceousVegetation/HerbaceousVegetation_2556.jpg,2
Industrial/Industrial_2320.jpg,4
Highway/Highway_1919.jpg,3
Industrial/Industrial_2403.jpg,4
AnnualCrop/AnnualCrop_389.jpg,0
Residential/Residential_277.jpg,7
HerbaceousVegetation/HerbaceousVegetation_1385.jpg,2
PermanentCrop/PermanentCrop_1881.jpg,6
Industrial/Industrial_730.jpg,4
Pasture/Pasture_269.jpg,5
HerbaceousVegetation/HerbaceousVegetation_2754.jpg,2
SeaLake/SeaLake_2388.jpg,9
SeaLake/SeaLake_416.jpg,9
HerbaceousVegetation/HerbaceousVegetation_505.jpg,2
SeaLake/SeaLake_308.jpg,9
Pasture/Pasture_657.jpg,5
Industrial/Industrial_188.jpg,4
Highway/Highway_525.jpg,3
Forest/Forest_389.jpg,1
Highway/Highway_1207.jpg,3
HerbaceousVegetation/HerbaceousVegetation_2850.jpg,2
Forest/Forest_585.jpg,1
River/River_1891.jpg,8
Highway/Highway_1692.jpg,3
HerbaceousVegetation/HerbaceousVegetation_1089.jpg,2
River/River_1120.jpg,8
River/River_2458.jpg,8
River/River_1378.jpg,8
Industrial/Industrial_1917.jpg,4
Forest/Forest_1536.jpg,1
SeaLake/SeaLake_2790.jpg,9
HerbaceousVegetation/HerbaceousVegetation_711.jpg,2
HerbaceousVegetation/HerbaceousVegetation_258.jpg,2
Residential/Residential_2977.jpg,7
PermanentCrop/PermanentCrop_72.jpg,6
Forest/Forest_482.jpg,1
Forest/Forest_567.jpg,1
Highway/Highway_477.jpg,3
PermanentCrop/PermanentCrop_402.jpg,6
PermanentCrop/PermanentCrop_1019.jpg,6
PermanentCrop/PermanentCrop_1853.jpg,6
Industrial/Industrial_1387.jpg,4
Highway/Highway_928.jpg,3
Forest/Forest_1068.jpg,1
HerbaceousVegetation/HerbaceousVegetation_1479.jpg,2
SeaLake/SeaLake_2683.jpg,9
Industrial/Industrial_1454.jpg,4
PermanentCrop/PermanentCrop_509.jpg,6
River/River_1101.jpg,8
Pasture/Pasture_110.jpg,5
Highway/Highway_1258.jpg,3
AnnualCrop/AnnualCrop_1478.jpg,0
AnnualCrop/AnnualCrop_2775.jpg,0
Forest/Forest_987.jpg,1
Forest/Forest_2857.jpg,1
PermanentCrop/PermanentCrop_20.jpg,6
Forest/Forest_2306.jpg,1
Forest/Forest_972.jpg,1
PermanentCrop/PermanentCrop_2410.jpg,6
AnnualCrop/AnnualCrop_486.jpg,0
Highway/Highway_334.jpg,3
AnnualCrop/AnnualCrop_2311.jpg,0
Industrial/Industrial_520.jpg,4
HerbaceousVegetation/HerbaceousVegetation_990.jpg,2
HerbaceousVegetation/HerbaceousVegetation_217.jpg,2
Forest/Forest_512.jpg,1
AnnualCrop/AnnualCrop_1951.jpg,0
SeaLake/SeaLake_117.jpg,9
AnnualCrop/AnnualCrop_1371.jpg,0
Residential/Residential_95.jpg,7
Residential/Residential_316.jpg,7
River/River_615.jpg,8
AnnualCrop/AnnualCrop_1651.jpg,0
Forest/Forest_2916.jpg,1
PermanentCrop/PermanentCrop_2131.jpg,6
PermanentCrop/PermanentCrop_1943.jpg,6
HerbaceousVegetation/HerbaceousVegetation_2104.jpg,2
Industrial/Industrial_2477.jpg,4
AnnualCrop/AnnualCrop_2569.jpg,0
HerbaceousVegetation/HerbaceousVegetation_1557.jpg,2
PermanentCrop/PermanentCrop_1728.jpg,6
HerbaceousVegetation/HerbaceousVegetation_338.jpg,2
PermanentCrop/PermanentCrop_782.jpg,6
SeaLake/SeaLake_1412.jpg,9
River/River_337.jpg,8
River/River_1914.jpg,8
AnnualCrop/AnnualCrop_2612.jpg,0
Forest/Forest_280.jpg,1
HerbaceousVegetation/HerbaceousVegetation_516.jpg,2
Industrial/Industrial_2030.jpg,4
AnnualCrop/AnnualCrop_2004.jpg,0
SeaLake/SeaLake_1846.jpg,9
SeaLake/SeaLake_1462.jpg,9
Residential/Residential_2042.jpg,7
Forest/Forest_2884.jpg,1
HerbaceousVegetation/HerbaceousVegetation_1782.jpg,2
SeaLake/SeaLake_836.jpg,9
PermanentCrop/PermanentCrop_1333.jpg,6
Forest/Forest_449.jpg,1
SeaLake/SeaLake_2957.jpg,9
PermanentCrop/PermanentCrop_1630.jpg,6
Forest/Forest_2671.jpg,1
Forest/Forest_236.jpg,1
PermanentCrop/PermanentCrop_502.jpg,6
Industrial/Industrial_2437.jpg,4
SeaLake/SeaLake_245.jpg,9
Pasture/Pasture_295.jpg,5
Residential/Residential_2102.jpg,7
River/River_675.jpg,8
River/River_721.jpg,8
Highway/Highway_2361.jpg,3
AnnualCrop/AnnualCrop_1943.jpg,0
SeaLake/SeaLake_287.jpg,9
Residential/Residential_512.jpg,7
SeaLake/SeaLake_645.jpg,9
Residential/Residential_1728.jpg,7
SeaLake/SeaLake_1826.jpg,9
SeaLake/SeaLake_2463.jpg,9
HerbaceousVegetation/HerbaceousVegetation_2315.jpg,2
AnnualCrop/AnnualCrop_476.jpg,0
Highway/Highway_951.jpg,3
Highway/Highway_2029.jpg,3
PermanentCrop/PermanentCrop_1058.jpg,6
AnnualCrop/AnnualCrop_883.jpg,0
Residential/Residential_368.jpg,7
PermanentCrop/PermanentCrop_937.jpg,6
River/River_1390.jpg,8
River/River_476.jpg,8
Industrial/Industrial_2374.jpg,4
HerbaceousVegetation/HerbaceousVegetation_2084.jpg,2
Industrial/Industrial_1331.jpg,4
HerbaceousVegetation/HerbaceousVegetation_288.jpg,2
Highway/Highway_2219.jpg,3
AnnualCrop/AnnualCrop_2584.jpg,0
River/River_1716.jpg,8
Forest/Forest_260.jpg,1
SeaLake/SeaLake_328.jpg,9
PermanentCrop/PermanentCrop_967.jpg,6
Forest/Forest_1211.jpg,1
Pasture/Pasture_587.jpg,5
AnnualCrop/AnnualCrop_1884.jpg,0
AnnualCrop/AnnualCrop_2269.jpg,0
HerbaceousVegetation/HerbaceousVegetation_1270.jpg,2
Residential/Residential_1459.jpg,7
AnnualCrop/AnnualCrop_1190.jpg,0
PermanentCrop/PermanentCrop_2283.jpg,6
Industrial/Industrial_152.jpg,4
AnnualCrop/AnnualCrop_1329.jpg,0
HerbaceousVegetation/HerbaceousVegetation_774.jpg,2
PermanentCrop/PermanentCrop_2366.jpg,6
HerbaceousVegetation/HerbaceousVegetation_1871.jpg,2
River/River_1945.jpg,8
PermanentCrop/PermanentCrop_1906.jpg,6
River/River_1836.jpg,8
SeaLake/SeaLake_1799.jpg,9
SeaLake/SeaLake_1242.jpg,9
River/River_189.jpg,8
AnnualCrop/AnnualCrop_842.jpg,0
Industrial/Industrial_1497.jpg,4
Industrial/Industrial_2016.jpg,4
Highway/Highway_1118.jpg,3
SeaLake/SeaLake_322.jpg,9
HerbaceousVegetation/HerbaceousVegetation_2379.jpg,2
Pasture/Pasture_490.jpg,5
Forest/Forest_2905.jpg,1
Forest/Forest_1258.jpg,1
PermanentCrop/PermanentCrop_946.jpg,6
AnnualCrop/AnnualCrop_1550.jpg,0
Industrial/Industrial_1990.jpg,4
SeaLake/SeaLake_2086.jpg,9
Pasture/Pasture_1828.jpg,5
Industrial/Industrial_1946.jpg,4
Pasture/Pasture_190.jpg,5
River/River_1382.jpg,8
HerbaceousVegetation/HerbaceousVegetation_1886.jpg,2
Forest/Forest_2032.jpg,1
SeaLake/SeaLake_646.jpg,9
Residential/Residential_2398.jpg,7
Highway/Highway_2486.jpg,3
SeaLake/SeaLake_2105.jpg,9
Forest/Forest_2533.jpg,1
Industrial/Industrial_2421.jpg,4
Residential/Residential_1198.jpg,7
AnnualCrop/AnnualCrop_645.jpg,0
Residential/Residential_1443.jpg,7
Residential/Residential_746.jpg,7
River/River_204.jpg,8
AnnualCrop/AnnualCrop_2122.jpg,0
River/River_634.jpg,8
SeaLake/SeaLake_2386.jpg,9
AnnualCrop/AnnualCrop_2285.jpg,0
Forest/Forest_2693.jpg,1
Pasture/Pasture_803.jpg,5
Residential/Residential_146.jpg,7
Forest/Forest_202.jpg,1
HerbaceousVegetation/HerbaceousVegetation_483.jpg,2
HerbaceousVegetation/HerbaceousVegetation_100.jpg,2
River/River_1732.jpg,8
Industrial/Industrial_1563.jpg,4
SeaLake/SeaLake_458.jpg,9
Residential/Residential_2447.jpg,7
SeaLake/SeaLake_696.jpg,9
SeaLake/SeaLake_2432.jpg,9
Pasture/Pasture_1840.jpg,5
PermanentCrop/PermanentCrop_1829.jpg,6
River/River_923.jpg,8
SeaLake/SeaLake_2614.jpg,9
Industrial/Industrial_1180.jpg,4
Highway/Highway_1837.jpg,3
Forest/Forest_478.jpg,1
PermanentCrop/PermanentCrop_753.jpg,6
SeaLake/SeaLake_2069.jpg,9
AnnualCrop/AnnualCrop_265.jpg,0
SeaLake/SeaLake_1221.jpg,9
HerbaceousVegetation/HerbaceousVegetation_1214.jpg,2
PermanentCrop/PermanentCrop_948.jpg,6
Highway/Highway_1835.jpg,3
Highway/Highway_1506.jpg,3
Residential/Residential_968.jpg,7
SeaLake/SeaLake_927.jpg,9
Industrial/Industrial_2465.jpg,4
Residential/Residential_2614.jpg,7
PermanentCrop/PermanentCrop_21.jpg,6
Forest/Forest_2863.jpg,1
Forest/Forest_84.jpg,1
Industrial/Industrial_531.jpg,4
Residential/Residential_388.jpg,7
Pasture/Pasture_824.jpg,5
PermanentCrop/PermanentCrop_426.jpg,6
River/River_1579.jpg,8
Forest/Forest_2076.jpg,1
Forest/Forest_1412.jpg,1
SeaLake/SeaLake_543.jpg,9
PermanentCrop/PermanentCrop_895.jpg,6
AnnualCrop/AnnualCrop_2228.jpg,0
AnnualCrop/AnnualCrop_2954.jpg,0
SeaLake/SeaLake_599.jpg,9
SeaLake/SeaLake_897.jpg,9
Residential/Residential_497.jpg,7
AnnualCrop/AnnualCrop_1365.jpg,0
Residential/Residential_1138.jpg,7
HerbaceousVegetation/HerbaceousVegetation_2904.jpg,2
SeaLake/SeaLake_1057.jpg,9
Residential/Residential_1181.jpg,7
Industrial/Industrial_855.jpg,4
HerbaceousVegetation/HerbaceousVegetation_1693.jpg,2
AnnualCrop/AnnualCrop_1366.jpg,0
HerbaceousVegetation/HerbaceousVegetation_1722.jpg,2
Residential/Residential_1007.jpg,7
SeaLake/SeaLake_2866.jpg,9
Residential/Residential_1589.jpg,7
Forest/Forest_37.jpg,1
Residential/Residential_2502.jpg,7
Industrial/Industrial_1793.jpg,4
AnnualCrop/AnnualCrop_913.jpg,0
HerbaceousVegetation/HerbaceousVegetation_2011.jpg,2
AnnualCrop/AnnualCrop_796.jpg,0
Residential/Residential_2742.jpg,7
Highway/Highway_631.jpg,3
Industrial/Industrial_1048.jpg,4
AnnualCrop/AnnualCrop_467.jpg,0
SeaLake/SeaLake_420.jpg,9
AnnualCrop/AnnualCrop_1804.jpg,0
Highway/Highway_1452.jpg,3
HerbaceousVegetation/HerbaceousVegetation_352.jpg,2
SeaLake/SeaLake_2459.jpg,9
Residential/Residential_1025.jpg,7
Forest/Forest_1232.jpg,1
Residential/Residential_1876.jpg,7
Highway/Highway_787.jpg,3
PermanentCrop/PermanentCrop_2014.jpg,6
HerbaceousVegetation/HerbaceousVegetation_1454.jpg,2
Forest/Forest_2860.jpg,1
Highway/Highway_2047.jpg,3
Pasture/Pasture_1179.jpg,5
AnnualCrop/AnnualCrop_456.jpg,0
SeaLake/SeaLake_2797.jpg,9
Highway/Highway_1253.jpg,3
Highway/Highway_1931.jpg,3
Pasture/Pasture_1164.jpg,5
SeaLake/SeaLake_2592.jpg,9
SeaLake/SeaLake_2163.jpg,9
HerbaceousVegetation/HerbaceousVegetation_1230.jpg,2
Highway/Highway_2248.jpg,3
Residential/Residential_1276.jpg,7
Pasture/Pasture_1036.jpg,5
Residential/Residential_1078.jpg,7
SeaLake/SeaLake_676.jpg,9
AnnualCrop/AnnualCrop_2396.jpg,0
Industrial/Industrial_1431.jpg,4
AnnualCrop/AnnualCrop_1305.jpg,0
Highway/Highway_2411.jpg,3
PermanentCrop/PermanentCrop_1287.jpg,6
Residential/Residential_895.jpg,7
HerbaceousVegetation/HerbaceousVegetation_799.jpg,2
PermanentCrop/PermanentCrop_1579.jpg,6
AnnualCrop/AnnualCrop_745.jpg,0
Industrial/Industrial_15.jpg,4
Highway/Highway_151.jpg,3
Residential/Residential_48.jpg,7
Forest/Forest_2637.jpg,1
Industrial/Industrial_1512.jpg,4
SeaLake/SeaLake_2512.jpg,9
HerbaceousVegetation/HerbaceousVegetation_2824.jpg,2
Pasture/Pasture_1284.jpg,5
Forest/Forest_303.jpg,1
PermanentCrop/PermanentCrop_2398.jpg,6
Highway/Highway_2318.jpg,3
AnnualCrop/AnnualCrop_2155.jpg,0
Residential/Residential_2285.jpg,7
HerbaceousVegetation/HerbaceousVegetation_2274.jpg,2
AnnualCrop/AnnualCrop_1124.jpg,0
PermanentCrop/PermanentCrop_1011.jpg,6
PermanentCrop/PermanentCrop_906.jpg,6
River/River_1720.jpg,8
Industrial/Industrial_2336.jpg,4
PermanentCrop/PermanentCrop_1929.jpg,6
Highway/Highway_850.jpg,3
HerbaceousVegetation/HerbaceousVegetation_1788.jpg,2
Industrial/Industrial_2342.jpg,4
SeaLake/SeaLake_2221.jpg,9
Pasture/Pasture_785.jpg,5
Forest/Forest_821.jpg,1
Forest/Forest_2940.jpg,1
Pasture/Pasture_211.jpg,5
Forest/Forest_1578.jpg,1
PermanentCrop/PermanentCrop_2066.jpg,6
Highway/Highway_1537.jpg,3
PermanentCrop/PermanentCrop_115.jpg,6
SeaLake/SeaLake_2148.jpg,9
Highway/Highway_174.jpg,3
PermanentCrop/PermanentCrop_155.jpg,6
Industrial/Industrial_394.jpg,4
Industrial/Industrial_1900.jpg,4
River/River_1160.jpg,8
Residential/Residential_1145.jpg,7
PermanentCrop/PermanentCrop_1214.jpg,6
Residential/Residential_670.jpg,7
Pasture/Pasture_1505.jpg,5
Highway/Highway_367.jpg,3
Forest/Forest_966.jpg,1
River/River_1247.jpg,8
PermanentCrop/PermanentCrop_2010.jpg,6
Residential/Residential_357.jpg,7
Industrial/Industrial_1810.jpg,4
HerbaceousVegetation/HerbaceousVegetation_638.jpg,2
Industrial/Industrial_2387.jpg,4
SeaLake/SeaLake_470.jpg,9
Forest/Forest_435.jpg,1
SeaLake/SeaLake_939.jpg,9
River/River_570.jpg,8
Forest/Forest_872.jpg,1
Residential/Residential_2682.jpg,7
AnnualCrop/AnnualCrop_1021.jpg,0
PermanentCrop/PermanentCrop_694.jpg,6
Pasture/Pasture_1214.jpg,5
PermanentCrop/PermanentCrop_1028.jpg,6
Forest/Forest_2834.jpg,1
PermanentCrop/PermanentCrop_1392.jpg,6
Forest/Forest_665.jpg,1
AnnualCrop/AnnualCrop_1018.jpg,0
Residential/Residential_2066.jpg,7
River/River_2268.jpg,8
Highway/Highway_1105.jpg,3
PermanentCrop/PermanentCrop_2033.jpg,6
SeaLake/SeaLake_60.jpg,9
River/River_447.jpg,8
PermanentCrop/PermanentCrop_367.jpg,6
Forest/Forest_2343.jpg,1
AnnualCrop/AnnualCrop_244.jpg,0
Residential/Residential_2694.jpg,7
SeaLake/SeaLake_820.jpg,9
Industrial/Industrial_1049.jpg,4
AnnualCrop/AnnualCrop_932.jpg,0
Forest/Forest_1990.jpg,1
River/River_307.jpg,8
PermanentCrop/PermanentCrop_446.jpg,6
PermanentCrop/PermanentCrop_1045.jpg,6
AnnualCrop/AnnualCrop_2351.jpg,0
HerbaceousVegetation/HerbaceousVegetation_169.jpg,2
AnnualCrop/AnnualCrop_2684.jpg,0
Forest/Forest_2803.jpg,1
River/River_1989.jpg,8
Residential/Residential_2356.jpg,7
AnnualCrop/AnnualCrop_2644.jpg,0
PermanentCrop/PermanentCrop_1487.jpg,6
Residential/Residential_2376.jpg,7
Highway/Highway_1217.jpg,3
Residential/Residential_1483.jpg,7
SeaLake/SeaLake_1829.jpg,9
Forest/Forest_1517.jpg,1
HerbaceousVegetation/HerbaceousVegetation_753.jpg,2
Forest/Forest_2751.jpg,1
River/River_2405.jpg,8
Pasture/Pasture_895.jpg,5
SeaLake/SeaLake_2533.jpg,9
River/River_2347.jpg,8
River/River_1060.jpg,8
Industrial/Industrial_809.jpg,4
PermanentCrop/PermanentCrop_1218.jpg,6
PermanentCrop/PermanentCrop_2221.jpg,6
Forest/Forest_1599.jpg,1
Industrial/Industrial_2270.jpg,4
SeaLake/SeaLake_1175.jpg,9
SeaLake/SeaLake_103.jpg,9
SeaLake/SeaLake_1107.jpg,9
AnnualCrop/AnnualCrop_551.jpg,0
Pasture/Pasture_1841.jpg,5
Forest/Forest_1644.jpg,1
AnnualCrop/AnnualCrop_1806.jpg,0
Forest/Forest_510.jpg,1
AnnualCrop/AnnualCrop_212.jpg,0
HerbaceousVegetation/HerbaceousVegetation_1257.jpg,2
PermanentCrop/PermanentCrop_1264.jpg,6
HerbaceousVegetation/HerbaceousVegetation_1543.jpg,2
River/River_820.jpg,8
Forest/Forest_2095.jpg,1
Forest/Forest_1768.jpg,1
HerbaceousVegetation/HerbaceousVegetation_1534.jpg,2
River/River_170.jpg,8
Industrial/Industrial_136.jpg,4
Forest/Forest_1713.jpg,1
HerbaceousVegetation/HerbaceousVegetation_1509.jpg,2
Highway/Highway_1116.jpg,3
HerbaceousVegetation/HerbaceousVegetation_1797.jpg,2
SeaLake/SeaLake_1428.jpg,9
Industrial/Industrial_1493.jpg,4
Residential/Residential_2318.jpg,7
SeaLake/SeaLake_12.jpg,9
Residential/Residential_2084.jpg,7
PermanentCrop/PermanentCrop_804.jpg,6
Residential/Residential_2813.jpg,7
SeaLake/SeaLake_824.jpg,9
AnnualCrop/AnnualCrop_563.jpg,0
River/River_2052.jpg,8
River/River_1999.jpg,8
Industrial/Industrial_793.jpg,4
Highway/Highway_902.jpg,3
PermanentCrop/PermanentCrop_1847.jpg,6
HerbaceousVegetation/HerbaceousVegetation_834.jpg,2
HerbaceousVegetation/HerbaceousVegetation_2793.jpg,2
PermanentCrop/PermanentCrop_2478.jpg,6
Forest/Forest_2704.jpg,1
PermanentCrop/PermanentCrop_2399.jpg,6
SeaLake/SeaLake_1847.jpg,9
PermanentCrop/PermanentCrop_89.jpg,6
Highway/Highway_2350.jpg,3
AnnualCrop/AnnualCrop_204.jpg,0
Highway/Highway_2187.jpg,3
PermanentCrop/PermanentCrop_531.jpg,6
River/River_449.jpg,8
Forest/Forest_1277.jpg,1
SeaLake/SeaLake_1206.jpg,9
PermanentCrop/PermanentCrop_52.jpg,6
HerbaceousVegetation/HerbaceousVegetation_2008.jpg,2
HerbaceousVegetation/HerbaceousVegetation_2171.jpg,2
AnnualCrop/AnnualCrop_2659.jpg,0
SeaLake/SeaLake_901.jpg,9
Industrial/Industrial_1632.jpg,4
HerbaceousVegetation/HerbaceousVegetation_531.jpg,2
HerbaceousVegetation/HerbaceousVegetation_1327.jpg,2
Forest/Forest_398.jpg,1
Forest/Forest_2253.jpg,1
Residential/Residential_1855.jpg,7
SeaLake/SeaLake_1297.jpg,9
River/River_1802.jpg,8
River/River_2002.jpg,8
AnnualCrop/AnnualCrop_708.jpg,0
HerbaceousVegetation/HerbaceousVegetation_407.jpg,2
Pasture/Pasture_987.jpg,5
HerbaceousVegetation/HerbaceousVegetation_1438.jpg,2
Industrial/Industrial_319.jpg,4
SeaLake/SeaLake_419.jpg,9
Forest/Forest_1276.jpg,1
Industrial/Industrial_1182.jpg,4
AnnualCrop/AnnualCrop_2384.jpg,0
Highway/Highway_110.jpg,3
Forest/Forest_710.jpg,1
Pasture/Pasture_869.jpg,5
Pasture/Pasture_1827.jpg,5
Forest/Forest_1388.jpg,1
PermanentCrop/PermanentCrop_1843.jpg,6
HerbaceousVegetation/HerbaceousVegetation_2611.jpg,2
Residential/Residential_2803.jpg,7
River/River_757.jpg,8
PermanentCrop/PermanentCrop_1971.jpg,6
River/River_269.jpg,8
Industrial/Industrial_1351.jpg,4
SeaLake/SeaLake_2800.jpg,9
Pasture/Pasture_492.jpg,5
HerbaceousVegetation/HerbaceousVegetation_2805.jpg,2
Residential/Residential_2660.jpg,7
River/River_808.jpg,8
AnnualCrop/AnnualCrop_2773.jpg,0
Industrial/Industrial_1609.jpg,4
Forest/Forest_1135.jpg,1
Industrial/Industrial_3.jpg,4
AnnualCrop/AnnualCrop_2038.jpg,0
River/River_1296.jpg,8
Highway/Highway_767.jpg,3
Forest/Forest_1586.jpg,1
AnnualCrop/AnnualCrop_1000.jpg,0
River/River_1935.jpg,8
River/River_2327.jpg,8
Forest/Forest_479.jpg,1
PermanentCrop/PermanentCrop_1453.jpg,6
PermanentCrop/PermanentCrop_2218.jpg,6
Pasture/Pasture_950.jpg,5
River/River_628.jpg,8
Highway/Highway_89.jpg,3
River/River_2049.jpg,8
Highway/Highway_11.jpg,3
River/River_1996.jpg,8
Forest/Forest_1332.jpg,1
PermanentCrop/PermanentCrop_1283.jpg,6
SeaLake/SeaLake_854.jpg,9
Forest/Forest_751.jpg,1
Highway/Highway_1753.jpg,3
Forest/Forest_1012.jpg,1
Residential/Residential_1407.jpg,7
AnnualCrop/AnnualCrop_1516.jpg,0
River/River_1364.jpg,8
River/River_1844.jpg,8
HerbaceousVegetation/HerbaceousVegetation_1618.jpg,2
SeaLake/SeaLake_958.jpg,9
Pasture/Pasture_28.jpg,5
Highway/Highway_342.jpg,3
Industrial/Industrial_758.jpg,4
Highway/Highway_2445.jpg,3
Forest/Forest_2914.jpg,1
HerbaceousVegetation/HerbaceousVegetation_1501.jpg,2
AnnualCrop/AnnualCrop_2753.jpg,0
HerbaceousVegetation/HerbaceousVegetation_2724.jpg,2
Pasture/Pasture_413.jpg,5
Highway/Highway_1997.jpg,3
Industrial/Industrial_1725.jpg,4
Forest/Forest_2480.jpg,1
Residential/Residential_343.jpg,7
River/River_1260.jpg,8
Highway/Highway_1854.jpg,3
River/River_1774.jpg,8
Residential/Residential_1274.jpg,7
PermanentCrop/PermanentCrop_77.jpg,6
HerbaceousVegetation/HerbaceousVegetation_628.jpg,2
SeaLake/SeaLake_2498.jpg,9
Highway/Highway_2154.jpg,3
Residential/Residential_1394.jpg,7
SeaLake/SeaLake_1960.jpg,9
Highway/Highway_314.jpg,3
Forest/Forest_1602.jpg,1
River/River_850.jpg,8
AnnualCrop/AnnualCrop_459.jpg,0
River/River_900.jpg,8
Pasture/Pasture_276.jpg,5
Forest/Forest_797.jpg,1
Industrial/Industrial_1757.jpg,4
Forest/Forest_2562.jpg,1
Forest/Forest_1876.jpg,1
HerbaceousVegetation/HerbaceousVegetation_165.jpg,2
SeaLake/SeaLake_629.jpg,9
PermanentCrop/PermanentCrop_476.jpg,6
AnnualCrop/AnnualCrop_1472.jpg,0
Forest/Forest_1811.jpg,1
Residential/Residential_2720.jpg,7
AnnualCrop/AnnualCrop_2593.jpg,0
Highway/Highway_284.jpg,3
Industrial/Industrial_2156.jpg,4
HerbaceousVegetation/HerbaceousVegetation_743.jpg,2
Residential/Residential_2332.jpg,7
Highway/Highway_352.jpg,3
Residential/Residential_1354.jpg,7
SeaLake/SeaLake_1205.jpg,9
Forest/Forest_1826.jpg,1
PermanentCrop/PermanentCrop_206.jpg,6
Forest/Forest_1744.jpg,1
Residential/Residential_1111.jpg,7
Highway/Highway_636.jpg,3
Highway/Highway_2449.jpg,3
Pasture/Pasture_23.jpg,5
SeaLake/SeaLake_107.jpg,9
HerbaceousVegetation/HerbaceousVegetation_137.jpg,2
AnnualCrop/AnnualCrop_20.jpg,0
River/River_856.jpg,8
Highway/Highway_319.jpg,3
Residential/Residential_1386.jpg,7
PermanentCrop/PermanentCrop_475.jpg,6
Highway/Highway_300.jpg,3
AnnualCrop/AnnualCrop_2772.jpg,0
SeaLake/SeaLake_1589.jpg,9
River/River_2207.jpg,8
SeaLake/SeaLake_1295.jpg,9
River/River_1342.jpg,8
Pasture/Pasture_1235.jpg,5
HerbaceousVegetation/HerbaceousVegetation_108.jpg,2
HerbaceousVegetation/HerbaceousVegetation_837.jpg,2
Industrial/Industrial_336.jpg,4
Industrial/Industrial_1970.jpg,4
Industrial/Industrial_519.jpg,4
Industrial/Industrial_1214.jpg,4
Highway/Highway_364.jpg,3
PermanentCrop/PermanentCrop_1371.jpg,6
Forest/Forest_2165.jpg,1
Residential/Residential_1385.jpg,7
Pasture/Pasture_1891.jpg,5
Residential/Residential_2760.jpg,7
Pasture/Pasture_1635.jpg,5
HerbaceousVegetation/HerbaceousVegetation_1092.jpg,2
Highway/Highway_1276.jpg,3
Residential/Residential_1105.jpg,7
Highway/Highway_2081.jpg,3
Forest/Forest_2828.jpg,1
Industrial/Industrial_75.jpg,4
HerbaceousVegetation/HerbaceousVegetation_1726.jpg,2
SeaLake/SeaLake_526.jpg,9
Pasture/Pasture_820.jpg,5
PermanentCrop/PermanentCrop_1835.jpg,6
Industrial/Industrial_2355.jpg,4
Highway/Highway_1510.jpg,3
Industrial/Industrial_1711.jpg,4
AnnualCrop/AnnualCrop_1170.jpg,0
Pasture/Pasture_417.jpg,5
Highway/Highway_1246.jpg,3
Residential/Residential_2613.jpg,7
Pasture/Pasture_231.jpg,5
Residential/Residential_2137.jpg,7
Residential/Residential_55.jpg,7
SeaLake/SeaLake_1864.jpg,9
River/River_1562.jpg,8
PermanentCrop/PermanentCrop_1241.jpg,6
AnnualCrop/AnnualCrop_2594.jpg,0
Forest/Forest_1499.jpg,1
Forest/Forest_639.jpg,1
River/River_2214.jpg,8
River/River_1220.jpg,8
SeaLake/SeaLake_1781.jpg,9
AnnualCrop/AnnualCrop_2313.jpg,0
Industrial/Industrial_467.jpg,4
River/River_1214.jpg,8
SeaLake/SeaLake_2406.jpg,9
Pasture/Pasture_734.jpg,5
Residential/Residential_2297.jpg,7
Forest/Forest_2122.jpg,1
Highway/Highway_1323.jpg,3
PermanentCrop/PermanentCrop_1742.jpg,6
AnnualCrop/AnnualCrop_659.jpg,0
Residential/Residential_2782.jpg,7
Forest/Forest_1140.jpg,1
PermanentCrop/PermanentCrop_601.jpg,6
SeaLake/SeaLake_1819.jpg,9
Pasture/Pasture_1085.jpg,5
River/River_2069.jpg,8
Residential/Residential_40.jpg,7
Industrial/Industrial_1517.jpg,4
HerbaceousVegetation/HerbaceousVegetation_652.jpg,2
Residential/Residential_521.jpg,7
Highway/Highway_2265.jpg,3
River/River_2131.jpg,8
Highway/Highway_2274.jpg,3
Pasture/Pasture_646.jpg,5
HerbaceousVegetation/HerbaceousVegetation_1386.jpg,2
PermanentCrop/PermanentCrop_2175.jpg,6
PermanentCrop/PermanentCrop_2425.jpg,6
HerbaceousVegetation/HerbaceousVegetation_1211.jpg,2
Forest/Forest_1111.jpg,1
River/River_1582.jpg,8
HerbaceousVegetation/HerbaceousVegetation_590.jpg,2
PermanentCrop/PermanentCrop_2121.jpg,6
SeaLake/SeaLake_2987.jpg,9
River/River_272.jpg,8
HerbaceousVegetation/HerbaceousVegetation_2032.jpg,2
Residential/Residential_1157.jpg,7
PermanentCrop/PermanentCrop_1690.jpg,6
Highway/Highway_1229.jpg,3
Forest/Forest_626.jpg,1
SeaLake/SeaLake_2088.jpg,9
PermanentCrop/PermanentCrop_159.jpg,6
Residential/Residential_2509.jpg,7
AnnualCrop/AnnualCrop_1221.jpg,0
Pasture/Pasture_1573.jpg,5
SeaLake/SeaLake_2042.jpg,9
SeaLake/SeaLake_314.jpg,9
AnnualCrop/AnnualCrop_2982.jpg,0
Residential/Residential_2179.jpg,7
HerbaceousVegetation/HerbaceousVegetation_1908.jpg,2
Residential/Residential_1850.jpg,7
Industrial/Industrial_772.jpg,4
HerbaceousVegetation/HerbaceousVegetation_2741.jpg,2
AnnualCrop/AnnualCrop_2629.jpg,0
Residential/Residential_2279.jpg,7
PermanentCrop/PermanentCrop_1253.jpg,6
Residential/Residential_2903.jpg,7
PermanentCrop/PermanentCrop_903.jpg,6
River/River_110.jpg,8
PermanentCrop/PermanentCrop_1294.jpg,6
Residential/Residential_2395.jpg,7
Highway/Highway_385.jpg,3
Pasture/Pasture_566.jpg,5
Pasture/Pasture_296.jpg,5
Residential/Residential_200.jpg,7
Industrial/Industrial_2214.jpg,4
HerbaceousVegetation/HerbaceousVegetation_344.jpg,2
HerbaceousVegetation/HerbaceousVegetation_1275.jpg,2
Forest/Forest_2842.jpg,1
Highway/Highway_796.jpg,3
HerbaceousVegetation/HerbaceousVegetation_2299.jpg,2
SeaLake/SeaLake_807.jpg,9
River/River_459.jpg,8
Highway/Highway_220.jpg,3
HerbaceousVegetation/HerbaceousVegetation_964.jpg,2
Pasture/Pasture_697.jpg,5
SeaLake/SeaLake_2841.jpg,9
Highway/Highway_2431.jpg,3
Highway/Highway_1934.jpg,3
Residential/Residential_1429.jpg,7
Pasture/Pasture_321.jpg,5
River/River_2208.jpg,8
Highway/Highway_444.jpg,3
PermanentCrop/PermanentCrop_485.jpg,6
Residential/Residential_1875.jpg,7
Industrial/Industrial_1906.jpg,4
River/River_1896.jpg,8
Residential/Residential_1756.jpg,7
SeaLake/SeaLake_756.jpg,9
HerbaceousVegetation/HerbaceousVegetation_1024.jpg,2
Highway/Highway_2404.jpg,3
River/River_530.jpg,8
Forest/Forest_2194.jpg,1
Residential/Residential_2540.jpg,7
River/River_2396.jpg,8
AnnualCrop/AnnualCrop_1551.jpg,0
AnnualCrop/AnnualCrop_135.jpg,0
Highway/Highway_2175.jpg,3
Residential/Residential_1348.jpg,7
Forest/Forest_1057.jpg,1
SeaLake/SeaLake_2566.jpg,9
Residential/Residential_2796.jpg,7
PermanentCrop/PermanentCrop_794.jpg,6
SeaLake/SeaLake_370.jpg,9
SeaLake/SeaLake_858.jpg,9
PermanentCrop/PermanentCrop_970.jpg,6
AnnualCrop/AnnualCrop_521.jpg,0
River/River_1103.jpg,8
SeaLake/SeaLake_969.jpg,9
SeaLake/SeaLake_401.jpg,9
AnnualCrop/AnnualCrop_955.jpg,0
Highway/Highway_318.jpg,3
Pasture/Pasture_1856.jpg,5
Forest/Forest_565.jpg,1
AnnualCrop/AnnualCrop_126.jpg,0
Industrial/Industrial_285.jpg,4
AnnualCrop/AnnualCrop_1821.jpg,0
Pasture/Pasture_533.jpg,5
AnnualCrop/AnnualCrop_2554.jpg,0
PermanentCrop/PermanentCrop_133.jpg,6
PermanentCrop/PermanentCrop_37.jpg,6
Pasture/Pasture_1591.jpg,5
River/River_1703.jpg,8
Residential/Residential_2451.jpg,7
River/River_1594.jpg,8
PermanentCrop/PermanentCrop_697.jpg,6
HerbaceousVegetation/HerbaceousVegetation_760.jpg,2
Pasture/Pasture_1190.jpg,5
Pasture/Pasture_733.jpg,5
Industrial/Industrial_420.jpg,4
Residential/Residential_414.jpg,7
River/River_2375.jpg,8
HerbaceousVegetation/HerbaceousVegetation_2284.jpg,2
Pasture/Pasture_297.jpg,5
SeaLake/SeaLake_1056.jpg,9
Industrial/Industrial_1162.jpg,4
Pasture/Pasture_38.jpg,5
River/River_518.jpg,8
Forest/Forest_296.jpg,1
HerbaceousVegetation/HerbaceousVegetation_1232.jpg,2
HerbaceousVegetation/HerbaceousVegetation_1318.jpg,2
HerbaceousVegetation/HerbaceousVegetation_123.jpg,2
Pasture/Pasture_1496.jpg,5
HerbaceousVegetation/HerbaceousVegetation_778.jpg,2
Residential/Residential_2299.jpg,7
River/River_1381.jpg,8
Residential/Residential_1447.jpg,7
Forest/Forest_658.jpg,1
Residential/Residential_1432.jpg,7
River/River_1081.jpg,8
SeaLake/SeaLake_2869.jpg,9
HerbaceousVegetation/HerbaceousVegetation_2178.jpg,2
HerbaceousVegetation/HerbaceousVegetation_2970.jpg,2
Residential/Residential_2292.jpg,7
PermanentCrop/PermanentCrop_1677.jpg,6
SeaLake/SeaLake_2857.jpg,9
Highway/Highway_371.jpg,3
Forest/Forest_2178.jpg,1
River/River_1171.jpg,8
AnnualCrop/AnnualCrop_2476.jpg,0
Residential/Residential_2082.jpg,7
Industrial/Industrial_484.jpg,4
Residential/Residential_2405.jpg,7
Forest/Forest_351.jpg,1
PermanentCrop/PermanentCrop_2071.jpg,6
Forest/Forest_319.jpg,1
AnnualCrop/AnnualCrop_1168.jpg,0
Forest/Forest_2105.jpg,1
Industrial/Industrial_2041.jpg,4
PermanentCrop/PermanentCrop_1138.jpg,6
HerbaceousVegetation/HerbaceousVegetation_864.jpg,2
Residential/Residential_257.jpg,7
Highway/Highway_1671.jpg,3
Residential/Residential_2316.jpg,7
Industrial/Industrial_676.jpg,4
Pasture/Pasture_575.jpg,5
PermanentCrop/PermanentCrop_156.jpg,6
Industrial/Industrial_659.jpg,4
SeaLake/SeaLake_2468.jpg,9
Residential/Residential_1254.jpg,7
SeaLake/SeaLake_1250.jpg,9
Forest/Forest_2427.jpg,1
River/River_1242.jpg,8
Pasture/Pasture_1351.jpg,5
HerbaceousVegetation/HerbaceousVegetation_2451.jpg,2
AnnualCrop/AnnualCrop_2621.jpg,0
Pasture/Pasture_578.jpg,5
Highway/Highway_1413.jpg,3
Highway/Highway_2496.jpg,3
AnnualCrop/AnnualCrop_1754.jpg,0
Forest/Forest_1056.jpg,1
AnnualCrop/AnnualCrop_2917.jpg,0
HerbaceousVegetation/HerbaceousVegetation_1564.jpg,2
River/River_902.jpg,8
SeaLake/SeaLake_1396.jpg,9
River/River_630.jpg,8
Forest/Forest_2627.jpg,1
SeaLake/SeaLake_1121.jpg,9
Residential/Residential_2014.jpg,7
Residential/Residential_2404.jpg,7
River/River_1695.jpg,8
Forest/Forest_1221.jpg,1
HerbaceousVegetation/HerbaceousVegetation_11.jpg,2
SeaLake/SeaLake_1581.jpg,9
Forest/Forest_1755.jpg,1
River/River_54.jpg,8
SeaLake/SeaLake_1729.jpg,9
River/River_1353.jpg,8
Pasture/Pasture_236.jpg,5
Residential/Residential_108.jpg,7
HerbaceousVegetation/HerbaceousVegetation_2015.jpg,2
River/River_953.jpg,8
HerbaceousVegetation/HerbaceousVegetation_2006.jpg,2
HerbaceousVegetation/HerbaceousVegetation_1237.jpg,2
Industrial/Industrial_2303.jpg,4
Highway/Highway_1918.jpg,3
AnnualCrop/AnnualCrop_2483.jpg,0
Residential/Residential_787.jpg,7
Pasture/Pasture_1405.jpg,5
SeaLake/SeaLake_468.jpg,9
SeaLake/SeaLake_1512.jpg,9
River/River_668.jpg,8
Industrial/Industrial_1361.jpg,4
River/River_2456.jpg,8
PermanentCrop/PermanentCrop_2076.jpg,6
SeaLake/SeaLake_1315.jpg,9
HerbaceousVegetation/HerbaceousVegetation_2536.jpg,2
PermanentCrop/PermanentCrop_1612.jpg,6
PermanentCrop/PermanentCrop_1477.jpg,6
SeaLake/SeaLake_890.jpg,9
AnnualCrop/AnnualCrop_2939.jpg,0
SeaLake/SeaLake_960.jpg,9
HerbaceousVegetation/HerbaceousVegetation_307.jpg,2
Highway/Highway_1826.jpg,3
Forest/Forest_1560.jpg,1
HerbaceousVegetation/HerbaceousVegetation_581.jpg,2
Industrial/Industrial_1367.jpg,4
River/River_409.jpg,8
SeaLake/SeaLake_2965.jpg,9
Pasture/Pasture_883.jpg,5
AnnualCrop/AnnualCrop_1098.jpg,0
AnnualCrop/AnnualCrop_2459.jpg,0
AnnualCrop/AnnualCrop_2176.jpg,0
PermanentCrop/PermanentCrop_2386.jpg,6
AnnualCrop/AnnualCrop_1709.jpg,0
Residential/Residential_1091.jpg,7
Residential/Residential_1660.jpg,7
SeaLake/SeaLake_109.jpg,9
River/River_2099.jpg,8
Industrial/Industrial_1353.jpg,4
AnnualCrop/AnnualCrop_2390.jpg,0
HerbaceousVegetation/HerbaceousVegetation_2620.jpg,2
SeaLake/SeaLake_1061.jpg,9
PermanentCrop/PermanentCrop_864.jpg,6
River/River_2298.jpg,8
Industrial/Industrial_2444.jpg,4
River/River_1393.jpg,8
Industrial/Industrial_2183.jpg,4
Highway/Highway_197.jpg,3
Pasture/Pasture_61.jpg,5
River/River_1807.jpg,8
Highway/Highway_2488.jpg,3
HerbaceousVegetation/HerbaceousVegetation_2899.jpg,2
Residential/Residential_2397.jpg,7
Industrial/Industrial_1337.jpg,4
HerbaceousVegetation/HerbaceousVegetation_2564.jpg,2
AnnualCrop/AnnualCrop_555.jpg,0
Industrial/Industrial_77.jpg,4
Highway/Highway_333.jpg,3
Residential/Residential_979.jpg,7
HerbaceousVegetation/HerbaceousVegetation_1894.jpg,2
AnnualCrop/AnnualCrop_1652.jpg,0
PermanentCrop/PermanentCrop_1076.jpg,6
Pasture/Pasture_1251.jpg,5
River/River_1878.jpg,8
PermanentCrop/PermanentCrop_138.jpg,6
Pasture/Pasture_993.jpg,5
AnnualCrop/AnnualCrop_2865.jpg,0
Residential/Residential_468.jpg,7
AnnualCrop/AnnualCrop_727.jpg,0
Forest/Forest_888.jpg,1
Pasture/Pasture_826.jpg,5
PermanentCrop/PermanentCrop_2493.jpg,6
AnnualCrop/AnnualCrop_2838.jpg,0
Industrial/Industrial_700.jpg,4
Residential/Residential_2625.jpg,7
Forest/Forest_2771.jpg,1
Highway/Highway_1659.jpg,3
Pasture/Pasture_1418.jpg,5
Industrial/Industrial_2258.jpg,4
Forest/Forest_312.jpg,1
Forest/Forest_772.jpg,1
SeaLake/SeaLake_214.jpg,9
Forest/Forest_57.jpg,1
SeaLake/SeaLake_2421.jpg,9
AnnualCrop/AnnualCrop_201.jpg,0
HerbaceousVegetation/HerbaceousVegetation_1333.jpg,2
Residential/Residential_1131.jpg,7
SeaLake/SeaLake_1731.jpg,9
Pasture/Pasture_1655.jpg,5
River/River_503.jpg,8
Residential/Residential_2981.jpg,7
Pasture/Pasture_1494.jpg,5
Residential/Residential_2445.jpg,7
Industrial/Industrial_1863.jpg,4
Forest/Forest_1688.jpg,1
AnnualCrop/AnnualCrop_2041.jpg,0
SeaLake/SeaLake_1695.jpg,9
River/River_419.jpg,8
SeaLake/SeaLake_1062.jpg,9
HerbaceousVegetation/HerbaceousVegetation_604.jpg,2
Residential/Residential_2743.jpg,7
River/River_944.jpg,8
Industrial/Industrial_1844.jpg,4
Forest/Forest_517.jpg,1
AnnualCrop/AnnualCrop_2013.jpg,0
AnnualCrop/AnnualCrop_844.jpg,0
Pasture/Pasture_1308.jpg,5
PermanentCrop/PermanentCrop_1931.jpg,6
Highway/Highway_497.jpg,3
SeaLake/SeaLake_2890.jpg,9
SeaLake/SeaLake_268.jpg,9
Highway/Highway_2257.jpg,3
Forest/Forest_2778.jpg,1
AnnualCrop/AnnualCrop_1292.jpg,0
SeaLake/SeaLake_1782.jpg,9
Forest/Forest_752.jpg,1
Residential/Residential_1039.jpg,7
Forest/Forest_703.jpg,1
River/River_68.jpg,8
Industrial/Industrial_220.jpg,4
PermanentCrop/PermanentCrop_397.jpg,6
River/River_2015.jpg,8
HerbaceousVegetation/HerbaceousVegetation_1637.jpg,2
Industrial/Industrial_1078.jpg,4
PermanentCrop/PermanentCrop_2379.jpg,6
Highway/Highway_783.jpg,3
SeaLake/SeaLake_690.jpg,9
Residential/Residential_1692.jpg,7
Highway/Highway_1630.jpg,3
Industrial/Industrial_1132.jpg,4
Residential/Residential_1350.jpg,7
River/River_1872.jpg,8
Residential/Residential_823.jpg,7
HerbaceousVegetation/HerbaceousVegetation_2989.jpg,2
Industrial/Industrial_263.jpg,4
Residential/Residential_2213.jpg,7
Highway/Highway_854.jpg,3
Industrial/Industrial_1159.jpg,4
Forest/Forest_1416.jpg,1
PermanentCrop/PermanentCrop_1499.jpg,6
PermanentCrop/PermanentCrop_1523.jpg,6
Industrial/Industrial_1495.jpg,4
River/River_1831.jpg,8
SeaLake/SeaLake_2563.jpg,9
PermanentCrop/PermanentCrop_461.jpg,6
Residential/Residential_252.jpg,7
Highway/Highway_1094.jpg,3
AnnualCrop/AnnualCrop_80.jpg,0
SeaLake/SeaLake_2688.jpg,9
River/River_208.jpg,8
AnnualCrop/AnnualCrop_1650.jpg,0
SeaLake/SeaLake_236.jpg,9
SeaLake/SeaLake_2995.jpg,9
River/River_1391.jpg,8
Forest/Forest_2066.jpg,1
River/River_516.jpg,8
Industrial/Industrial_2082.jpg,4
Forest/Forest_755.jpg,1
Highway/Highway_1960.jpg,3
River/River_642.jpg,8
AnnualCrop/AnnualCrop_2889.jpg,0
Pasture/Pasture_1925.jpg,5
SeaLake/SeaLake_1690.jpg,9
PermanentCrop/PermanentCrop_1902.jpg,6
Forest/Forest_736.jpg,1
River/River_1358.jpg,8
Highway/Highway_2270.jpg,3
Pasture/Pasture_1551.jpg,5
Highway/Highway_1362.jpg,3
Forest/Forest_2843.jpg,1
Pasture/Pasture_1317.jpg,5
HerbaceousVegetation/HerbaceousVegetation_2872.jpg,2
PermanentCrop/PermanentCrop_1948.jpg,6
Residential/Residential_2470.jpg,7
HerbaceousVegetation/HerbaceousVegetation_1725.jpg,2
HerbaceousVegetation/HerbaceousVegetation_1144.jpg,2
Forest/Forest_144.jpg,1
Highway/Highway_482.jpg,3
Residential/Residential_1976.jpg,7
Residential/Residential_603.jpg,7
Industrial/Industrial_649.jpg,4
SeaLake/SeaLake_2447.jpg,9
PermanentCrop/PermanentCrop_2239.jpg,6
River/River_2470.jpg,8
Industrial/Industrial_32.jpg,4
PermanentCrop/PermanentCrop_1132.jpg,6
SeaLake/SeaLake_1445.jpg,9
PermanentCrop/PermanentCrop_1418.jpg,6
Residential/Residential_1076.jpg,7
Highway/Highway_1932.jpg,3
Forest/Forest_1694.jpg,1
Residential/Residential_1653.jpg,7
Forest/Forest_129.jpg,1
HerbaceousVegetation/HerbaceousVegetation_467.jpg,2
Highway/Highway_1004.jpg,3
Pasture/Pasture_532.jpg,5
HerbaceousVegetation/HerbaceousVegetation_2853.jpg,2
Forest/Forest_2140.jpg,1
River/River_1817.jpg,8
Forest/Forest_1926.jpg,1
Industrial/Industrial_1618.jpg,4
SeaLake/SeaLake_358.jpg,9
AnnualCrop/AnnualCrop_433.jpg,0
PermanentCrop/PermanentCrop_2092.jpg,6
River/River_1006.jpg,8
HerbaceousVegetation/HerbaceousVegetation_1934.jpg,2
Forest/Forest_1430.jpg,1
Industrial/Industrial_873.jpg,4
AnnualCrop/AnnualCrop_16.jpg,0
Residential/Residential_2062.jpg,7
Pasture/Pasture_319.jpg,5
Industrial/Industrial_1808.jpg,4
AnnualCrop/AnnualCrop_2842.jpg,0
SeaLake/SeaLake_865.jpg,9
Residential/Residential_1837.jpg,7
Forest/Forest_58.jpg,1
PermanentCrop/PermanentCrop_39.jpg,6
PermanentCrop/PermanentCrop_2195.jpg,6
River/River_837.jpg,8
HerbaceousVegetation/HerbaceousVegetation_2256.jpg,2
PermanentCrop/PermanentCrop_1208.jpg,6
Highway/Highway_2060.jpg,3
Industrial/Industrial_1530.jpg,4
Industrial/Industrial_246.jpg,4
SeaLake/SeaLake_2479.jpg,9
Highway/Highway_338.jpg,3
Industrial/Industrial_2007.jpg,4
AnnualCrop/AnnualCrop_1222.jpg,0
Pasture/Pasture_153.jpg,5
River/River_599.jpg,8
Highway/Highway_294.jpg,3
PermanentCrop/PermanentCrop_2423.jpg,6
River/River_1276.jpg,8
Pasture/Pasture_97.jpg,5
AnnualCrop/AnnualCrop_2366.jpg,0
PermanentCrop/PermanentCrop_701.jpg,6
SeaLake/SeaLake_1365.jpg,9
AnnualCrop/AnnualCrop_1392.jpg,0
HerbaceousVegetation/HerbaceousVegetation_2002.jpg,2
PermanentCrop/PermanentCrop_2466.jpg,6
HerbaceousVegetation/HerbaceousVegetation_885.jpg,2
River/River_514.jpg,8
Highway/Highway_277.jpg,3
River/River_1492.jpg,8
SeaLake/SeaLake_1903.jpg,9
HerbaceousVegetation/HerbaceousVegetation_1190.jpg,2
Residential/Residential_2269.jpg,7
River/River_1251.jpg,8
Pasture/Pasture_978.jpg,5
Industrial/Industrial_990.jpg,4
HerbaceousVegetation/HerbaceousVegetation_59.jpg,2
Forest/Forest_1751.jpg,1
Highway/Highway_263.jpg,3
SeaLake/SeaLake_2439.jpg,9
Highway/Highway_2073.jpg,3
River/River_2309.jpg,8
PermanentCrop/PermanentCrop_521.jpg,6
Pasture/Pasture_1166.jpg,5
SeaLake/SeaLake_2193.jpg,9
AnnualCrop/AnnualCrop_1707.jpg,0
PermanentCrop/PermanentCrop_926.jpg,6
HerbaceousVegetation/HerbaceousVegetation_2554.jpg,2
Industrial/Industrial_354.jpg,4
Residential/Residential_1796.jpg,7
AnnualCrop/AnnualCrop_1211.jpg,0
Pasture/Pasture_160.jpg,5
Highway/Highway_1430.jpg,3
SeaLake/SeaLake_1165.jpg,9
HerbaceousVegetation/HerbaceousVegetation_2553.jpg,2
SeaLake/SeaLake_2116.jpg,9
River/River_2148.jpg,8
River/River_2483.jpg,8
PermanentCrop/PermanentCrop_1423.jpg,6
SeaLake/SeaLake_940.jpg,9
AnnualCrop/AnnualCrop_2220.jpg,0
Industrial/Industrial_2438.jpg,4
SeaLake/SeaLake_1718.jpg,9
AnnualCrop/AnnualCrop_1534.jpg,0
PermanentCrop/PermanentCrop_1285.jpg,6
AnnualCrop/AnnualCrop_2588.jpg,0
River/River_687.jpg,8
Industrial/Industrial_2299.jpg,4
HerbaceousVegetation/HerbaceousVegetation_63.jpg,2
Forest/Forest_2745.jpg,1
River/River_131.jpg,8
Highway/Highway_1618.jpg,3
PermanentCrop/PermanentCrop_1238.jpg,6
PermanentCrop/PermanentCrop_940.jpg,6
HerbaceousVegetation/HerbaceousVegetation_2665.jpg,2
Industrial/Industrial_1539.jpg,4
River/River_317.jpg,8
Residential/Residential_499.jpg,7
AnnualCrop/AnnualCrop_1452.jpg,0
SeaLake/SeaLake_1103.jpg,9
River/River_1253.jpg,8
SeaLake/SeaLake_1167.jpg,9
Forest/Forest_47.jpg,1
HerbaceousVegetation/HerbaceousVegetation_639.jpg,2
River/River_283.jpg,8
Pasture/Pasture_1540.jpg,5
River/River_1124.jpg,8
Pasture/Pasture_1539.jpg,5
Industrial/Industrial_797.jpg,4
SeaLake/SeaLake_230.jpg,9
AnnualCrop/AnnualCrop_1998.jpg,0
River/River_776.jpg,8
HerbaceousVegetation/HerbaceousVegetation_2471.jpg,2
Forest/Forest_2639.jpg,1
Industrial/Industrial_993.jpg,4
Pasture/Pasture_524.jpg,5
Highway/Highway_1111.jpg,3
HerbaceousVegetation/HerbaceousVegetation_998.jpg,2
Forest/Forest_2695.jpg,1
Residential/Residential_1626.jpg,7
SeaLake/SeaLake_579.jpg,9
PermanentCrop/PermanentCrop_365.jpg,6
HerbaceousVegetation/HerbaceousVegetation_1984.jpg,2
Pasture/Pasture_1343.jpg,5
Industrial/Industrial_57.jpg,4
SeaLake/SeaLake_1341.jpg,9
SeaLake/SeaLake_840.jpg,9
PermanentCrop/PermanentCrop_2294.jpg,6
Industrial/Industrial_1284.jpg,4
SeaLake/SeaLake_1809.jpg,9
AnnualCrop/AnnualCrop_1247.jpg,0
HerbaceousVegetation/HerbaceousVegetation_1096.jpg,2
HerbaceousVegetation/HerbaceousVegetation_1061.jpg,2
Forest/Forest_2157.jpg,1
Forest/Forest_2296.jpg,1
Forest/Forest_2196.jpg,1
AnnualCrop/AnnualCrop_1207.jpg,0
HerbaceousVegetation/HerbaceousVegetation_315.jpg,2
SeaLake/SeaLake_1208.jpg,9
Residential/Residential_1725.jpg,7
HerbaceousVegetation/HerbaceousVegetation_1861.jpg,2
Pasture/Pasture_1389.jpg,5
Forest/Forest_2654.jpg,1
Pasture/Pasture_1276.jpg,5
AnnualCrop/AnnualCrop_2186.jpg,0
Highway/Highway_676.jpg,3
Residential/Residential_2513.jpg,7
PermanentCrop/PermanentCrop_1903.jpg,6
Highway/Highway_35.jpg,3
River/River_962.jpg,8
Industrial/Industrial_1167.jpg,4
SeaLake/SeaLake_610.jpg,9
River/River_1551.jpg,8
AnnualCrop/AnnualCrop_35.jpg,0
SeaLake/SeaLake_2632.jpg,9
Highway/Highway_2006.jpg,3
Highway/Highway_933.jpg,3
PermanentCrop/PermanentCrop_1384.jpg,6
AnnualCrop/AnnualCrop_1640.jpg,0
Residential/Residential_500.jpg,7
SeaLake/SeaLake_802.jpg,9
River/River_1140.jpg,8
Forest/Forest_2742.jpg,1
Forest/Forest_2708.jpg,1
SeaLake/SeaLake_1064.jpg,9
SeaLake/SeaLake_1543.jpg,9
Residential/Residential_860.jpg,7
AnnualCrop/AnnualCrop_927.jpg,0
Highway/Highway_2205.jpg,3
Pasture/Pasture_608.jpg,5
HerbaceousVegetation/HerbaceousVegetation_1768.jpg,2
PermanentCrop/PermanentCrop_81.jpg,6
AnnualCrop/AnnualCrop_1323.jpg,0
HerbaceousVegetation/HerbaceousVegetation_2728.jpg,2
Forest/Forest_1885.jpg,1
Highway/Highway_1031.jpg,3
HerbaceousVegetation/HerbaceousVegetation_1267.jpg,2
Industrial/Industrial_1766.jpg,4
Highway/Highway_1121.jpg,3
Pasture/Pasture_1513.jpg,5
Residential/Residential_698.jpg,7
Industrial/Industrial_2290.jpg,4
Highway/Highway_435.jpg,3
AnnualCrop/AnnualCrop_666.jpg,0
Pasture/Pasture_118.jpg,5
Residential/Residential_1930.jpg,7
Residential/Residential_976.jpg,7
River/River_539.jpg,8
HerbaceousVegetation/HerbaceousVegetation_1853.jpg,2
Highway/Highway_2005.jpg,3
River/River_1745.jpg,8
HerbaceousVegetation/HerbaceousVegetation_986.jpg,2
Highway/Highway_119.jpg,3
PermanentCrop/PermanentCrop_1858.jpg,6
SeaLake/SeaLake_279.jpg,9
Highway/Highway_2157.jpg,3
AnnualCrop/AnnualCrop_437.jpg,0
Highway/Highway_1483.jpg,3
Pasture/Pasture_1003.jpg,5
Residential/Residential_690.jpg,7
River/River_1916.jpg,8
Residential/Residential_382.jpg,7
Highway/Highway_909.jpg,3
AnnualCrop/AnnualCrop_2899.jpg,0
PermanentCrop/PermanentCrop_1578.jpg,6
AnnualCrop/AnnualCrop_171.jpg,0
Forest/Forest_1577.jpg,1
Residential/Residential_776.jpg,7
Highway/Highway_2401.jpg,3
HerbaceousVegetation/HerbaceousVegetation_966.jpg,2
Residential/Residential_1804.jpg,7
SeaLake/SeaLake_1306.jpg,9
PermanentCrop/PermanentCrop_1358.jpg,6
Highway/Highway_1142.jpg,3
Residential/Residential_949.jpg,7
AnnualCrop/AnnualCrop_1417.jpg,0
Industrial/Industrial_1038.jpg,4
AnnualCrop/AnnualCrop_2921.jpg,0
SeaLake/SeaLake_925.jpg,9
Residential/Residential_2035.jpg,7
HerbaceousVegetation/HerbaceousVegetation_387.jpg,2
Highway/Highway_1173.jpg,3
AnnualCrop/AnnualCrop_320.jpg,0
Pasture/Pasture_333.jpg,5
River/River_1254.jpg,8
Residential/Residential_2863.jpg,7
River/River_2469.jpg,8
Pasture/Pasture_1900.jpg,5
Industrial/Industrial_543.jpg,4
Residential/Residential_657.jpg,7
Forest/Forest_569.jpg,1
Residential/Residential_733.jpg,7
SeaLake/SeaLake_1682.jpg,9
Forest/Forest_1535.jpg,1
Forest/Forest_1561.jpg,1
River/River_1249.jpg,8
Forest/Forest_2002.jpg,1
AnnualCrop/AnnualCrop_9.jpg,0
PermanentCrop/PermanentCrop_1325.jpg,6
Highway/Highway_1181.jpg,3
Forest/Forest_1574.jpg,1
AnnualCrop/AnnualCrop_597.jpg,0
Residential/Residential_2490.jpg,7
Forest/Forest_2403.jpg,1
Industrial/Industrial_2155.jpg,4
SeaLake/SeaLake_912.jpg,9
Highway/Highway_1006.jpg,3
HerbaceousVegetation/HerbaceousVegetation_1406.jpg,2
AnnualCrop/AnnualCrop_62.jpg,0
Highway/Highway_1183.jpg,3
SeaLake/SeaLake_1501.jpg,9
River/River_298.jpg,8
Forest/Forest_2237.jpg,1
Residential/Residential_586.jpg,7
Industrial/Industrial_2221.jpg,4
AnnualCrop/AnnualCrop_2316.jpg,0
AnnualCrop/AnnualCrop_1373.jpg,0
HerbaceousVegetation/HerbaceousVegetation_1229.jpg,2
Residential/Residential_1542.jpg,7
SeaLake/SeaLake_1037.jpg,9
Residential/Residential_1739.jpg,7
Industrial/Industrial_1953.jpg,4
AnnualCrop/AnnualCrop_684.jpg,0
Forest/Forest_764.jpg,1
HerbaceousVegetation/HerbaceousVegetation_248.jpg,2
SeaLake/SeaLake_805.jpg,9
Industrial/Industrial_1995.jpg,4
AnnualCrop/AnnualCrop_718.jpg,0
River/River_2103.jpg,8
Industrial/Industrial_1851.jpg,4
Highway/Highway_2247.jpg,3
Industrial/Industrial_2499.jpg,4
Forest/Forest_2057.jpg,1
Highway/Highway_1973.jpg,3
HerbaceousVegetation/HerbaceousVegetation_1097.jpg,2
River/River_1295.jpg,8
Forest/Forest_2718.jpg,1
Industrial/Industrial_1536.jpg,4
Residential/Residential_259.jpg,7
SeaLake/SeaLake_1883.jpg,9
Industrial/Industrial_334.jpg,4
Highway/Highway_829.jpg,3
River/River_172.jpg,8
HerbaceousVegetation/HerbaceousVegetation_1417.jpg,2
AnnualCrop/AnnualCrop_2744.jpg,0
HerbaceousVegetation/HerbaceousVegetation_1588.jpg,2
Residential/Residential_1831.jpg,7
AnnualCrop/AnnualCrop_2089.jpg,0
Pasture/Pasture_868.jpg,5
AnnualCrop/AnnualCrop_583.jpg,0
HerbaceousVegetation/HerbaceousVegetation_2344.jpg,2
Pasture/Pasture_1634.jpg,5
Forest/Forest_1636.jpg,1
AnnualCrop/AnnualCrop_2949.jpg,0
Forest/Forest_706.jpg,1
Industrial/Industrial_1698.jpg,4
River/River_2339.jpg,8
SeaLake/SeaLake_1896.jpg,9
Residential/Residential_1040.jpg,7
PermanentCrop/PermanentCrop_1236.jpg,6
HerbaceousVegetation/HerbaceousVegetation_1432.jpg,2
PermanentCrop/PermanentCrop_349.jpg,6
River/River_2274.jpg,8
Forest/Forest_384.jpg,1
Forest/Forest_1349.jpg,1
Highway/Highway_2483.jpg,3
HerbaceousVegetation/HerbaceousVegetation_2678.jpg,2
SeaLake/SeaLake_2073.jpg,9
Pasture/Pasture_378.jpg,5
Forest/Forest_255.jpg,1
Industrial/Industrial_547.jpg,4
PermanentCrop/PermanentCrop_2337.jpg,6
PermanentCrop/PermanentCrop_669.jpg,6
Forest/Forest_1006.jpg,1
Industrial/Industrial_1475.jpg,4
River/River_787.jpg,8
Pasture/Pasture_143.jpg,5
Forest/Forest_2311.jpg,1
AnnualCrop/AnnualCrop_2046.jpg,0
PermanentCrop/PermanentCrop_2471.jpg,6
SeaLake/SeaLake_743.jpg,9
Pasture/Pasture_585.jpg,5
Forest/Forest_434.jpg,1
Forest/Forest_1870.jpg,1
PermanentCrop/PermanentCrop_59.jpg,6
AnnualCrop/AnnualCrop_762.jpg,0
Industrial/Industrial_771.jpg,4
Industrial/Industrial_1674.jpg,4
River/River_2269.jpg,8
River/River_1486.jpg,8
Highway/Highway_1880.jpg,3
AnnualCrop/AnnualCrop_2401.jpg,0
Pasture/Pasture_1943.jpg,5
Pasture/Pasture_1681.jpg,5
Residential/Residential_242.jpg,7
Residential/Residential_2189.jpg,7
AnnualCrop/AnnualCrop_2.jpg,0
SeaLake/SeaLake_750.jpg,9
SeaLake/SeaLake_434.jpg,9
HerbaceousVegetation/HerbaceousVegetation_2195.jpg,2
Highway/Highway_2008.jpg,3
Pasture/Pasture_1651.jpg,5
Industrial/Industrial_2500.jpg,4
SeaLake/SeaLake_1545.jpg,9
PermanentCrop/PermanentCrop_952.jpg,6
Highway/Highway_1366.jpg,3
Highway/Highway_1394.jpg,3
Forest/Forest_499.jpg,1
HerbaceousVegetation/HerbaceousVegetation_2915.jpg,2
Industrial/Industrial_2199.jpg,4
Forest/Forest_771.jpg,1
Forest/Forest_2310.jpg,1
PermanentCrop/PermanentCrop_2453.jpg,6
Highway/Highway_1496.jpg,3
HerbaceousVegetation/HerbaceousVegetation_2130.jpg,2
Residential/Residential_276.jpg,7
SeaLake/SeaLake_2819.jpg,9
HerbaceousVegetation/HerbaceousVegetation_2026.jpg,2
AnnualCrop/AnnualCrop_2712.jpg,0
Highway/Highway_886.jpg,3
River/River_2290.jpg,8
Residential/Residential_2894.jpg,7
Residential/Residential_369.jpg,7
Pasture/Pasture_1562.jpg,5
River/River_180.jpg,8
HerbaceousVegetation/HerbaceousVegetation_2644.jpg,2
Forest/Forest_944.jpg,1
Pasture/Pasture_1774.jpg,5
Industrial/Industrial_1403.jpg,4
Forest/Forest_63.jpg,1
HerbaceousVegetation/HerbaceousVegetation_2888.jpg,2
Pasture/Pasture_879.jpg,5
River/River_1001.jpg,8
River/River_1785.jpg,8
SeaLake/SeaLake_440.jpg,9
SeaLake/SeaLake_209.jpg,9
Pasture/Pasture_1390.jpg,5
AnnualCrop/AnnualCrop_2566.jpg,0
River/River_2087.jpg,8
SeaLake/SeaLake_2944.jpg,9
AnnualCrop/AnnualCrop_485.jpg,0
Highway/Highway_1443.jpg,3
Residential/Residential_1424.jpg,7
River/River_2378.jpg,8
Industrial/Industrial_506.jpg,4
Industrial/Industrial_987.jpg,4
River/River_2252.jpg,8
Industrial/Industrial_2322.jpg,4
Forest/Forest_2531.jpg,1
AnnualCrop/AnnualCrop_1635.jpg,0
PermanentCrop/PermanentCrop_2441.jpg,6
Industrial/Industrial_2424.jpg,4
SeaLake/SeaLake_2081.jpg,9
Forest/Forest_94.jpg,1
River/River_1918.jpg,8
HerbaceousVegetation/HerbaceousVegetation_1031.jpg,2
River/River_1794.jpg,8
Industrial/Industrial_2038.jpg,4
Residential/Residential_686.jpg,7
Residential/Residential_1508.jpg,7
River/River_330.jpg,8
Industrial/Industrial_944.jpg,4
HerbaceousVegetation/HerbaceousVegetation_426.jpg,2
River/River_1518.jpg,8
Pasture/Pasture_1637.jpg,5
Forest/Forest_2232.jpg,1
Pasture/Pasture_1.jpg,5
Highway/Highway_1849.jpg,3
River/River_1609.jpg,8
River/River_1100.jpg,8
PermanentCrop/PermanentCrop_295.jpg,6
Industrial/Industrial_538.jpg,4
Residential/Residential_1944.jpg,7
Residential/Residential_511.jpg,7
Forest/Forest_283.jpg,1
River/River_2232.jpg,8
SeaLake/SeaLake_2622.jpg,9
Pasture/Pasture_1008.jpg,5
SeaLake/SeaLake_1437.jpg,9
Residential/Residential_177.jpg,7
SeaLake/SeaLake_1644.jpg,9
Highway/Highway_1396.jpg,3
Highway/Highway_108.jpg,3
HerbaceousVegetation/HerbaceousVegetation_2167.jpg,2
SeaLake/SeaLake_2788.jpg,9
River/River_1658.jpg,8
Industrial/Industrial_255.jpg,4
SeaLake/SeaLake_365.jpg,9
River/River_2127.jpg,8
Residential/Residential_2657.jpg,7
River/River_200.jpg,8
Forest/Forest_2378.jpg,1
HerbaceousVegetation/HerbaceousVegetation_766.jpg,2
AnnualCrop/AnnualCrop_2241.jpg,0
SeaLake/SeaLake_2059.jpg,9
River/River_2190.jpg,8
Residential/Residential_2219.jpg,7
SeaLake/SeaLake_2983.jpg,9
PermanentCrop/PermanentCrop_1737.jpg,6
Residential/Residential_2530.jpg,7
Residential/Residential_349.jpg,7
AnnualCrop/AnnualCrop_1178.jpg,0
Forest/Forest_2602.jpg,1
Forest/Forest_1575.jpg,1
Industrial/Industrial_1436.jpg,4
Forest/Forest_2521.jpg,1
AnnualCrop/AnnualCrop_2179.jpg,0
River/River_2233.jpg,8
AnnualCrop/AnnualCrop_2196.jpg,0
Residential/Residential_1701.jpg,7
Forest/Forest_1341.jpg,1
AnnualCrop/AnnualCrop_2034.jpg,0
Forest/Forest_757.jpg,1
Pasture/Pasture_1792.jpg,5
SeaLake/SeaLake_1323.jpg,9
Highway/Highway_1388.jpg,3
SeaLake/SeaLake_1985.jpg,9
HerbaceousVegetation/HerbaceousVegetation_87.jpg,2
AnnualCrop/AnnualCrop_2463.jpg,0
PermanentCrop/PermanentCrop_2381.jpg,6
Highway/Highway_1029.jpg,3
Highway/Highway_981.jpg,3
HerbaceousVegetation/HerbaceousVegetation_1381.jpg,2
Highway/Highway_1581.jpg,3
AnnualCrop/AnnualCrop_2733.jpg,0
River/River_1442.jpg,8
HerbaceousVegetation/HerbaceousVegetation_2173.jpg,2
PermanentCrop/PermanentCrop_2375.jpg,6
Forest/Forest_2978.jpg,1
Industrial/Industrial_2186.jpg,4
SeaLake/SeaLake_909.jpg,9
Pasture/Pasture_1097.jpg,5
River/River_1688.jpg,8
Residential/Residential_1182.jpg,7
River/River_1196.jpg,8
AnnualCrop/AnnualCrop_2164.jpg,0
Residential/Residential_1959.jpg,7
AnnualCrop/AnnualCrop_432.jpg,0
Residential/Residential_379.jpg,7
Pasture/Pasture_313.jpg,5
Highway/Highway_762.jpg,3
Industrial/Industrial_2268.jpg,4
HerbaceousVegetation/HerbaceousVegetation_797.jpg,2
HerbaceousVegetation/HerbaceousVegetation_1173.jpg,2
PermanentCrop/PermanentCrop_1637.jpg,6
Residential/Residential_2636.jpg,7
Industrial/Industrial_2279.jpg,4
Residential/Residential_409.jpg,7
Residential/Residential_777.jpg,7
SeaLake/SeaLake_115.jpg,9
SeaLake/SeaLake_919.jpg,9
Residential/Residential_1873.jpg,7
Pasture/Pasture_1858.jpg,5
PermanentCrop/PermanentCrop_453.jpg,6
SeaLake/SeaLake_1926.jpg,9
Residential/Residential_898.jpg,7
SeaLake/SeaLake_2535.jpg,9
PermanentCrop/PermanentCrop_1548.jpg,6
Forest/Forest_2356.jpg,1
Highway/Highway_872.jpg,3
Forest/Forest_789.jpg,1
Forest/Forest_2929.jpg,1
Industrial/Industrial_922.jpg,4
Industrial/Industrial_1633.jpg,4
River/River_977.jpg,8
Industrial/Industrial_635.jpg,4
AnnualCrop/AnnualCrop_1303.jpg,0
Forest/Forest_324.jpg,1
PermanentCrop/PermanentCrop_1385.jpg,6
River/River_129.jpg,8
PermanentCrop/PermanentCrop_1867.jpg,6
AnnualCrop/AnnualCrop_455.jpg,0
HerbaceousVegetation/HerbaceousVegetation_2094.jpg,2
PermanentCrop/PermanentCrop_533.jpg,6
Residential/Residential_1671.jpg,7
HerbaceousVegetation/HerbaceousVegetation_1585.jpg,2
Residential/Residential_2181.jpg,7
Highway/Highway_2295.jpg,3
PermanentCrop/PermanentCrop_2019.jpg,6
AnnualCrop/AnnualCrop_2377.jpg,0
HerbaceousVegetation/HerbaceousVegetation_686.jpg,2
SeaLake/SeaLake_2219.jpg,9
Residential/Residential_651.jpg,7
AnnualCrop/AnnualCrop_2867.jpg,0
SeaLake/SeaLake_1280.jpg,9
AnnualCrop/AnnualCrop_986.jpg,0
AnnualCrop/AnnualCrop_880.jpg,0
HerbaceousVegetation/HerbaceousVegetation_1604.jpg,2
SeaLake/SeaLake_469.jpg,9
SeaLake/SeaLake_2024.jpg,9
Pasture/Pasture_277.jpg,5
Forest/Forest_2699.jpg,1
Highway/Highway_1289.jpg,3
SeaLake/SeaLake_2536.jpg,9
Forest/Forest_1191.jpg,1
Pasture/Pasture_1745.jpg,5
Residential/Residential_236.jpg,7
PermanentCrop/PermanentCrop_2025.jpg,6
Residential/Residential_1933.jpg,7
AnnualCrop/AnnualCrop_208.jpg,0
Industrial/Industrial_1759.jpg,4
PermanentCrop/PermanentCrop_2318.jpg,6
Forest/Forest_2241.jpg,1
Industrial/Industrial_2345.jpg,4
Forest/Forest_1611.jpg,1
PermanentCrop/PermanentCrop_55.jpg,6
Residential/Residential_1536.jpg,7
River/River_825.jpg,8
Pasture/Pasture_379.jpg,5
Forest/Forest_2283.jpg,1
Residential/Residential_1286.jpg,7
SeaLake/SeaLake_78.jpg,9
SeaLake/SeaLake_2581.jpg,9
Forest/Forest_200.jpg,1
Highway/Highway_979.jpg,3
Residential/Residential_1290.jpg,7
HerbaceousVegetation/HerbaceousVegetation_1477.jpg,2
Highway/Highway_980.jpg,3
River/River_1091.jpg,8
Industrial/Industrial_697.jpg,4
PermanentCrop/PermanentCrop_217.jpg,6
Forest/Forest_1474.jpg,1
Pasture/Pasture_640.jpg,5
Forest/Forest_2278.jpg,1
PermanentCrop/PermanentCrop_1102.jpg,6
Highway/Highway_718.jpg,3
HerbaceousVegetation/HerbaceousVegetation_1110.jpg,2
Highway/Highway_932.jpg,3
AnnualCrop/AnnualCrop_2304.jpg,0
Forest/Forest_642.jpg,1
SeaLake/SeaLake_1993.jpg,9
Highway/Highway_71.jpg,3
SeaLake/SeaLake_602.jpg,9
River/River_1039.jpg,8
Residential/Residential_1398.jpg,7
Pasture/Pasture_1421.jpg,5
Residential/Residential_2791.jpg,7
AnnualCrop/AnnualCrop_2826.jpg,0
Industrial/Industrial_785.jpg,4
Residential/Residential_1143.jpg,7
PermanentCrop/PermanentCrop_1184.jpg,6
River/River_2283.jpg,8
Highway/Highway_1693.jpg,3
Industrial/Industrial_1669.jpg,4
HerbaceousVegetation/HerbaceousVegetation_257.jpg,2
SeaLake/SeaLake_1887.jpg,9
Pasture/Pasture_905.jpg,5
SeaLake/SeaLake_842.jpg,9
AnnualCrop/AnnualCrop_454.jpg,0
Industrial/Industrial_414.jpg,4
Residential/Residential_1375.jpg,7
River/River_1338.jpg,8
Highway/Highway_578.jpg,3
SeaLake/SeaLake_2440.jpg,9
AnnualCrop/AnnualCrop_544.jpg,0
Residential/Residential_1625.jpg,7
PermanentCrop/PermanentCrop_1622.jpg,6
SeaLake/SeaLake_2665.jpg,9
Forest/Forest_1079.jpg,1
PermanentCrop/PermanentCrop_1694.jpg,6
Highway/Highway_246.jpg,3
Highway/Highway_1397.jpg,3
Pasture/Pasture_1713.jpg,5
River/River_2166.jpg,8
Residential/Residential_2686.jpg,7
AnnualCrop/AnnualCrop_1790.jpg,0
River/River_487.jpg,8
Forest/Forest_83.jpg,1
Industrial/Industrial_1983.jpg,4
HerbaceousVegetation/HerbaceousVegetation_2476.jpg,2
Industrial/Industrial_2263.jpg,4
Industrial/Industrial_2454.jpg,4
AnnualCrop/AnnualCrop_36.jpg,0
PermanentCrop/PermanentCrop_2263.jpg,6
Residential/Residential_1650.jpg,7
PermanentCrop/PermanentCrop_1642.jpg,6
AnnualCrop/AnnualCrop_2409.jpg,0
Highway/Highway_1832.jpg,3
SeaLake/SeaLake_2942.jpg,9
River/River_1186.jpg,8
Highway/Highway_1974.jpg,3
AnnualCrop/AnnualCrop_2680.jpg,0
HerbaceousVegetation/HerbaceousVegetation_474.jpg,2
AnnualCrop/AnnualCrop_2564.jpg,0
AnnualCrop/AnnualCrop_896.jpg,0
Forest/Forest_2342.jpg,1
SeaLake/SeaLake_127.jpg,9
Pasture/Pasture_56.jpg,5
Forest/Forest_2039.jpg,1
Highway/Highway_289.jpg,3
HerbaceousVegetation/HerbaceousVegetation_2466.jpg,2
Forest/Forest_86.jpg,1
Highway/Highway_337.jpg,3
Industrial/Industrial_1496.jpg,4
Residential/Residential_1104.jpg,7
HerbaceousVegetation/HerbaceousVegetation_926.jpg,2
Highway/Highway_542.jpg,3
Pasture/Pasture_1086.jpg,5
Forest/Forest_2336.jpg,1
PermanentCrop/PermanentCrop_1298.jpg,6
Forest/Forest_605.jpg,1
PermanentCrop/PermanentCrop_1451.jpg,6
River/River_809.jpg,8
PermanentCrop/PermanentCrop_78.jpg,6
Industrial/Industrial_1227.jpg,4
HerbaceousVegetation/HerbaceousVegetation_2.jpg,2
River/River_1537.jpg,8
PermanentCrop/PermanentCrop_699.jpg,6
River/River_1834.jpg,8
Residential/Residential_2069.jpg,7
AnnualCrop/AnnualCrop_189.jpg,0
Highway/Highway_1733.jpg,3
Forest/Forest_2713.jpg,1
PermanentCrop/PermanentCrop_2305.jpg,6
Residential/Residential_2282.jpg,7
Industrial/Industrial_1112.jpg,4
Forest/Forest_2968.jpg,1
PermanentCrop/PermanentCrop_308.jpg,6
SeaLake/SeaLake_2747.jpg,9
River/River_1940.jpg,8
HerbaceousVegetation/HerbaceousVegetation_400.jpg,2
PermanentCrop/PermanentCrop_2061.jpg,6
AnnualCrop/AnnualCrop_1715.jpg,0
Forest/Forest_1048.jpg,1
River/River_448.jpg,8
SeaLake/SeaLake_2897.jpg,9
Residential/Residential_2934.jpg,7
SeaLake/SeaLake_2336.jpg,9
PermanentCrop/PermanentCrop_1613.jpg,6
Residential/Residential_1698.jpg,7
Pasture/Pasture_290.jpg,5
SeaLake/SeaLake_369.jpg,9
PermanentCrop/PermanentCrop_524.jpg,6
Pasture/Pasture_953.jpg,5
Highway/Highway_1719.jpg,3
AnnualCrop/AnnualCrop_2356.jpg,0
Highway/Highway_1335.jpg,3
PermanentCrop/PermanentCrop_942.jpg,6
Pasture/Pasture_1532.jpg,5
SeaLake/SeaLake_2753.jpg,9
AnnualCrop/AnnualCrop_1337.jpg,0
Forest/Forest_1312.jpg,1
HerbaceousVegetation/HerbaceousVegetation_1571.jpg,2
HerbaceousVegetation/HerbaceousVegetation_2237.jpg,2
River/River_1861.jpg,8
Industrial/Industrial_286.jpg,4
River/River_1301.jpg,8
HerbaceousVegetation/HerbaceousVegetation_2959.jpg,2
PermanentCrop/PermanentCrop_333.jpg,6
Industrial/Industrial_194.jpg,4
Residential/Residential_2265.jpg,7
AnnualCrop/AnnualCrop_1751.jpg,0
River/River_899.jpg,8
Industrial/Industrial_564.jpg,4
Highway/Highway_1738.jpg,3
PermanentCrop/PermanentCrop_1790.jpg,6
River/River_517.jpg,8
PermanentCrop/PermanentCrop_1607.jpg,6
SeaLake/SeaLake_2199.jpg,9
PermanentCrop/PermanentCrop_1281.jpg,6
Highway/Highway_1154.jpg,3
PermanentCrop/PermanentCrop_607.jpg,6
SeaLake/SeaLake_1571.jpg,9
PermanentCrop/PermanentCrop_670.jpg,6
River/River_667.jpg,8
Industrial/Industrial_1833.jpg,4
SeaLake/SeaLake_1470.jpg,9
Pasture/Pasture_271.jpg,5
Residential/Residential_1176.jpg,7
Industrial/Industrial_661.jpg,4
Highway/Highway_1993.jpg,3
SeaLake/SeaLake_1969.jpg,9
PermanentCrop/PermanentCrop_1119.jpg,6
HerbaceousVegetation/HerbaceousVegetation_2763.jpg,2
Highway/Highway_2288.jpg,3
AnnualCrop/AnnualCrop_1761.jpg,0
Forest/Forest_2900.jpg,1
SeaLake/SeaLake_310.jpg,9
Residential/Residential_1785.jpg,7
PermanentCrop/PermanentCrop_994.jpg,6
River/River_1379.jpg,8
Pasture/Pasture_1213.jpg,5
HerbaceousVegetation/HerbaceousVegetation_1648.jpg,2
River/River_1589.jpg,8
Residential/Residential_465.jpg,7
River/River_2137.jpg,8
River/River_185.jpg,8
Pasture/Pasture_1310.jpg,5
Industrial/Industrial_2353.jpg,4
PermanentCrop/PermanentCrop_1804.jpg,6
AnnualCrop/AnnualCrop_1290.jpg,0
PermanentCrop/PermanentCrop_1878.jpg,6
Highway/Highway_1570.jpg,3
Highway/Highway_2090.jpg,3
SeaLake/SeaLake_1517.jpg,9
AnnualCrop/AnnualCrop_1974.jpg,0
Residential/Residential_941.jpg,7
HerbaceousVegetation/HerbaceousVegetation_748.jpg,2
Pasture/Pasture_929.jpg,5
AnnualCrop/AnnualCrop_1854.jpg,0
Industrial/Industrial_539.jpg,4
HerbaceousVegetation/HerbaceousVegetation_1068.jpg,2
AnnualCrop/AnnualCrop_681.jpg,0
PermanentCrop/PermanentCrop_2467.jpg,6
PermanentCrop/PermanentCrop_1347.jpg,6
River/River_428.jpg,8
River/River_1670.jpg,8
Residential/Residential_92.jpg,7
HerbaceousVegetation/HerbaceousVegetation_1326.jpg,2
AnnualCrop/AnnualCrop_1719.jpg,0
PermanentCrop/PermanentCrop_815.jpg,6
SeaLake/SeaLake_1265.jpg,9
River/River_818.jpg,8
Highway/Highway_1542.jpg,3
Forest/Forest_834.jpg,1
HerbaceousVegetation/HerbaceousVegetation_2988.jpg,2
AnnualCrop/AnnualCrop_641.jpg,0
HerbaceousVegetation/HerbaceousVegetation_1325.jpg,2
AnnualCrop/AnnualCrop_619.jpg,0
Pasture/Pasture_758.jpg,5
SeaLake/SeaLake_1311.jpg,9
River/River_1312.jpg,8
Residential/Residential_713.jpg,7
Residential/Residential_663.jpg,7
HerbaceousVegetation/HerbaceousVegetation_500.jpg,2
PermanentCrop/PermanentCrop_2268.jpg,6
AnnualCrop/AnnualCrop_21.jpg,0
River/River_1751.jpg,8
AnnualCrop/AnnualCrop_2477.jpg,0
Highway/Highway_2098.jpg,3
AnnualCrop/AnnualCrop_1739.jpg,0
Forest/Forest_416.jpg,1
Industrial/Industrial_2476.jpg,4
AnnualCrop/AnnualCrop_1664.jpg,0
SeaLake/SeaLake_1851.jpg,9
River/River_926.jpg,8
SeaLake/SeaLake_2675.jpg,9
Forest/Forest_2762.jpg,1
Forest/Forest_2335.jpg,1
River/River_2322.jpg,8
Forest/Forest_2970.jpg,1
SeaLake/SeaLake_1539.jpg,9
AnnualCrop/AnnualCrop_1203.jpg,0
SeaLake/SeaLake_99.jpg,9
SeaLake/SeaLake_828.jpg,9
River/River_1796.jpg,8
HerbaceousVegetation/HerbaceousVegetation_1081.jpg,2
HerbaceousVegetation/HerbaceousVegetation_175.jpg,2
Highway/Highway_589.jpg,3
SeaLake/SeaLake_241.jpg,9
HerbaceousVegetation/HerbaceousVegetation_1800.jpg,2
AnnualCrop/AnnualCrop_414.jpg,0
Residential/Residential_2023.jpg,7
AnnualCrop/AnnualCrop_1566.jpg,0
Forest/Forest_432.jpg,1
SeaLake/SeaLake_843.jpg,9
Forest/Forest_2668.jpg,1
Pasture/Pasture_1009.jpg,5
River/River_1374.jpg,8
AnnualCrop/AnnualCrop_777.jpg,0
Residential/Residential_351.jpg,7
SeaLake/SeaLake_1518.jpg,9
HerbaceousVegetation/HerbaceousVegetation_1523.jpg,2
Industrial/Industrial_522.jpg,4
River/River_1122.jpg,8
HerbaceousVegetation/HerbaceousVegetation_2108.jpg,2
PermanentCrop/PermanentCrop_100.jpg,6
Highway/Highway_2228.jpg,3
Pasture/Pasture_139.jpg,5
HerbaceousVegetation/HerbaceousVegetation_2498.jpg,2
Forest/Forest_1203.jpg,1
River/River_1444.jpg,8
PermanentCrop/PermanentCrop_1892.jpg,6
Residential/Residential_2688.jpg,7
Residential/Residential_701.jpg,7
Highway/Highway_998.jpg,3
PermanentCrop/PermanentCrop_599.jpg,6
AnnualCrop/AnnualCrop_744.jpg,0
HerbaceousVegetation/HerbaceousVegetation_1895.jpg,2
Pasture/Pasture_505.jpg,5
Pasture/Pasture_400.jpg,5
PermanentCrop/PermanentCrop_32.jpg,6
Industrial/Industrial_1991.jpg,4
Industrial/Industrial_555.jpg,4
AnnualCrop/AnnualCrop_818.jpg,0
Highway/Highway_901.jpg,3
Industrial/Industrial_322.jpg,4
SeaLake/SeaLake_2094.jpg,9
Industrial/Industrial_874.jpg,4
AnnualCrop/AnnualCrop_1237.jpg,0
PermanentCrop/PermanentCrop_2304.jpg,6
HerbaceousVegetation/HerbaceousVegetation_1752.jpg,2
Pasture/Pasture_226.jpg,5
Residential/Residential_2390.jpg,7
River/River_2256.jpg,8
Residential/Residential_2584.jpg,7
HerbaceousVegetation/HerbaceousVegetation_779.jpg,2
Highway/Highway_1778.jpg,3
PermanentCrop/PermanentCrop_1440.jpg,6
SeaLake/SeaLake_998.jpg,9
HerbaceousVegetation/HerbaceousVegetation_130.jpg,2
SeaLake/SeaLake_379.jpg,9
Highway/Highway_1171.jpg,3
SeaLake/SeaLake_999.jpg,9
River/River_957.jpg,8
Pasture/Pasture_1360.jpg,5
AnnualCrop/AnnualCrop_2919.jpg,0
Forest/Forest_2888.jpg,1
PermanentCrop/PermanentCrop_2143.jpg,6
Highway/Highway_214.jpg,3
Forest/Forest_1007.jpg,1
AnnualCrop/AnnualCrop_1125.jpg,0
Highway/Highway_1917.jpg,3
Industrial/Industrial_428.jpg,4
HerbaceousVegetation/HerbaceousVegetation_2146.jpg,2
SeaLake/SeaLake_616.jpg,9
Industrial/Industrial_833.jpg,4
PermanentCrop/PermanentCrop_1912.jpg,6
HerbaceousVegetation/HerbaceousVegetation_78.jpg,2
SeaLake/SeaLake_2759.jpg,9
Forest/Forest_1409.jpg,1
PermanentCrop/PermanentCrop_311.jpg,6
SeaLake/SeaLake_201.jpg,9
Forest/Forest_674.jpg,1
Pasture/Pasture_1373.jpg,5
River/River_106.jpg,8
Industrial/Industrial_982.jpg,4
Forest/Forest_1328.jpg,1
Residential/Residential_164.jpg,7
PermanentCrop/PermanentCrop_260.jpg,6
Industrial/Industrial_2125.jpg,4
Highway/Highway_1713.jpg,3
Residential/Residential_854.jpg,7
Residential/Residential_1021.jpg,7
Pasture/Pasture_635.jpg,5
Highway/Highway_105.jpg,3
AnnualCrop/AnnualCrop_2070.jpg,0
HerbaceousVegetation/HerbaceousVegetation_651.jpg,2
Highway/Highway_861.jpg,3
AnnualCrop/AnnualCrop_1122.jpg,0
SeaLake/SeaLake_1202.jpg,9
SeaLake/SeaLake_1014.jpg,9
SeaLake/SeaLake_1607.jpg,9
PermanentCrop/PermanentCrop_2488.jpg,6
River/River_765.jpg,8
Industrial/Industrial_1371.jpg,4
Forest/Forest_2684.jpg,1
HerbaceousVegetation/HerbaceousVegetation_1925.jpg,2
River/River_613.jpg,8
AnnualCrop/AnnualCrop_1198.jpg,0
SeaLake/SeaLake_535.jpg,9
AnnualCrop/AnnualCrop_2790.jpg,0
Industrial/Industrial_1237.jpg,4
Forest/Forest_2581.jpg,1
Residential/Residential_1564.jpg,7
River/River_1848.jpg,8
HerbaceousVegetation/HerbaceousVegetation_2138.jpg,2
SeaLake/SeaLake_1569.jpg,9
River/River_1400.jpg,8
HerbaceousVegetation/HerbaceousVegetation_2802.jpg,2
Industrial/Industrial_2246.jpg,4
PermanentCrop/PermanentCrop_1919.jpg,6
PermanentCrop/PermanentCrop_2490.jpg,6
AnnualCrop/AnnualCrop_1272.jpg,0
Highway/Highway_693.jpg,3
River/River_1827.jpg,8
PermanentCrop/PermanentCrop_707.jpg,6
AnnualCrop/AnnualCrop_2385.jpg,0
Industrial/Industrial_556.jpg,4
Industrial/Industrial_777.jpg,4
Residential/Residential_2790.jpg,7
Forest/Forest_2931.jpg,1
Industrial/Industrial_1195.jpg,4
River/River_877.jpg,8
AnnualCrop/AnnualCrop_2599.jpg,0
SeaLake/SeaLake_1937.jpg,9
Highway/Highway_1299.jpg,3
SeaLake/SeaLake_2201.jpg,9
Highway/Highway_2009.jpg,3
PermanentCrop/PermanentCrop_818.jpg,6
River/River_676.jpg,8
Industrial/Industrial_2337.jpg,4
SeaLake/SeaLake_748.jpg,9
PermanentCrop/PermanentCrop_64.jpg,6
PermanentCrop/PermanentCrop_1724.jpg,6
SeaLake/SeaLake_41.jpg,9
PermanentCrop/PermanentCrop_1497.jpg,6
Highway/Highway_458.jpg,3
SeaLake/SeaLake_2936.jpg,9
Pasture/Pasture_1285.jpg,5
SeaLake/SeaLake_439.jpg,9
Residential/Residential_1462.jpg,7
Industrial/Industrial_1369.jpg,4
Forest/Forest_128.jpg,1
HerbaceousVegetation/HerbaceousVegetation_943.jpg,2
Residential/Residential_1255.jpg,7
Pasture/Pasture_1687.jpg,5
River/River_33.jpg,8
AnnualCrop/AnnualCrop_2646.jpg,0
HerbaceousVegetation/HerbaceousVegetation_2280.jpg,2
AnnualCrop/AnnualCrop_2637.jpg,0
Residential/Residential_1137.jpg,7
SeaLake/SeaLake_2214.jpg,9
River/River_321.jpg,8
AnnualCrop/AnnualCrop_914.jpg,0
Forest/Forest_114.jpg,1
Forest/Forest_1677.jpg,1
PermanentCrop/PermanentCrop_213.jpg,6
Forest/Forest_2217.jpg,1
Forest/Forest_2268.jpg,1
Forest/Forest_1336.jpg,1
PermanentCrop/PermanentCrop_2435.jpg,6
Highway/Highway_1194.jpg,3
Residential/Residential_1619.jpg,7
Highway/Highway_532.jpg,3
River/River_1181.jpg,8
Forest/Forest_1360.jpg,1
Highway/Highway_750.jpg,3
Residential/Residential_2083.jpg,7
Highway/Highway_2284.jpg,3
Forest/Forest_1558.jpg,1
Highway/Highway_1302.jpg,3
SeaLake/SeaLake_783.jpg,9
Highway/Highway_813.jpg,3
SeaLake/SeaLake_1516.jpg,9
HerbaceousVegetation/HerbaceousVegetation_122.jpg,2
Highway/Highway_1080.jpg,3
HerbaceousVegetation/HerbaceousVegetation_1609.jpg,2
PermanentCrop/PermanentCrop_1890.jpg,6
Residential/Residential_1067.jpg,7
PermanentCrop/PermanentCrop_577.jpg,6
Residential/Residential_1082.jpg,7
