index,label,split
18582,7,train
18721,7,train
21025,7,train
2711,0,train
3221,1,train
13199,4,train
23448,8,train
2899,0,train
19129,7,train
1042,0,train
9134,3,train
13817,4,train
15792,5,train
25948,9,train
6967,2,train
8883,2,train
618,0,train
3498,1,train
4397,1,train
8618,2,train
9501,3,train
8560,2,train
20277,7,train
21121,7,train
10141,3,train
24481,9,train
12920,4,train
4669,1,train
24534,9,train
22262,8,train
13172,4,train
8051,2,train
23510,8,train
2751,0,train
13912,4,train
13642,4,train
1669,0,train
24103,9,train
16065,6,train
23970,8,train
304,0,train
19365,7,train
5114,1,train
16748,6,train
19544,7,train
10168,3,train
6581,2,train
22920,8,train
16670,6,train
20626,7,train
23518,8,train
11831,4,train
22089,8,train
16915,6,train
26498,9,train
23115,8,train
5554,1,train
131,0,train
1762,0,train
14667,5,train
23315,8,train
5951,1,train
14657,5,train
25528,9,train
406,0,train
25943,9,train
11971,4,train
26701,9,train
19069,7,train
11142,3,train
19851,7,train
22071,8,train
17791,6,train
593,0,train
25503,9,train
381,0,train
347,0,train
9547,3,train
14021,5,train
13487,4,train
26814,9,train
5162,1,train
22268,8,train
12752,4,train
13680,4,train
21863,8,train
2635,0,train
20028,7,train
19752,7,train
9281,3,train
10104,3,train
438,0,train
19012,7,train
15839,5,train
2367,0,train
14493,5,train
9391,3,train
17956,6,train
8408,2,train
6536,2,train
10867,3,train
4600,1,train
12641,4,train
23781,8,train
11181,3,train
5711,1,train
719,0,train
18000,6,train
24386,9,train
13731,4,train
4183,1,train
21621,8,train
2846,0,train
14388,5,train
1846,0,train
23030,8,train
8047,2,train
12661,4,train
24972,9,train
10981,3,train
26002,9,train
24054,9,train
5797,1,train
12933,4,train
20968,7,train
24295,9,train
24440,9,train
25743,9,train
2098,0,train
10341,3,train
20621,7,train
12032,4,train
7046,2,train
2786,0,train
8813,2,train
26812,9,train
17442,6,train
2063,0,train
22416,8,train
5869,1,train
16821,6,train
8986,2,train
5958,1,train
15507,5,train
7458,2,train
20005,7,train
1793,0,train
25340,9,train
23019,8,train
9698,3,train
16127,6,train
19009,7,train
4825,1,train
6672,2,train
22863,8,train
24956,9,train
10236,3,train
17135,6,train
5000,1,train
1936,0,train
1700,0,train
7558,2,train
21860,8,train
16048,6,train
11163,3,train
5411,1,train
19666,7,train
2365,0,train
9161,3,train
18511,7,train
14945,5,train
602,0,train
2812,0,train
8010,2,train
7142,2,train
3629,1,train
23264,8,train
945,0,train
8238,2,train
16239,6,train
23279,8,train
15376,5,train
22259,8,train
23960,8,train
4322,1,train
20281,7,train
9210,3,train
15327,5,train
157,0,train
21344,7,train
3931,1,train
6629,2,train
19051,7,train
601,0,train
5950,1,train
6657,2,train
2005,0,train
10620,3,train
26485,9,train
20536,7,train
18026,6,train
21582,8,train
9754,3,train
6022,2,train
8124,2,train
26035,9,train
15941,5,train
7742,2,train
718,0,train
2523,0,train
3145,1,train
9646,3,train
20589,7,train
12528,4,train
14877,5,train
16401,6,train
26129,9,train
12260,4,train
544,0,train
25273,9,train
745,0,train
3408,1,train
18406,6,train
8103,2,train
7414,2,train
20616,7,train
11116,3,train
8456,2,train
15092,5,train
26060,9,train
21752,8,train
25188,9,train
13580,4,train
6248,2,train
21535,8,train
1351,0,train
25425,9,train
15353,5,train
1437,0,train
13852,4,train
19609,7,train
9708,3,train
8547,2,train
13708,4,train
21279,7,train
26110,9,train
10808,3,train
26380,9,train
164,0,train
10783,3,train
15496,5,train
7718,2,train
22918,8,train
9077,3,train
22872,8,train
19972,7,train
16235,6,train
20256,7,train
12906,4,train
2967,0,train
24936,9,train
9643,3,train
9727,3,train
20936,7,train
8070,2,train
19122,7,train
3202,1,train
20920,7,train
21647,8,train
23516,8,train
15196,5,train
22425,8,train
14242,5,train
11169,3,train
15631,5,train
9665,3,train
8656,2,train
20088,7,train
16354,6,train
8848,2,train
3709,1,train
13385,4,train
14576,5,train
10031,3,train
12464,4,train
9344,3,train
16874,6,train
13412,4,train
19781,7,train
24202,9,train
7166,2,train
9886,3,train
903,0,train
6047,2,train
23290,8,train
22344,8,train
23595,8,train
20735,7,train
20967,7,train
10757,3,train
2691,0,train
6226,2,train
22300,8,train
23742,8,train
23432,8,train
10716,3,train
16032,6,train
21542,8,train
3174,1,train
19801,7,train
3917,1,train
25899,9,train
11864,4,train
2185,0,train
11189,3,train
5129,1,train
20229,7,train
10511,3,train
18266,6,train
22955,8,train
8548,2,train
14217,5,train
21868,8,train
12281,4,train
22269,8,train
19438,7,train
10694,3,train
26363,9,train
23599,8,train
941,0,train
16137,6,train
7628,2,train
25326,9,train
23993,8,train
17167,6,train
4117,1,train
12096,4,train
2574,0,train
8281,2,train
4368,1,train
6416,2,train
17076,6,train
23002,8,train
15150,5,train
11400,3,train
19733,7,train
18262,6,train
10287,3,train
21814,8,train
3811,1,train
13967,4,train
1829,0,train
8451,2,train
1249,0,train
4441,1,train
2238,0,train
7154,2,train
2188,0,train
15055,5,train
18311,6,train
7747,2,train
10108,3,train
18188,6,train
18409,6,train
11867,4,train
15223,5,train
7559,2,train
16705,6,train
240,0,train
22961,8,train
12633,4,train
6863,2,train
11431,3,train
10085,3,train
2698,0,train
24731,9,train
25051,9,train
13505,4,train
129,0,train
3525,1,train
19379,7,train
1993,0,train
19003,7,train
7294,2,train
9552,3,train
13695,4,train
1590,0,train
2471,0,train
5386,1,train
8080,2,train
17212,6,train
5865,1,train
14541,5,train
15407,5,train
12880,4,train
8765,2,train
13554,4,train
13215,4,train
3991,1,train
16749,6,train
14986,5,train
17946,6,train
10268,3,train
9266,3,train
15780,5,train
10831,3,train
8838,2,train
21469,7,train
8052,2,train
6356,2,train
4293,1,train
191,0,train
7217,2,train
14978,5,train
21040,7,train
5520,1,train
21242,7,train
22188,8,train
23414,8,train
17255,6,train
26931,9,train
6219,2,train
3509,1,train
16814,6,train
4271,1,train
24862,9,train
22929,8,train
5408,1,train
26225,9,train
4555,1,train
2154,0,train
14206,5,train
11190,3,train
10910,3,train
21794,8,train
19800,7,train
24696,9,train
24388,9,train
11436,3,train
23966,8,train
5319,1,train
527,0,train
16852,6,train
2805,0,train
18941,7,train
18161,6,train
3128,1,train
21305,7,train
11060,3,train
23179,8,train
9257,3,train
9135,3,train
12620,4,train
15139,5,train
26581,9,train
805,0,train
2252,0,train
113,0,train
16412,6,train
4049,1,train
5681,1,train
7890,2,train
6052,2,train
7796,2,train
8291,2,train
23813,8,train
12529,4,train
8064,2,train
21842,8,train
24782,9,train
2801,0,train
1128,0,train
7597,2,train
14905,5,train
2284,0,train
12508,4,train
2650,0,train
5974,1,train
6279,2,train
13027,4,train
4894,1,train
10182,3,train
9429,3,train
19243,7,train
26809,9,train
1316,0,train
329,0,train
26186,9,train
6880,2,train
24796,9,train
13661,4,train
24050,9,train
581,0,train
8506,2,train
4273,1,train
8799,2,train
23541,8,train
19843,7,train
14144,5,train
8869,2,train
7265,2,train
1265,0,train
24021,9,train
4958,1,train
12355,4,train
151,0,train
22533,8,train
25325,9,train
11166,3,train
2900,0,train
15857,5,train
13347,4,train
1474,0,train
11177,3,train
6394,2,train
14631,5,train
21427,7,train
5654,1,train
6910,2,train
18020,6,train
1269,0,train
23346,8,train
3179,1,train
24353,9,train
6856,2,train
13600,4,train
8099,2,train
26847,9,train
25535,9,train
6444,2,train
20898,7,train
9241,3,train
14488,5,train
22823,8,train
11973,4,train
14394,5,train
16326,6,train
20909,7,train
8115,2,train
25991,9,train
15658,5,train
8194,2,train
24251,9,train
11137,3,train
2313,0,train
18220,6,train
19924,7,train
8204,2,train
14967,5,train
21526,8,train
4608,1,train
4660,1,train
2073,0,train
21308,7,train
6597,2,train
4315,1,train
16420,6,train
25733,9,train
16272,6,train
7746,2,train
16488,6,train
16145,6,train
19196,7,train
24775,9,train
24600,9,train
14376,5,train
14411,5,train
11666,4,train
9292,3,train
11697,4,train
1554,0,train
4420,1,train
578,0,train
15329,5,train
18972,7,train
1623,0,train
10271,3,train
21747,8,train
13776,4,train
8444,2,train
18489,6,train
1170,0,train
23811,8,train
6005,2,train
16206,6,train
22202,8,train
18680,7,train
6639,2,train
17599,6,train
7973,2,train
26178,9,train
15623,5,train
2495,0,train
6180,2,train
6570,2,train
23373,8,train
21933,8,train
1418,0,train
26284,9,train
19923,7,train
18709,7,train
18346,6,train
17291,6,train
13125,4,train
8039,2,train
1453,0,train
1320,0,train
9994,3,train
9639,3,train
24954,9,train
15887,5,train
6808,2,train
15721,5,train
909,0,train
16919,6,train
14300,5,train
9260,3,train
19106,7,train
11693,4,train
5177,1,train
22218,8,train
6076,2,train
7787,2,train
6387,2,train
2396,0,train
10493,3,train
1024,0,train
18877,7,train
23964,8,train
25881,9,train
12408,4,train
843,0,train
8683,2,train
15624,5,train
1173,0,train
7663,2,train
26272,9,train
25221,9,train
3536,1,train
8885,2,train
6714,2,train
664,0,train
20438,7,train
5895,1,train
9001,3,train
13294,4,train
17058,6,train
10456,3,train
7697,2,train
2102,0,train
23931,8,train
20783,7,train
12458,4,train
26600,9,train
9827,3,train
16233,6,train
26304,9,train
21454,7,train
20370,7,train
10157,3,train
5191,1,train
18292,6,train
11880,4,train
1872,0,train
10583,3,train
25443,9,train
26971,9,train
8889,2,train
18618,7,train
9263,3,train
11779,4,train
6809,2,train
20414,7,train
25680,9,train
21379,7,train
10346,3,train
20208,7,train
1413,0,train
21212,7,train
2429,0,train
6350,2,train
8835,2,train
11421,3,train
13097,4,train
11958,4,train
15729,5,train
19225,7,train
20640,7,train
8555,2,train
1241,0,train
21795,8,train
21430,7,train
22183,8,train
3901,1,train
14834,5,train
11339,3,train
11129,3,train
3213,1,train
19218,7,train
16008,6,train
18654,7,train
23066,8,train
23579,8,train
20464,7,train
11480,3,train
2719,0,train
8935,2,train
3496,1,train
9062,3,train
24261,9,train
25008,9,train
16950,6,train
25302,9,train
8059,2,train
11558,4,train
3324,1,train
17209,6,train
15372,5,train
26015,9,train
13128,4,train
20379,7,train
6357,2,train
18682,7,train
17759,6,train
21109,7,train
19683,7,train
1914,0,train
9806,3,train
6187,2,train
4013,1,train
21912,8,train
12255,4,train
24033,9,train
20164,7,train
7314,2,train
21866,8,train
6695,2,train
18937,7,train
15866,5,train
5415,1,train
8487,2,train
15465,5,train
18205,6,train
864,0,train
12709,4,train
10844,3,train
10063,3,train
24162,9,train
25519,9,train
16363,6,train
3953,1,train
20642,7,train
15387,5,train
23496,8,train
13378,4,train
16179,6,train
15351,5,train
12039,4,train
8165,2,train
1818,0,train
18497,6,train
10184,3,train
20610,7,train
806,0,train
25870,9,train
9948,3,train
21899,8,train
3439,1,train
25113,9,train
25984,9,train
20563,7,train
22497,8,train
18352,6,train
25552,9,train
12819,4,train
25251,9,train
25294,9,train
8940,2,train
25099,9,train
1594,0,train
345,0,train
6010,2,train
15163,5,train
12519,4,train
6075,2,train
26995,9,train
3079,1,train
15638,5,train
3013,1,train
17574,6,train
19701,7,train
24420,9,train
18940,7,train
4578,1,train
22913,8,train
3132,1,train
16219,6,train
2031,0,train
13485,4,train
26343,9,train
24596,9,train
9305,3,train
2616,0,train
8746,2,train
23028,8,train
16503,6,train
2741,0,train
5618,1,train
6807,2,train
8142,2,train
20255,7,train
2759,0,train
24483,9,train
19336,7,train
17365,6,train
24404,9,train
8094,2,train
8186,2,train
6483,2,train
5776,1,train
19850,7,train
16429,6,train
6963,2,train
9438,3,train
18577,7,train
24243,9,train
23262,8,train
12313,4,train
19622,7,train
15043,5,train
26416,9,train
22144,8,train
22495,8,train
11283,3,train
7371,2,train
26768,9,train
3134,1,train
18538,7,train
12143,4,train
5927,1,train
6550,2,train
12409,4,train
23979,8,train
24084,9,train
8717,2,train
3169,1,train
23388,8,train
24319,9,train
5318,1,train
14291,5,train
12420,4,train
15024,5,train
9169,3,train
16956,6,train
17092,6,train
21209,7,train
20044,7,train
21398,7,train
15291,5,train
3352,1,train
21422,7,train
14954,5,train
8310,2,train
26356,9,train
8293,2,train
15888,5,train
17017,6,train
1430,0,train
11305,3,train
14457,5,train
10965,3,train
4122,1,train
20937,7,train
9830,3,train
8588,2,train
22353,8,train
10150,3,train
10267,3,train
20768,7,train
11858,4,train
13973,4,train
4509,1,train
7671,2,train
20672,7,train
1971,0,train
10300,3,train
26554,9,train
4831,1,train
18017,6,train
14161,5,train
654,0,train
23987,8,train
19697,7,train
13596,4,train
1374,0,train
15153,5,train
26394,9,train
18822,7,train
18782,7,train
11509,4,train
15067,5,train
9160,3,train
9236,3,train
19093,7,train
15757,5,train
5625,1,train
9240,3,train
18169,6,train
2671,0,train
22390,8,train
25137,9,train
20011,7,train
25688,9,train
16603,6,train
6846,2,train
3003,1,train
20897,7,train
4010,1,train
17551,6,train
13962,4,train
10914,3,train
11335,3,train
10393,3,train
16242,6,train
7954,2,train
14899,5,train
24427,9,train
11250,3,train
8763,2,train
26189,9,train
14097,5,train
12196,4,train
18824,7,train
4835,1,train
3453,1,train
23619,8,train
14372,5,train
19307,7,train
3247,1,train
11761,4,train
21411,7,train
24312,9,train
13402,4,train
22072,8,train
10305,3,train
12356,4,train
21276,7,train
9678,3,train
10444,3,train
9578,3,train
4500,1,train
4430,1,train
24843,9,train
1084,0,train
5285,1,train
5024,1,train
15013,5,train
12704,4,train
21505,8,train
15962,5,train
16578,6,train
2641,0,train
4562,1,train
14030,5,train
12570,4,train
409,0,train
3420,1,train
1561,0,train
12141,4,train
14535,5,train
4650,1,train
23726,8,train
15871,5,train
12787,4,train
21119,7,train
11581,4,train
25884,9,train
3061,1,train
22310,8,train
24929,9,train
19714,7,train
25234,9,train
9803,3,train
21670,8,train
25522,9,train
22160,8,train
16979,6,train
22579,8,train
7145,2,train
6915,2,train
21548,8,train
11989,4,train
3876,1,train
8057,2,train
7179,2,train
13156,4,train
7915,2,train
20224,7,train
21586,8,train
17515,6,train
12559,4,train
25820,9,train
239,0,train
26311,9,train
12857,4,train
3259,1,train
14178,5,train
13769,4,train
24241,9,train
5940,1,train
10434,3,train
18515,7,train
14691,5,train
8028,2,train
1599,0,train
22620,8,train
26753,9,train
25293,9,train
2765,0,train
19194,7,train
2654,0,train
13685,4,train
9566,3,train
22020,8,train
24486,9,train
12392,4,train
6257,2,train
26255,9,train
10573,3,train
25975,9,train
22624,8,train
25331,9,train
18369,6,train
24200,9,train
15549,5,train
23983,8,train
22496,8,train
15235,5,train
6093,2,train
22632,8,train
26389,9,train
8743,2,train
8516,2,train
16269,6,train
7175,2,train
14213,5,train
13677,4,train
6830,2,train
2597,0,train
7750,2,train
19148,7,train
16090,6,train
1225,0,train
13900,4,train
16975,6,train
12949,4,train
10869,3,train
7682,2,train
18042,6,train
21604,8,train
9162,3,train
7803,2,train
4848,1,train
25676,9,train
10118,3,train
11932,4,train
18005,6,train
2438,0,train
22543,8,train
3861,1,train
18663,7,train
6564,2,train
16865,6,train
23637,8,train
24981,9,train
18806,7,train
20700,7,train
6560,2,train
18874,7,train
1007,0,train
6238,2,train
13241,4,train
1653,0,train
13614,4,train
3864,1,train
10003,3,train
16302,6,train
17419,6,train
15188,5,train
16331,6,train
2550,0,train
3790,1,train
25064,9,train
7003,2,train
22516,8,train
22883,8,train
8145,2,train
18470,6,train
24573,9,train
12530,4,train
11498,3,train
22432,8,train
22557,8,train
2720,0,train
12765,4,train
13565,4,train
20594,7,train
6738,2,train
22503,8,train
13638,4,train
18723,7,train
9720,3,train
10649,3,train
6242,2,train
14240,5,train
23997,8,train
23959,8,train
29,0,train
11689,4,train
10709,3,train
3577,1,train
13079,4,train
25784,9,train
19077,7,train
9000,3,train
14289,5,train
17284,6,train
7533,2,train
12974,4,train
4408,1,train
19026,7,train
26900,9,train
21644,8,train
8089,2,train
1211,0,train
26376,9,train
19597,7,train
5775,1,train
1146,0,train
21285,7,train
5805,1,train
10701,3,train
4666,1,train
4716,1,train
6673,2,train
19327,7,train
7114,2,train
2774,0,train
2593,0,train
18609,7,train
12471,4,train
11376,3,train
19303,7,train
3207,1,train
25963,9,train
7473,2,train
8354,2,train
14858,5,train
8774,2,train
15156,5,train
20340,7,train
12507,4,train
10647,3,train
10143,3,train
16318,6,train
22548,8,train
10385,3,train
11772,4,train
1948,0,train
2424,0,train
11782,4,train
13017,4,train
26104,9,train
8419,2,train
5330,1,train
14683,5,train
20139,7,train
25520,9,train
13564,4,train
7701,2,train
23927,8,train
17659,6,train
16762,6,train
2203,0,train
2740,0,train
4451,1,train
8175,2,train
265,0,train
20614,7,train
12613,4,train
14502,5,train
9152,3,train
25070,9,train
19242,7,train
19971,7,train
18444,6,train
20732,7,train
21517,8,train
3934,1,train
11046,3,train
12732,4,train
6741,2,train
1912,0,train
24035,9,train
23900,8,train
12181,4,train
20036,7,train
6445,2,train
16144,6,train
6749,2,train
10686,3,train
18894,7,train
18791,7,train
15499,5,train
3149,1,train
10447,3,train
21215,7,train
9444,3,train
15293,5,train
16155,6,train
15824,5,train
9400,3,train
1056,0,train
26052,9,train
16447,6,train
17001,6,train
23361,8,train
3146,1,train
1558,0,train
10060,3,train
23867,8,train
8034,2,train
12769,4,train
10942,3,train
14943,5,train
15518,5,train
11463,3,train
1553,0,train
20669,7,train
6104,2,train
26017,9,train
24770,9,train
1494,0,train
4942,1,train
1171,0,train
20901,7,train
10120,3,train
8687,2,train
5081,1,train
5347,1,train
26710,9,train
13599,4,train
9026,3,train
22668,8,train
6088,2,train
17640,6,train
5340,1,train
19956,7,train
23860,8,train
17850,6,train
21926,8,train
4720,1,train
4981,1,train
18992,7,train
3846,1,train
10793,3,train
24537,9,train
20472,7,train
15254,5,train
15247,5,train
23544,8,train
26301,9,train
962,0,train
3071,1,train
1866,0,train
15604,5,train
13665,4,train
932,0,train
1596,0,train
5366,1,train
10714,3,train
22265,8,train
5164,1,train
3534,1,train
13958,4,train
4214,1,train
24563,9,train
19123,7,train
10802,3,train
19838,7,train
10497,3,train
9654,3,train
24132,9,train
25356,9,train
5128,1,train
6229,2,train
22252,8,train
2575,0,train
21567,8,train
12750,4,train
24071,9,train
14731,5,train
17833,6,train
17753,6,train
8090,2,train
2821,0,train
13543,4,train
20205,7,train
2308,0,train
22100,8,train
12823,4,train
26125,9,train
3899,1,train
10968,3,train
10170,3,train
9064,3,train
11042,3,train
3810,1,train
9306,3,train
24393,9,train
25960,9,train
944,0,train
23464,8,train
17719,6,train
21759,8,train
2345,0,train
26159,9,train
17882,6,train
20309,7,train
7642,2,train
12412,4,train
20847,7,train
3260,1,train
11401,3,train
1100,0,train
3084,1,train
4319,1,train
14216,5,train
11488,3,train
1607,0,train
17437,6,train
19549,7,train
6576,2,train
13571,4,train
15564,5,train
26511,9,train
20605,7,train
22541,8,train
14649,5,train
18380,6,train
213,0,train
23086,8,train
26400,9,train
9515,3,train
3968,1,train
6452,2,train
5650,1,train
2512,0,train
2353,0,train
23862,8,train
10690,3,train
3376,1,train
2535,0,train
6230,2,train
281,0,train
8206,2,train
3206,1,train
10711,3,train
462,0,train
21710,8,train
9265,3,train
26267,9,train
19585,7,train
13148,4,train
9156,3,train
222,0,train
14248,5,train
23903,8,train
24762,9,train
22334,8,train
6889,2,train
5722,1,train
24765,9,train
25154,9,train
21356,7,train
4364,1,train
11673,4,train
757,0,train
8679,2,train
21872,8,train
1616,0,train
3566,1,train
18247,6,train
20217,7,train
6325,2,train
15934,5,train
22832,8,train
10634,3,train
16641,6,train
24674,9,train
16463,6,train
25573,9,train
24521,9,train
6209,2,train
17049,6,train
25955,9,train
16778,6,train
14416,5,train
13714,4,train
14920,5,train
4354,1,train
23705,8,train
17252,6,train
10025,3,train
18917,7,train
9791,3,train
16430,6,train
20368,7,train
18710,7,train
3956,1,train
1834,0,train
2381,0,train
463,0,train
3774,1,train
13947,4,train
20627,7,train
18295,6,train
23783,8,train
15390,5,train
12271,4,train
19166,7,train
26443,9,train
21970,8,train
22700,8,train
23359,8,train
20697,7,train
16298,6,train
9938,3,train
14701,5,train
17606,6,train
4907,1,train
14500,5,train
14322,5,train
2770,0,train
8143,2,train
22486,8,train
14948,5,train
6968,2,train
25469,9,train
26079,9,train
22476,8,train
7394,2,train
12791,4,train
14857,5,train
17306,6,train
18843,7,train
6189,2,train
25684,9,train
5709,1,train
1820,0,train
7395,2,train
22249,8,train
8282,2,train
2131,0,train
2969,0,train
19628,7,train
12634,4,train
24458,9,train
11362,3,train
13578,4,train
1795,0,train
752,0,train
9982,3,train
3491,1,train
17461,6,train
24851,9,train
7764,2,train
428,0,train
631,0,train
23225,8,train
26530,9,train
10483,3,train
24311,9,train
8412,2,train
24699,9,train
6123,2,train
2709,0,train
3765,1,train
18596,7,train
20859,7,train
3094,1,train
12619,4,train
1463,0,train
23545,8,train
21441,7,train
20358,7,train
4938,1,train
18385,6,train
2567,0,train
1564,0,train
12470,4,train
11475,3,train
24746,9,train
9527,3,train
18583,7,train
9373,3,train
16279,6,train
11584,4,train
3985,1,train
12870,4,train
4807,1,train
9536,3,train
6030,2,train
13917,4,train
21451,7,train
17799,6,train
20113,7,train
18964,7,train
14463,5,train
10880,3,train
11593,4,train
6675,2,train
11972,4,train
10188,3,train
12511,4,train
22859,8,train
11365,3,train
1737,0,train
9922,3,train
7383,2,train
19142,7,train
12775,4,train
13551,4,train
9140,3,train
23463,8,train
8389,2,train
13208,4,train
21640,8,train
1032,0,train
18155,6,train
14199,5,train
10630,3,train
17228,6,train
2456,0,train
15665,5,train
23517,8,train
14075,5,train
16882,6,train
20264,7,train
8108,2,train
23023,8,train
7276,2,train
23833,8,train
25025,9,train
11136,3,train
3214,1,train
23207,8,train
25912,9,train
17224,6,train
16599,6,train
24811,9,train
8093,2,train
26959,9,train
24548,9,train
2666,0,train
24066,9,train
18875,7,train
24789,9,train
23764,8,train
26362,9,train
13209,4,train
1385,0,train
2059,0,train
3154,1,train
9844,3,train
3368,1,train
9541,3,train
23741,8,train
4044,1,train
23159,8,train
13229,4,train
2639,0,train
11836,4,train
7311,2,train
13751,4,train
23696,8,train
11511,4,train
25725,9,train
22318,8,train
1921,0,train
23431,8,train
16460,6,train
10987,3,train
18958,7,train
13927,4,train
16010,6,train
16643,6,train
23451,8,train
3715,1,train
11472,3,train
26116,9,train
7333,2,train
23479,8,train
17197,6,train
12333,4,train
8343,2,train
13263,4,train
26831,9,train
22246,8,train
25857,9,train
1502,0,train
8987,2,train
20074,7,train
23199,8,train
10514,3,train
24114,9,train
519,0,train
13766,4,train
11176,3,train
7063,2,train
15304,5,train
24628,9,train
20807,7,train
2190,0,train
13157,4,train
21415,7,train
20071,7,train
10923,3,train
24918,9,train
12816,4,train
1749,0,train
6364,2,train
6725,2,train
16400,6,train
7536,2,train
15506,5,train
25624,9,train
7034,2,train
21256,7,train
8852,2,train
9171,3,train
8840,2,train
20953,7,train
44,0,train
16976,6,train
24508,9,train
20779,7,train
10256,3,train
9565,3,train
21235,7,train
32,0,train
15162,5,train
12882,4,train
25671,9,train
17034,6,train
15450,5,train
958,0,train
16516,6,train
17245,6,train
15116,5,train
4637,1,train
393,0,train
18127,6,train
599,0,train
2995,0,train
5541,1,train
6700,2,train
334,0,train
26246,9,train
21104,7,train
13583,4,train
18045,6,train
707,0,train
24360,9,train
16404,6,train
14572,5,train
10565,3,train
9030,3,train
24994,9,train
17638,6,train
4019,1,train
11154,3,train
273,0,train
22077,8,train
3564,1,train
22927,8,train
7234,2,train
507,0,train
15882,5,train
13259,4,train
2546,0,train
13774,4,train
621,0,train
16607,6,train
14458,5,train
7794,2,train
8906,2,train
5737,1,train
22603,8,train
19454,7,train
7833,2,train
8067,2,train
5210,1,train
1328,0,train
6079,2,train
11161,3,train
20539,7,train
16134,6,train
23874,8,train
9385,3,train
16779,6,train
25780,9,train
5138,1,train
5494,1,train
19368,7,train
26094,9,train
17357,6,train
16911,6,train
2212,0,train
24657,9,train
17482,6,train
5335,1,train
4080,1,train
514,0,train
17535,6,train
18928,7,train
1771,0,train
4765,1,train
20200,7,train
24612,9,train
22206,8,train
785,0,train
22857,8,train
1407,0,train
10693,3,train
15840,5,train
14233,5,train
1044,0,train
2993,0,train
13666,4,train
25798,9,train
1261,0,train
22536,8,train
19410,7,train
22611,8,train
5484,1,train
4487,1,train
12251,4,train
16568,6,train
4607,1,train
16167,6,train
8805,2,train
8536,2,train
23314,8,train
4536,1,train
12825,4,train
5550,1,train
22643,8,train
5290,1,train
24989,9,train
11957,4,train
5295,1,train
24922,9,train
14273,5,train
21177,7,train
15102,5,train
25352,9,train
16860,6,train
23875,8,train
18450,6,train
8360,2,train
22368,8,train
10810,3,train
11615,4,train
15656,5,train
6105,2,train
14446,5,train
2583,0,train
18368,6,train
9050,3,train
14815,5,train
11276,3,train
3390,1,train
25583,9,train
16334,6,train
498,0,train
22308,8,train
26174,9,train
2091,0,train
8239,2,train
3065,1,train
2745,0,train
3109,1,train
4129,1,train
10049,3,train
17582,6,train
3484,1,train
2736,0,train
12324,4,train
19530,7,train
18426,6,train
584,0,train
17047,6,train
23057,8,train
3567,1,train
21084,7,train
9580,3,train
4993,1,train
25635,9,train
3555,1,train
9861,3,train
22674,8,train
15361,5,train
529,0,train
9695,3,train
939,0,train
4632,1,train
6054,2,train
26312,9,train
18232,6,train
19176,7,train
4728,1,train
11814,4,train
5531,1,train
7038,2,train
26181,9,train
17032,6,train
935,0,train
25390,9,train
24774,9,train
22602,8,train
5154,1,train
4976,1,train
20542,7,train
2850,0,train
3853,1,train
24438,9,train
26580,9,train
11778,4,train
20948,7,train
11187,3,train
6464,2,train
24045,9,train
6781,2,train
18592,7,train
15435,5,train
8891,2,train
17095,6,train
20262,7,train
6840,2,train
20106,7,train
21770,8,train
25103,9,train
10255,3,train
20306,7,train
14244,5,train
5803,1,train
11221,3,train
8727,2,train
22410,8,train
22519,8,train
25831,9,train
3457,1,train
705,0,train
18147,6,train
23029,8,train
18593,7,train
10298,3,train
12185,4,train
21429,7,train
8335,2,train
1419,0,train
8149,2,train
1610,0,train
6395,2,train
2818,0,train
11291,3,train
10389,3,train
11657,4,train
8289,2,train
1760,0,train
22813,8,train
15574,5,train
24092,9,train
4432,1,train
21594,8,train
22050,8,train
23341,8,train
26607,9,train
13822,4,train
14377,5,train
6177,2,train
24451,9,train
17160,6,train
23082,8,train
16611,6,train
16694,6,train
5396,1,train
18107,6,train
11623,4,train
26797,9,train
5630,1,train
53,0,train
2782,0,train
13854,4,train
8997,2,train
2534,0,train
6276,2,train
16794,6,train
6552,2,train
26879,9,train
4220,1,train
8541,2,train
1536,0,train
13588,4,train
21100,7,train
21815,8,train
19509,7,train
9893,3,train
19659,7,train
8130,2,train
2071,0,train
952,0,train
9961,3,train
12227,4,train
24798,9,train
4246,1,train
5028,1,train
23654,8,train
6635,2,train
21704,8,train
10410,3,train
13216,4,train
1999,0,train
25080,9,train
1352,0,train
5609,1,train
18196,6,train
24293,9,train
22282,8,train
17256,6,train
11981,4,train
10461,3,train
20056,7,train
5771,1,train
6155,2,train
13300,4,train
15698,5,train
12125,4,train
19998,7,train
24542,9,train
9220,3,train
13652,4,train
14757,5,train
11158,3,train
3016,1,train
8952,2,train
11478,3,train
9099,3,train
18363,6,train
9454,3,train
25921,9,train
2542,0,train
25816,9,train
20375,7,train
9674,3,train
25788,9,train
2972,0,train
1199,0,train
26179,9,train
16889,6,train
19632,7,train
20926,7,train
23085,8,train
3310,1,train
23596,8,train
7068,2,train
23311,8,train
4973,1,train
20725,7,train
20248,7,train
8192,2,train
5868,1,train
18876,7,train
21476,7,train
23683,8,train
17100,6,train
6777,2,train
5473,1,train
13699,4,train
14271,5,train
17223,6,train
16693,6,train
8991,2,train
9317,3,train
9934,3,train
6720,2,train
1798,0,train
23537,8,train
13892,4,train
11535,4,train
11854,4,train
2793,0,train
2531,0,train
17701,6,train
67,0,train
10421,3,train
26208,9,train
9937,3,train
23749,8,train
6802,2,train
12694,4,train
19718,7,train
12826,4,train
5199,1,train
771,0,train
25470,9,train
26358,9,train
10139,3,train
25440,9,train
4233,1,train
16587,6,train
11573,4,train
931,0,train
8563,2,train
810,0,train
13211,4,train
23858,8,train
8277,2,train
6621,2,train
20851,7,train
6775,2,train
24619,9,train
9634,3,train
17780,6,train
5383,1,train
22098,8,train
8744,2,train
22271,8,train
9065,3,train
3301,1,train
16471,6,train
19437,7,train
20581,7,train
13328,4,train
19414,7,train
12505,4,train
4859,1,train
20638,7,train
11101,3,train
13887,4,train
2183,0,train
7216,2,train
1349,0,train
22802,8,train
1645,0,train
26056,9,train
5110,1,train
15639,5,train
2009,0,train
3105,1,train
8400,2,train
16241,6,train
11676,4,train
23879,8,train
9297,3,train
759,0,train
22166,8,train
17905,6,train
12955,4,train
10974,3,train
1775,0,train
17820,6,train
25450,9,train
25274,9,train
18048,6,train
19771,7,train
18342,6,train
20601,7,train
15038,5,train
3057,1,train
20753,7,train
15119,5,train
25810,9,train
3754,1,train
7719,2,train
8875,2,train
9110,3,train
7594,2,train
605,0,train
4579,1,train
19743,7,train
16676,6,train
10792,3,train
19608,7,train
22079,8,train
24104,9,train
23304,8,train
23915,8,train
6071,2,train
14961,5,train
18547,7,train
20274,7,train
20471,7,train
14013,5,train
23420,8,train
8861,2,train
22590,8,train
3033,1,train
10893,3,train
2258,0,train
9977,3,train
21487,7,train
8510,2,train
1245,0,train
18974,7,train
15041,5,train
25479,9,train
22631,8,train
15170,5,train
7224,2,train
8287,2,train
21762,8,train
13230,4,train
10061,3,train
10960,3,train
10961,3,train
24089,9,train
8026,2,train
6965,2,train
1735,0,train
6843,2,train
13884,4,train
6247,2,train
3716,1,train
8931,2,train
12191,4,train
2951,0,train
26420,9,train
21859,8,train
24639,9,train
25285,9,train
6433,2,train
3533,1,train
26318,9,train
7965,2,train
21335,7,train
6970,2,train
26076,9,train
5965,1,train
26703,9,train
17619,6,train
24595,9,train
13252,4,train
7980,2,train
9083,3,train
1770,0,train
10130,3,train
23147,8,train
9571,3,train
365,0,train
9766,3,train
24398,9,train
15319,5,train
18825,7,train
11471,3,train
18399,6,train
20679,7,train
17657,6,train
2083,0,train
7336,2,train
1783,0,train
23785,8,train
7065,2,train
17563,6,train
2957,0,train
6760,2,train
14060,5,train
2563,0,train
20457,7,train
23913,8,train
4321,1,train
19973,7,train
18312,6,train
11483,3,train
23731,8,train
20994,7,train
14671,5,train
11139,3,train
7377,2,train
7213,2,train
4861,1,train
2140,0,train
3599,1,train
21743,8,train
12450,4,train
2792,0,train
9181,3,train
6008,2,train
10972,3,train
2474,0,train
7967,2,train
15710,5,train
21178,7,train
5301,1,train
20579,7,train
18531,7,train
18513,7,train
21541,8,train
12734,4,train
45,0,train
11099,3,train
24848,9,train
21555,8,train
12162,4,train
3797,1,train
13324,4,train
11651,4,train
518,0,train
10530,3,train
11834,4,train
9755,3,train
6203,2,train
10926,3,train
26652,9,train
23988,8,train
13734,4,train
21620,8,train
18813,7,train
12614,4,train
18508,7,train
24169,9,train
13401,4,train
4009,1,train
256,0,train
17735,6,train
23745,8,train
11841,4,train
3249,1,train
7600,2,train
4242,1,train
13395,4,train
5918,1,train
23573,8,train
22796,8,train
13779,4,train
13167,4,train
4086,1,train
7502,2,train
10617,3,train
11634,4,train
17838,6,train
14160,5,train
24641,9,train
4661,1,train
26665,9,train
12515,4,train
21289,7,train
21433,7,train
22323,8,train
20532,7,train
19813,7,train
449,0,train
1383,0,train
1632,0,train
15548,5,train
11640,4,train
7479,2,train
4317,1,train
15146,5,train
9833,3,train
26370,9,train
16730,6,train
13483,4,train
26423,9,train
16559,6,train
20425,7,train
8747,2,train
20565,7,train
13719,4,train
13312,4,train
19534,7,train
21087,7,train
15296,5,train
22521,8,train
18377,6,train
9866,3,train
19100,7,train
25949,9,train
158,0,train
1945,0,train
4114,1,train
18960,7,train
24355,9,train
3303,1,train
20134,7,train
12504,4,train
1911,0,train
1014,0,train
12841,4,train
20632,7,train
10941,3,train
25545,9,train
21426,7,train
6259,2,train
11774,4,train
13499,4,train
8767,2,train
24053,9,train
5981,1,train
8319,2,train
4914,1,train
17155,6,train
13833,4,train
17455,6,train
24239,9,train
3999,1,train
6769,2,train
11644,4,train
23055,8,train
19912,7,train
25327,9,train
11530,4,train
12140,4,train
5930,1,train
24880,9,train
4103,1,train
11993,4,train
9347,3,train
8685,2,train
6567,2,train
19882,7,train
12874,4,train
24829,9,train
1815,0,train
7616,2,train
17105,6,train
16119,6,train
2907,0,train
18976,7,train
13869,4,train
3896,1,train
25715,9,train
3031,1,train
12517,4,train
6049,2,train
8454,2,train
12130,4,train
15388,5,train
23130,8,train
18111,6,train
5025,1,train
15524,5,train
4707,1,train
23566,8,train
14538,5,train
2895,0,train
13335,4,train
26283,9,train
9625,3,train
20419,7,train
11473,3,train
21352,7,train
236,0,train
18319,6,train
25993,9,train
22396,8,train
1487,0,train
9239,3,train
21871,8,train
2718,0,train
20533,7,train
889,0,train
18486,6,train
23669,8,train
19574,7,train
11726,4,train
6095,2,train
11068,3,train
994,0,train
141,0,train
23946,8,train
20791,7,train
838,0,train
3087,1,train
14033,5,train
15100,5,train
25174,9,train
13468,4,train
22380,8,train
2247,0,train
6313,2,train
19031,7,train
6589,2,train
13424,4,train
11171,3,train
382,0,train
26039,9,train
15265,5,train
17233,6,train
8904,2,train
20105,7,train
2809,0,train
22230,8,train
17917,6,train
9067,3,train
13398,4,train
10016,3,train
14374,5,train
12068,4,train
5353,1,train
11953,4,train
219,0,train
5860,1,train
20765,7,train
4851,1,train
16633,6,train
11452,3,train
22287,8,train
2569,0,train
13466,4,train
18848,7,train
25660,9,train
15550,5,train
20377,7,train
14809,5,train
15509,5,train
8139,2,train
12966,4,train
21610,8,train
25771,9,train
23976,8,train
25032,9,train
2647,0,train
8525,2,train
9841,3,train
4754,1,train
23847,8,train
18880,7,train
12969,4,train
22759,8,train
9207,3,train
16402,6,train
12830,4,train
20769,7,train
11771,4,train
10984,3,train
23156,8,train
15347,5,train
19087,7,train
9664,3,train
9150,3,train
12,0,train
1104,0,train
11966,4,train
9975,3,train
13100,4,train
17136,6,train
16613,6,train
17537,6,train
10761,3,train
21598,8,train
21097,7,train
3302,1,train
7630,2,train
14280,5,train
10847,3,train
20651,7,train
1198,0,train
16547,6,train
4414,1,train
5510,1,train
17575,6,train
1501,0,train
5023,1,train
6340,2,train
16600,6,train
16970,6,train
9751,3,train
5314,1,train
8119,2,train
18270,6,train
14763,5,train
7238,2,train
4768,1,train
5765,1,train
6159,2,train
5763,1,train
3051,1,train
5197,1,train
18302,6,train
8264,2,train
2342,0,train
22162,8,train
19656,7,train
18730,7,train
20459,7,train
15421,5,train
14781,5,train
26770,9,train
9226,3,train
12537,4,train
18952,7,train
22286,8,train
6488,2,train
26771,9,train
2886,0,train
443,0,train
11987,4,train
5155,1,train
26518,9,train
23285,8,train
25674,9,train
7344,2,train
2586,0,train
21465,7,train
6632,2,train
17329,6,train
22467,8,train
9507,3,train
22716,8,train
23283,8,train
10165,3,train
2002,0,train
26572,9,train
16086,6,train
1334,0,train
25877,9,train
8655,2,train
20917,7,train
6982,2,train
15992,5,train
14019,5,train
7728,2,train
21115,7,train
25781,9,train
9905,3,train
23936,8,train
171,0,train
22960,8,train
1330,0,train
930,0,train
8633,2,train
14128,5,train
19177,7,train
11839,4,train
6195,2,train
15532,5,train
12852,4,train
14654,5,train
8491,2,train
20158,7,train
2706,0,train
7593,2,train
4678,1,train
1746,0,train
12110,4,train
25553,9,train
2989,0,train
23320,8,train
11311,3,train
21513,8,train
6572,2,train
10715,3,train
21677,8,train
26679,9,train
5288,1,train
5448,1,train
12221,4,train
1660,0,train
25805,9,train
11491,3,train
23269,8,train
15089,5,train
5734,1,train
17434,6,train
23690,8,train
866,0,train
1164,0,train
4599,1,train
3354,1,train
7143,2,train
1106,0,train
1710,0,train
13145,4,train
5189,1,train
16390,6,train
6746,2,train
16598,6,train
2807,0,train
20313,7,train
4760,1,train
5636,1,train
8519,2,train
20427,7,train
25862,9,train
18836,7,train
18660,7,train
12849,4,train
20356,7,train
20891,7,train
12038,4,train
6568,2,train
346,0,train
20699,7,train
19372,7,train
20186,7,train
19007,7,train
21098,7,train
24186,9,train
2420,0,train
468,0,train
17341,6,train
7791,2,train
5069,1,train
2296,0,train
2795,0,train
13307,4,train
12235,4,train
19754,7,train
14360,5,train
13847,4,train
24212,9,train
13520,4,train
20890,7,train
21183,7,train
14362,5,train
24630,9,train
5724,1,train
13190,4,train
2789,0,train
199,0,train
17262,6,train
13318,4,train
19829,7,train
15009,5,train
3689,1,train
24769,9,train
24369,9,train
3036,1,train
11527,4,train
111,0,train
520,0,train
7484,2,train
17161,6,train
14900,5,train
10420,3,train
22987,8,train
8110,2,train
4240,1,train
25287,9,train
10601,3,train
17474,6,train
10097,3,train
12828,4,train
13248,4,train
1116,0,train
17046,6,train
20116,7,train
1790,0,train
7369,2,train
6617,2,train
22909,8,train
8958,2,train
2087,0,train
26501,9,train
7475,2,train
26563,9,train
19046,7,train
11882,4,train
14686,5,train
1978,0,train
23047,8,train
10222,3,train
9614,3,train
23893,8,train
15754,5,train
25015,9,train
12136,4,train
5938,1,train
21399,7,train
22711,8,train
12439,4,train
21723,8,train
11309,3,train
15612,5,train
21061,7,train
9369,3,train
23376,8,train
13924,4,train
15953,5,train
16727,6,train
20121,7,train
3983,1,train
21181,7,train
25598,9,train
24496,9,train
17011,6,train
7010,2,train
11748,4,train
26325,9,train
13568,4,train
19905,7,train
14202,5,train
24248,9,train
7250,2,train
15472,5,train
7621,2,train
26150,9,train
24233,9,train
24099,9,train
5168,1,train
23052,8,train
11270,3,train
6335,2,train
23549,8,train
24704,9,train
2553,0,train
8822,2,train
4789,1,train
16818,6,train
16580,6,train
15449,5,train
10058,3,train
4280,1,train
1584,0,train
7448,2,train
24671,9,train
7937,2,train
8654,2,train
17414,6,train
12309,4,train
26361,9,train
12973,4,train
13206,4,train
11243,3,train
19348,7,train
25061,9,train
1442,0,train
1064,0,train
2413,0,train
17145,6,train
7886,2,train
25540,9,train
421,0,train
1452,0,train
4295,1,train
17488,6,train
9178,3,train
22523,8,train
4310,1,train
22149,8,train
6605,2,train
10383,3,train
13914,4,train
5622,1,train
13276,4,train
16159,6,train
6336,2,train
23459,8,train
5051,1,train
22664,8,train
4558,1,train
20061,7,train
4930,1,train
21897,8,train
3441,1,train
25101,9,train
17319,6,train
15640,5,train
3150,1,train
13630,4,train
24510,9,train
26676,9,train
2619,0,train
7943,2,train
12443,4,train
5549,1,train
9043,3,train
26374,9,train
6,0,train
22319,8,train
2202,0,train
21317,7,train
17609,6,train
4071,1,train
23161,8,train
4212,1,train
17730,6,train
24291,9,train
1920,0,train
9434,3,train
2273,0,train
9660,3,train
12975,4,train
15505,5,train
18640,7,train
17526,6,train
18358,6,train
2008,0,train
3188,1,train
13471,4,train
23590,8,train
5536,1,train
21333,7,train
22111,8,train
25891,9,train
10705,3,train
13151,4,train
24068,9,train
1523,0,train
24159,9,train
4858,1,train
11083,3,train
21273,7,train
26862,9,train
22794,8,train
10035,3,train
17788,6,train
13553,4,train
6103,2,train
14759,5,train
24724,9,train
25024,9,train
2933,0,train
2138,0,train
25259,9,train
22186,8,train
7673,2,train
8011,2,train
5405,1,train
11580,4,train
22184,8,train
14775,5,train
12699,4,train
11757,4,train
25198,9,train
9275,3,train
19181,7,train
20958,7,train
21561,8,train
5357,1,train
12056,4,train
11199,3,train
8316,2,train
23674,8,train
51,0,train
11082,3,train
2459,0,train
21205,7,train
7948,2,train
21169,7,train
21667,8,train
2423,0,train
6111,2,train
22152,8,train
3587,1,train
18206,6,train
6508,2,train
23455,8,train
14340,5,train
3938,1,train
7239,2,train
21687,8,train
18455,6,train
12767,4,train
5834,1,train
14298,5,train
26140,9,train
19494,7,train
14784,5,train
7009,2,train
1665,0,train
16652,6,train
20555,7,train
3059,1,train
23268,8,train
13277,4,train
17821,6,train
12941,4,train
9272,3,train
11049,3,train
16984,6,train
24868,9,train
7014,2,train
19198,7,train
19957,7,train
11238,3,train
19430,7,train
13801,4,train
21372,7,train
4535,1,train
21165,7,train
17525,6,train
18821,7,train
21012,7,train
26250,9,train
18495,6,train
4396,1,train
8697,2,train
24888,9,train
8417,2,train
7617,2,train
4868,1,train
7888,2,train
21715,8,train
2024,0,train
20331,7,train
15482,5,train
11435,3,train
23548,8,train
18135,6,train
20841,7,train
11359,3,train
11203,3,train
20846,7,train
22461,8,train
7969,2,train
17764,6,train
19052,7,train
15084,5,train
5068,1,train
19022,7,train
5925,1,train
14566,5,train
9407,3,train
5137,1,train
18301,6,train
18172,6,train
26291,9,train
170,0,train
1436,0,train
22362,8,train
16059,6,train
11641,4,train
17298,6,train
9935,3,train
4286,1,train
25965,9,train
19918,7,train
10975,3,train
21495,7,train
1670,0,train
26832,9,train
3196,1,train
7257,2,train
5035,1,train
19383,7,train
5934,1,train
25590,9,train
11167,3,train
25268,9,train
20941,7,train
15142,5,train
4748,1,train
9165,3,train
14359,5,train
17331,6,train
6724,2,train
15232,5,train
12063,4,train
19637,7,train
15755,5,train
6522,2,train
10643,3,train
20535,7,train
4369,1,train
26663,9,train
3767,1,train
23533,8,train
16075,6,train
4291,1,train
16175,6,train
8603,2,train
17782,6,train
19524,7,train
17314,6,train
5608,1,train
16432,6,train
8832,2,train
8500,2,train
8347,2,train
11322,3,train
2674,0,train
7012,2,train
1701,0,train
24852,9,train
20943,7,train
26912,9,train
20014,7,train
22675,8,train
10242,3,train
1137,0,train
1801,0,train
23778,8,train
15869,5,train
181,0,train
7185,2,train
22092,8,train
8087,2,train
9056,3,train
26399,9,train
18854,7,train
3529,1,train
250,0,train
18861,7,train
6267,2,train
15872,5,train
22389,8,train
18080,6,train
4350,1,train
2261,0,train
14892,5,train
12094,4,train
11340,3,train
14663,5,train
17992,6,train
22392,8,train
15990,5,train
25384,9,train
22337,8,train
22332,8,train
15773,5,train
505,0,train
10083,3,train
24608,9,train
23789,8,train
22904,8,train
4282,1,train
3652,1,train
12837,4,train
14252,5,train
2483,0,train
5399,1,train
5989,1,train
2986,0,train
950,0,train
7802,2,train
3010,1,train
5939,1,train
25587,9,train
19556,7,train
21806,8,train
17407,6,train
14264,5,train
20708,7,train
5061,1,train
17916,6,train
18059,6,train
20641,7,train
1043,0,train
15200,5,train
19393,7,train
24305,9,train
26653,9,train
21524,8,train
751,0,train
10092,3,train
14079,5,train
26795,9,train
3784,1,train
24395,9,train
3447,1,train
24586,9,train
1070,0,train
12454,4,train
21073,7,train
18124,6,train
9650,3,train
6449,2,train
19846,7,train
5948,1,train
20441,7,train
1743,0,train
14222,5,train
12544,4,train
16266,6,train
85,0,train
8469,2,train
25151,9,train
1550,0,train
21862,8,train
18808,7,train
17376,6,train
1380,0,train
3296,1,train
16325,6,train
24864,9,train
10971,3,train
5839,1,train
7050,2,train
2746,0,train
26712,9,train
24727,9,train
12440,4,train
13341,4,train
7109,2,train
20428,7,train
6080,2,train
13033,4,train
14355,5,train
788,0,train
11065,3,train
6101,2,train
13496,4,train
13785,4,train
25383,9,train
343,0,train
24368,9,train
23687,8,train
6290,2,train
9359,3,train
9229,3,train
12503,4,train
12899,4,train
17220,6,train
24711,9,train
15099,5,train
12081,4,train
5641,1,train
10466,3,train
26426,9,train
16270,6,train
6613,2,train
407,0,train
5135,1,train
16177,6,train
26638,9,train
16709,6,train
12555,4,train
23273,8,train
22472,8,train
15273,5,train
19404,7,train
15199,5,train
1995,0,train
2500,0,train
26316,9,train
22599,8,train
4853,1,train
25950,9,train
1073,0,train
8407,2,train
12746,4,train
26185,9,train
1684,0,train
21913,8,train
15338,5,train
5837,1,train
13042,4,train
18337,6,train
1447,0,train
12928,4,train
340,0,train
5599,1,train
11983,4,train
20327,7,train
19164,7,train
16120,6,train
26671,9,train
17120,6,train
2370,0,train
16631,6,train
17478,6,train
19922,7,train
12937,4,train
25463,9,train
14698,5,train
20702,7,train
15608,5,train
22693,8,train
21136,7,train
6686,2,train
229,0,train
16835,6,train
19951,7,train
19908,7,train
4602,1,train
6318,2,train
18604,7,train
9151,3,train
23406,8,train
13999,4,train
8164,2,train
7618,2,train
16569,6,train
24685,9,train
20506,7,train
2655,0,train
18245,6,train
20070,7,train
6730,2,train
23793,8,train
13842,4,train
4229,1,train
4406,1,train
677,0,train
5045,1,train
23308,8,train
19172,7,train
1041,0,train
13910,4,train
23922,8,train
4893,1,train
6650,2,train
21101,7,train
18170,6,train
14650,5,train
25859,9,train
18569,7,train
20709,7,train
9195,3,train
999,0,train
5316,1,train
21295,7,train
11300,3,train
8213,2,train
2116,0,train
3834,1,train
3416,1,train
9299,3,train
24073,9,train
20466,7,train
10430,3,train
13942,4,train
19730,7,train
2328,0,train
25244,9,train
8025,2,train
8515,2,train
23505,8,train
16208,6,train
26065,9,train
11590,4,train
3781,1,train
4504,1,train
19169,7,train
14295,5,train
1859,0,train
162,0,train
18644,7,train
11670,4,train
25614,9,train
23242,8,train
19639,7,train
17356,6,train
4617,1,train
18947,7,train
19506,7,train
6884,2,train
22045,8,train
17132,6,train
23339,8,train
1860,0,train
15111,5,train
14212,5,train
5251,1,train
24652,9,train
8292,2,train
22320,8,train
16230,6,train
17985,6,train
11459,3,train
2681,0,train
4339,1,train
18274,6,train
17006,6,train
24387,9,train
21330,7,train
16837,6,train
17418,6,train
16385,6,train
4630,1,train
20843,7,train
20900,7,train
6926,2,train
15647,5,train
5906,1,train
14347,5,train
14546,5,train
15302,5,train
22718,8,train
16906,6,train
10399,3,train
26673,9,train
8864,2,train
17792,6,train
11357,3,train
23820,8,train
13859,4,train
24924,9,train
20386,7,train
2306,0,train
24633,9,train
13146,4,train
14438,5,train
7825,2,train
12316,4,train
19879,7,train
845,0,train
20049,7,train
9598,3,train
7313,2,train
10584,3,train
5987,1,train
12071,4,train
25876,9,train
13110,4,train
9952,3,train
3370,1,train
8350,2,train
4128,1,train
7748,2,train
780,0,train
20010,7,train
17328,6,train
23727,8,train
18241,6,train
8088,2,train
16436,6,train
12676,4,train
3969,1,train
18862,7,train
7805,2,train
20999,7,train
22411,8,train
13308,4,train
15926,5,train
3927,1,train
5091,1,train
7732,2,train
4824,1,train
13834,4,train
2530,0,train
16722,6,train
9518,3,train
15508,5,train
4191,1,train
8949,2,train
23351,8,train
9213,3,train
19795,7,train
4730,1,train
9760,3,train
24143,9,train
1159,0,train
1127,0,train
2372,0,train
9587,3,train
15179,5,train
26641,9,train
25772,9,train
11123,3,train
5705,1,train
12859,4,train
16082,6,train
22617,8,train
1317,0,train
24618,9,train
20674,7,train
20402,7,train
6367,2,train
7941,2,train
25241,9,train
7491,2,train
1778,0,train
13517,4,train
11717,4,train
7679,2,train
15890,5,train
22914,8,train
9174,3,train
13507,4,train
20153,7,train
26625,9,train
15491,5,train
5393,1,train
20687,7,train
132,0,train
21060,7,train
18234,6,train
16113,6,train
93,0,train
26865,9,train
22192,8,train
14849,5,train
12895,4,train
14847,5,train
25735,9,train
81,0,train
24365,9,train
15541,5,train
14951,5,train
17554,6,train
20305,7,train
7376,2,train
16801,6,train
12583,4,train
1455,0,train
11208,3,train
6455,2,train
26457,9,train
23499,8,train
14531,5,train
16358,6,train
16531,6,train
17768,6,train
12692,4,train
9376,3,train
9039,3,train
15105,5,train
15784,5,train
16839,6,train
26726,9,train
21496,7,train
26101,9,train
24325,9,train
24584,9,train
11504,4,train
23467,8,train
22952,8,train
5271,1,train
10062,3,train
22807,8,train
7447,2,train
13832,4,train
4511,1,train
25727,9,train
1938,0,train
5291,1,train
21079,7,train
19896,7,train
24475,9,train
22741,8,train
25843,9,train
4382,1,train
4649,1,train
24407,9,train
3795,1,train
3147,1,train
4385,1,train
13855,4,train
12839,4,train
21002,7,train
14051,5,train
5542,1,train
15976,5,train
25189,9,train
24127,9,train
21452,7,train
19885,7,train
9258,3,train
17290,6,train
15091,5,train
10356,3,train
772,0,train
7401,2,train
7648,2,train
4335,1,train
1307,0,train
3375,1,train
2286,0,train
2248,0,train
7832,2,train
2219,0,train
18507,7,train
8926,2,train
21616,8,train
19284,7,train
15597,5,train
22821,8,train
7745,2,train
782,0,train
22173,8,train
14666,5,train
12726,4,train
26309,9,train
15183,5,train
20276,7,train
4910,1,train
2949,0,train
12846,4,train
23284,8,train
11361,3,train
26764,9,train
7539,2,train
15994,5,train
4729,1,train
23449,8,train
12805,4,train
10928,3,train
11915,4,train
649,0,train
8818,2,train
22313,8,train
15283,5,train
26137,9,train
5360,1,train
17901,6,train
25722,9,train
5266,1,train
8361,2,train
24185,9,train
8566,2,train
2905,0,train
2448,0,train
23472,8,train
7263,2,train
5166,1,train
16322,6,train
4580,1,train
7683,2,train
6398,2,train
6653,2,train
6158,2,train
8944,2,train
15410,5,train
14459,5,train
19498,7,train
14187,5,train
13688,4,train
20914,7,train
19828,7,train
25560,9,train
19512,7,train
20925,7,train
17077,6,train
13356,4,train
3612,1,train
11075,3,train
196,0,train
3964,1,train
4158,1,train
26041,9,train
6392,2,train
26810,9,train
24999,9,train
7884,2,train
24814,9,train
12654,4,train
2514,0,train
3815,1,train
981,0,train
9819,3,train
7076,2,train
25566,9,train
4046,1,train
24615,9,train
17451,6,train
17041,6,train
1298,0,train
26930,9,train
25212,9,train
4097,1,train
12044,4,train
11925,4,train
17613,6,train
1703,0,train
7574,2,train
26220,9,train
670,0,train
16739,6,train
9940,3,train
4074,1,train
15826,5,train
1102,0,train
19478,7,train
24345,9,train
20451,7,train
24535,9,train
1366,0,train
7308,2,train
23759,8,train
11681,4,train
4801,1,train
1356,0,train
8045,2,train
19063,7,train
936,0,train
25683,9,train
21798,8,train
4951,1,train
4899,1,train
9293,3,train
15460,5,train
1417,0,train
25532,9,train
1326,0,train
18366,6,train
8174,2,train
16022,6,train
14825,5,train
19933,7,train
24213,9,train
3962,1,train
5555,1,train
19250,7,train
16018,6,train
22993,8,train
1612,0,train
4902,1,train
16013,6,train
7474,2,train
23521,8,train
20543,7,train
18695,7,train
3425,1,train
16888,6,train
3391,1,train
17914,6,train
12759,4,train
4465,1,train
22783,8,train
2607,0,train
13200,4,train
13014,4,train
18015,6,train
2497,0,train
15147,5,train
4864,1,train
13198,4,train
24636,9,train
5289,1,train
19451,7,train
26682,9,train
17720,6,train
22412,8,train
1142,0,train
6510,2,train
14641,5,train
9020,3,train
17626,6,train
10799,3,train
20569,7,train
19355,7,train
16936,6,train
11941,4,train
18180,6,train
17857,6,train
25410,9,train
18565,7,train
26527,9,train
1539,0,train
25392,9,train
17242,6,train
3332,1,train
1080,0,train
8198,2,train
18785,7,train
23737,8,train
13570,4,train
1509,0,train
19296,7,train
10934,3,train
18589,7,train
24675,9,train
22538,8,train
20938,7,train
4200,1,train
20918,7,train
5423,1,train
1814,0,train
17332,6,train
2475,0,train
17737,6,train
9095,3,train
8976,2,train
25396,9,train
16249,6,train
8912,2,train
20551,7,train
376,0,train
12629,4,train
16416,6,train
11710,4,train
15504,5,train
2779,0,train
21772,8,train
19486,7,train
10732,3,train
24013,9,train
13916,4,train
1992,0,train
22465,8,train
12665,4,train
9775,3,train
15364,5,train
22051,8,train
16345,6,train
25992,9,train
16191,6,train
26593,9,train
12677,4,train
9901,3,train
8098,2,train
13247,4,train
18812,7,train
14072,5,train
13559,4,train
26172,9,train
8821,2,train
22302,8,train
15193,5,train
9983,3,train
23458,8,train
3663,1,train
8227,2,train
24540,9,train
17000,6,train
26829,9,train
10618,3,train
13720,4,train
15418,5,train
21481,7,train
4527,1,train
14625,5,train
11016,3,train
15668,5,train
2360,0,train
12226,4,train
2422,0,train
16380,6,train
4979,1,train
16151,6,train
14747,5,train
20952,7,train
14602,5,train
4224,1,train
7488,2,train
8741,2,train
1832,0,train
20476,7,train
14018,5,train
25236,9,train
20688,7,train
19833,7,train
865,0,train
9365,3,train
5054,1,train
17445,6,train
24536,9,train
11393,3,train
5679,1,train
21320,7,train
14409,5,train
6465,2,train
15861,5,train
21306,7,train
6583,2,train
14939,5,train
8640,2,train
24232,9,train
1714,0,train
14522,5,train
13235,4,train
3411,1,train
11926,4,train
12710,4,train
8349,2,train
26243,9,train
13877,4,train
3263,1,train
15385,5,train
15129,5,train
19258,7,train
7028,2,train
11534,4,train
13239,4,train
16169,6,train
19617,7,train
5748,1,train
17750,6,train
21534,8,train
26836,9,train
10698,3,train
1382,0,train
22980,8,train
5239,1,train
26935,9,train
18779,7,train
1842,0,train
13755,4,train
14204,5,train
18322,6,train
16741,6,train
16052,6,train
20522,7,train
22451,8,train
23136,8,train
25214,9,train
23775,8,train
26694,9,train
1960,0,train
22871,8,train
21655,8,train
18691,7,train
25956,9,train
21639,8,train
12617,4,train
23227,8,train
12824,4,train
2010,0,train
25247,9,train
9885,3,train
5159,1,train
6210,2,train
3720,1,train
3807,1,train
21314,7,train
14688,5,train
10200,3,train
11943,4,train
11290,3,train
15334,5,train
2409,0,train
13890,4,train
19761,7,train
4473,1,train
13069,4,train
5644,1,train
1878,0,train
408,0,train
2676,0,train
6132,2,train
13143,4,train
26162,9,train
4068,1,train
18713,7,train
4954,1,train
23243,8,train
15746,5,train
20991,7,train
3506,1,train
11557,4,train
18166,6,train
22133,8,train
1303,0,train
11494,3,train
17886,6,train
5843,1,train
9490,3,train
2860,0,train
3298,1,train
18494,6,train
3865,1,train
7580,2,train
23632,8,train
1817,0,train
17777,6,train
26306,9,train
5509,1,train
9989,3,train
14841,5,train
11298,3,train
5056,1,train
12268,4,train
24184,9,train
1628,0,train
10958,3,train
26408,9,train
25945,9,train
8096,2,train
23229,8,train
25618,9,train
19175,7,train
25088,9,train
23411,8,train
15954,5,train
17178,6,train
20762,7,train
24591,9,train
118,0,train
3181,1,train
8801,2,train
21812,8,train
19844,7,train
9919,3,train
13713,4,train
11544,4,train
25563,9,train
19356,7,train
6352,2,train
24512,9,train
25646,9,train
10316,3,train
19311,7,train
20235,7,train
23519,8,train
12359,4,train
7232,2,train
22803,8,train
21681,8,train
11920,4,train
23327,8,train
19298,7,train
3393,1,train
4753,1,train
15326,5,train
24988,9,train
24773,9,train
24098,9,train
16928,6,train
4961,1,train
792,0,train
13115,4,train
4870,1,train
39,0,train
19401,7,train
26099,9,train
19621,7,train
1264,0,train
687,0,train
23899,8,train
14239,5,train
9607,3,train
23950,8,train
7322,2,train
21678,8,train
17383,6,train
13739,4,train
3884,1,train
11375,3,train
3623,1,train
19890,7,train
13456,4,train
7658,2,train
7266,2,train
7470,2,train
25547,9,train
16039,6,train
20486,7,train
13061,4,train
10876,3,train
8308,2,train
18390,6,train
4078,1,train
1792,0,train
15738,5,train
4279,1,train
14882,5,train
8020,2,train
9900,3,train
49,0,train
14237,5,train
7287,2,train
7923,2,train
17789,6,train
8933,2,train
14869,5,train
6086,2,train
15600,5,train
9112,3,train
14478,5,train
7241,2,train
17192,6,train
15663,5,train
7636,2,train
24682,9,train
18525,7,train
14208,5,train
4692,1,train
21651,8,train
11200,3,train
20798,7,train
3963,1,train
12833,4,train
21325,7,train
26819,9,train
14132,5,train
12742,4,train
10517,3,train
7848,2,train
4512,1,train
6874,2,train
14573,5,train
22868,8,train
14616,5,train
17957,6,train
14118,5,train
12223,4,train
20718,7,train
5924,1,train
26486,9,train
15734,5,train
19278,7,train
19990,7,train
23208,8,train
1709,0,train
8961,2,train
19205,7,train
15705,5,train
24394,9,train
9739,3,train
12616,4,train
6712,2,train
24673,9,train
12785,4,train
4172,1,train
4568,1,train
15728,5,train
10431,3,train
5957,1,train
13265,4,train
17653,6,train
25489,9,train
9219,3,train
2312,0,train
1627,0,train
3994,1,train
4806,1,train
21595,8,train
12432,4,train
26488,9,train
9817,3,train
22213,8,train
20520,7,train
18186,6,train
20767,7,train
3802,1,train
10990,3,train
9951,3,train
9800,3,train
3514,1,train
12526,4,train
26766,9,train
4092,1,train
25335,9,train
13825,4,train
3053,1,train
10692,3,train
10149,3,train
24625,9,train
24894,9,train
2712,0,train
22805,8,train
7349,2,train
20996,7,train
10109,3,train
4796,1,train
21117,7,train
18784,7,train
25203,9,train
14753,5,train
11222,3,train
22296,8,train
22800,8,train
3344,1,train
15097,5,train
9426,3,train
17110,6,train
11784,4,train
16475,6,train
23317,8,train
24552,9,train
20805,7,train
609,0,train
25812,9,train
20667,7,train
15768,5,train
9512,3,train
14928,5,train
14169,5,train
24831,9,train
18468,6,train
17683,6,train
12295,4,train
3911,1,train
25929,9,train
14191,5,train
5986,1,train
3521,1,train
1831,0,train
5920,1,train
17508,6,train
19466,7,train
21198,7,train
10829,3,train
25561,9,train
24598,9,train
24898,9,train
7721,2,train
8558,2,train
20792,7,train
21375,7,train
20378,7,train
26133,9,train
12754,4,train
25309,9,train
23593,8,train
6499,2,train
8480,2,train
6050,2,train
11126,3,train
19706,7,train
423,0,train
14387,5,train
21705,8,train
21445,7,train
11466,3,train
1175,0,train
11879,4,train
360,0,train
24300,9,train
8348,2,train
12384,4,train
23779,8,train
19412,7,train
9253,3,train
8439,2,train
26835,9,train
3501,1,train
1350,0,train
4616,1,train
5259,1,train
26644,9,train
6197,2,train
10163,3,train
13905,4,train
283,0,train
8018,2,train
669,0,train
4340,1,train
855,0,train
24362,9,train
13369,4,train
23866,8,train
12707,4,train
14455,5,train
24878,9,train
7538,2,train
8128,2,train
9427,3,train
13860,4,train
20291,7,train
17999,6,train
24140,9,train
11140,3,train
657,0,train
14383,5,train
5084,1,train
261,0,train
21326,7,train
23982,8,train
17215,6,train
811,0,train
6876,2,train
14006,5,train
20022,7,train
20961,7,train
8865,2,train
9875,3,train
25277,9,train
24706,9,train
9635,3,train
8509,2,train
4198,1,train
23059,8,train
13964,4,train
1068,0,train
14035,5,train
1876,0,train
9533,3,train
21840,8,train
2233,0,train
15415,5,train
14768,5,train
1533,0,train
22458,8,train
15306,5,train
14408,5,train
17629,6,train
9084,3,train
23684,8,train
11274,3,train
25412,9,train
7261,2,train
8854,2,train
18167,6,train
8956,2,train
4501,1,train
5400,1,train
20703,7,train
634,0,train
17858,6,train
4029,1,train
19343,7,train
887,0,train
25554,9,train
12361,4,train
24847,9,train
10505,3,train
8886,2,train
14927,5,train
15566,5,train
12721,4,train
20183,7,train
26622,9,train
4365,1,train
18255,6,train
5590,1,train
14317,5,train
20097,7,train
16312,6,train
22712,8,train
13240,4,train
13798,4,train
2672,0,train
17266,6,train
4436,1,train
17480,6,train
16894,6,train
23233,8,train
14417,5,train
26562,9,train
14678,5,train
21342,7,train
21048,7,train
19188,7,train
10828,3,train
23720,8,train
26500,9,train
10696,3,train
24115,9,train
18143,6,train
19055,7,train
8725,2,train
22007,8,train
21016,7,train
11343,3,train
26244,9,train
21057,7,train
19588,7,train
3002,1,train
13875,4,train
1192,0,train
20055,7,train
21028,7,train
16610,6,train
15363,5,train
4345,1,train
11933,4,train
15672,5,train
15324,5,train
4342,1,train
17922,6,train
13493,4,train
8816,2,train
17309,6,train
3944,1,train
25947,9,train
24800,9,train
8786,2,train
6987,2,train
18305,6,train
20919,7,train
20693,7,train
7018,2,train
5937,1,train
5029,1,train
5871,1,train
13594,4,train
19871,7,train
23155,8,train
5744,1,train
26727,9,train
9586,3,train
3704,1,train
14028,5,train
6232,2,train
11729,4,train
20714,7,train
18355,6,train
14628,5,train
15144,5,train
24588,9,train
20929,7,train
22157,8,train
19766,7,train
22350,8,train
18502,7,train
25456,9,train
20282,7,train
21867,8,train
9899,3,train
23307,8,train
19811,7,train
3350,1,train
26762,9,train
12725,4,train
16103,6,train
9245,3,train
24739,9,train
26623,9,train
24095,9,train
15088,5,train
5104,1,train
5083,1,train
21785,8,train
21984,8,train
361,0,train
18530,7,train
21566,8,train
24558,9,train
14742,5,train
25266,9,train
26979,9,train
841,0,train
10433,3,train
16642,6,train
25365,9,train
4709,1,train
5449,1,train
5577,1,train
24379,9,train
22517,8,train
19909,7,train
25226,9,train
23630,8,train
5481,1,train
11767,4,train
10894,3,train
1508,0,train
5985,1,train
2266,0,train
2030,0,train
24614,9,train
1244,0,train
9733,3,train
4108,1,train
11999,4,train
15836,5,train
19601,7,train
10871,3,train
4611,1,train
13387,4,train
21829,8,train
6298,2,train
14281,5,train
24846,9,train
8539,2,train
7847,2,train
2911,0,train
20142,7,train
21214,7,train
10453,3,train
24136,9,train
7113,2,train
21931,8,train
7646,2,train
10091,3,train
1967,0,train
1410,0,train
9601,3,train
13976,4,train
16501,6,train
13077,4,train
1235,0,train
19474,7,train
10207,3,train
20351,7,train
16768,6,train
12139,4,train
11155,3,train
24223,9,train
12997,4,train
8475,2,train
26992,9,train
8591,2,train
19977,7,train
11214,3,train
21720,8,train
3106,1,train
11246,3,train
6472,2,train
18591,7,train
26561,9,train
13388,4,train
14000,5,train
697,0,train
14975,5,train
3465,1,train
2163,0,train
17123,6,train
145,0,train
21563,8,train
20098,7,train
22001,8,train
674,0,train
7929,2,train
16858,6,train
12717,4,train
1344,0,train
24329,9,train
12718,4,train
25559,9,train
24812,9,train
11281,3,train
24741,9,train
9504,3,train
12129,4,train
7085,2,train
741,0,train
16129,6,train
26472,9,train
2726,0,train
8440,2,train
20681,7,train
4944,1,train
26650,9,train
18339,6,train
8358,2,train
4686,1,train
14228,5,train
8247,2,train
660,0,train
20660,7,train
14972,5,train
22990,8,train
14464,5,train
16229,6,train
6747,2,train
18763,7,train
4437,1,train
17562,6,train
5323,1,train
210,0,train
579,0,train
21879,8,train
13784,4,train
4448,1,train
2115,0,train
18711,7,train
18761,7,train
10285,3,train
24632,9,train
14321,5,train
14724,5,train
23701,8,train
5063,1,train
21538,8,train
16811,6,train
21186,7,train
5688,1,train
12672,4,train
17618,6,train
7081,2,train
19965,7,train
1512,0,train
8985,2,train
5303,1,train
10174,3,train
22678,8,train
9862,3,train
16294,6,train
7005,2,train
12485,4,train
22119,8,train
9671,3,train
6141,2,train
26006,9,train
22788,8,train
20866,7,train
22386,8,train
24533,9,train
7753,2,train
9408,3,train
18110,6,train
17381,6,train
24469,9,train
2708,0,train
17859,6,train
1475,0,train
3510,1,train
26793,9,train
2757,0,train
5830,1,train
22121,8,train
13870,4,train
1966,0,train
5591,1,train
8069,2,train
545,0,train
22831,8,train
20775,7,train
4312,1,train
6647,2,train
1807,0,train
21466,7,train
18065,6,train
26169,9,train
8228,2,train
7426,2,train
9476,3,train
16520,6,train
4008,1,train
13484,4,train
25342,9,train
465,0,train
16917,6,train
14845,5,train
12604,4,train
1524,0,train
4679,1,train
6127,2,train
13072,4,train
18040,6,train
22935,8,train
9675,3,train
7316,2,train
14171,5,train
6927,2,train
23462,8,train
23171,8,train
4917,1,train
13993,4,train
8054,2,train
25515,9,train
18807,7,train
4584,1,train
26502,9,train
16350,6,train
23658,8,train
21886,8,train
3480,1,train
15214,5,train
20984,7,train
17263,6,train
21162,7,train
24426,9,train
23031,8,train
25751,9,train
8980,2,train
3550,1,train
6776,2,train
4070,1,train
2686,0,train
22196,8,train
7292,2,train
22726,8,train
3418,1,train
8494,2,train
91,0,train
14034,5,train
9342,3,train
12996,4,train
9200,3,train
16308,6,train
15167,5,train
16782,6,train
22492,8,train
25427,9,train
22544,8,train
20307,7,train
13502,4,train
20468,7,train
2637,0,train
11533,4,train
19431,7,train
11921,4,train
18926,7,train
25490,9,train
19464,7,train
9394,3,train
15081,5,train
9189,3,train
6877,2,train
7035,2,train
20739,7,train
20483,7,train
6505,2,train
7059,2,train
12595,4,train
20554,7,train
4210,1,train
16661,6,train
21884,8,train
11319,3,train
8210,2,train
4203,1,train
24163,9,train
14562,5,train
25629,9,train
25888,9,train
14624,5,train
21099,7,train
16213,6,train
23413,8,train
9450,3,train
5077,1,train
13187,4,train
11706,4,train
23713,8,train
6957,2,train
13839,4,train
1226,0,train
6674,2,train
1050,0,train
13333,4,train
25972,9,train
17547,6,train
1784,0,train
5596,1,train
20024,7,train
12135,4,train
12200,4,train
26920,9,train
11536,4,train
19411,7,train
16596,6,train
13326,4,train
23758,8,train
16815,6,train
16451,6,train
13748,4,train
11178,3,train
15662,5,train
7885,2,train
8436,2,train
7103,2,train
13413,4,train
16870,6,train
17632,6,train
19950,7,train
4357,1,train
24590,9,train
2644,0,train
2249,0,train
16638,6,train
18837,7,train
18787,7,train
22028,8,train
18272,6,train
26166,9,train
9683,3,train
24376,9,train
19054,7,train
15642,5,train
10050,3,train
5569,1,train
22169,8,train
10641,3,train
26323,9,train
26637,9,train
18897,7,train
14583,5,train
10419,3,train
11051,3,train
13009,4,train
3499,1,train
12229,4,train
4000,1,train
24570,9,train
9038,3,train
2659,0,train
9611,3,train
6837,2,train
19791,7,train
17190,6,train
4860,1,train
7052,2,train
26667,9,train
5195,1,train
2797,0,train
6823,2,train
13758,4,train
23802,8,train
25175,9,train
1756,0,train
20496,7,train
21821,8,train
5030,1,train
17889,6,train
13800,4,train
16295,6,train
25576,9,train
8383,2,train
14501,5,train
13504,4,train
22777,8,train
24288,9,train
9124,3,train
5919,1,train
9088,3,train
13738,4,train
5969,1,train
817,0,train
1277,0,train
20794,7,train
313,0,train
1412,0,train
25594,9,train
9759,3,train
6353,2,train
16383,6,train
5105,1,train
11394,3,train
19734,7,train
3165,1,train
3845,1,train
10917,3,train
19589,7,train
8465,2,train
20206,7,train
12053,4,train
26158,9,train
8253,2,train
14272,5,train
19963,7,train
22660,8,train
13796,4,train
10713,3,train
17510,6,train
6772,2,train
11701,4,train
21258,7,train
26092,9,train
2892,0,train
354,0,train
10735,3,train
13381,4,train
8915,2,train
561,0,train
10931,3,train
20793,7,train
7691,2,train
9007,3,train
19332,7,train
26481,9,train
12437,4,train
24565,9,train
4684,1,train
3838,1,train
26915,9,train
2257,0,train
25846,9,train
11405,3,train
16735,6,train
13689,4,train
10682,3,train
14399,5,train
19476,7,train
26107,9,train
10436,3,train
21799,8,train
5427,1,train
23642,8,train
10989,3,train
16078,6,train
24372,9,train
1928,0,train
14677,5,train
18425,6,train
10045,3,train
8908,2,train
11955,4,train
6280,2,train
18977,7,train
23007,8,train
1983,0,train
8907,2,train
21389,7,train
19053,7,train
9346,3,train
2090,0,train
3502,1,train
26905,9,train
7524,2,train
8311,2,train
13715,4,train
4940,1,train
4423,1,train
24519,9,train
14140,5,train
12285,4,train
20062,7,train
8637,2,train
275,0,train
13587,4,train
11658,4,train
20104,7,train
1207,0,train
22063,8,train
23219,8,train
12885,4,train
5175,1,train
25567,9,train
12713,4,train
7588,2,train
14164,5,train
6487,2,train
2929,0,train
19504,7,train
3426,1,train
26292,9,train
26951,9,train
9657,3,train
24557,9,train
3919,1,train
6012,2,train
6768,2,train
21355,7,train
17849,6,train
25269,9,train
5573,1,train
11513,4,train
15717,5,train
2755,0,train
1424,0,train
11859,4,train
11703,4,train
14694,5,train
17845,6,train
13840,4,train
7909,2,train
10390,3,train
5219,1,train
10240,3,train
5202,1,train
13024,4,train
4953,1,train
2584,0,train
14154,5,train
17786,6,train
21180,7,train
26678,9,train
17075,6,train
26811,9,train
6062,2,train
20295,7,train
7099,2,train
21366,7,train
18799,7,train
26482,9,train
6892,2,train
14396,5,train
15305,5,train
24343,9,train
8221,2,train
25681,9,train
14989,5,train
17114,6,train
615,0,train
21450,7,train
2825,0,train
26360,9,train
7623,2,train
6204,2,train
16278,6,train
18500,7,train
11388,3,train
13089,4,train
8008,2,train
8769,2,train
3545,1,train
14385,5,train
22329,8,train
18283,6,train
12993,4,train
5325,1,train
10782,3,train
2909,0,train
14799,5,train
15136,5,train
19107,7,train
14544,5,train
5680,1,train
19457,7,train
24772,9,train
12142,4,train
8138,2,train
25757,9,train
1087,0,train
21911,8,train
25740,9,train
8768,2,train
11914,4,train
18324,6,train
22419,8,train
23968,8,train
6606,2,train
13047,4,train
2346,0,train
18257,6,train
16816,6,train
10520,3,train
26577,9,train
8800,2,train
14875,5,train
18025,6,train
17408,6,train
13491,4,train
10959,3,train
2274,0,train
25491,9,train
13133,4,train
15210,5,train
26851,9,train
12041,4,train
15739,5,train
7496,2,train
13552,4,train
5375,1,train
22027,8,train
19533,7,train
11415,3,train
11195,3,train
15862,5,train
5115,1,train
21833,8,train
17627,6,train
6748,2,train
19032,7,train
13352,4,train
22016,8,train
11062,3,train
15589,5,train
12942,4,train
12066,4,train
22401,8,train
22228,8,train
12952,4,train
2868,0,train
20964,7,train
6526,2,train
23385,8,train
25149,9,train
3030,1,train
22347,8,train
8496,2,train
6848,2,train
20820,7,train
7778,2,train
12414,4,train
3511,1,train
11997,4,train
13469,4,train
12075,4,train
23158,8,train
14706,5,train
4383,1,train
10542,3,train
22902,8,train
26381,9,train
14715,5,train
13705,4,train
24695,9,train
7208,2,train
10508,3,train
10495,3,train
439,0,train
1359,0,train
5971,1,train
976,0,train
23238,8,train
13749,4,train
4539,1,train
12168,4,train
17443,6,train
18625,7,train
12213,4,train
1869,0,train
6245,2,train
5049,1,train
22185,8,train
18477,6,train
19206,7,train
16166,6,train
5133,1,train
8770,2,train
5902,1,train
6081,2,train
20549,7,train
11843,4,train
16136,6,train
8055,2,train
15093,5,train
24270,9,train
12934,4,train
16023,6,train
17195,6,train
18545,7,train
8608,2,train
10027,3,train
19814,7,train
20611,7,train
25119,9,train
19670,7,train
7483,2,train
6341,2,train
532,0,train
7029,2,train
5042,1,train
4761,1,train
5308,1,train
10218,3,train
19004,7,train
25636,9,train
2578,0,train
25049,9,train
5673,1,train
15133,5,train
13254,4,train
2043,0,train
5496,1,train
24785,9,train
26934,9,train
8259,2,train
6140,2,train
13741,4,train
13777,4,train
16680,6,train
24423,9,train
8699,2,train
15358,5,train
23695,8,train
24882,9,train
9057,3,train
12417,4,train
3518,1,train
2771,0,train
9237,3,train
3769,1,train
15737,5,train
24191,9,train
20059,7,train
3203,1,train
12797,4,train
17497,6,train
8983,2,train
8435,2,train
20363,7,train
19495,7,train
19109,7,train
14660,5,train
9234,3,train
11003,3,train
818,0,train
9340,3,train
22288,8,train
16773,6,train
4933,1,train
25205,9,train
24217,9,train
18574,7,train
3898,1,train
26965,9,train
10848,3,train
4646,1,train
9471,3,train
18307,6,train
8484,2,train
16972,6,train
15279,5,train
11976,4,train
25194,9,train
11578,4,train
17384,6,train
4559,1,train
10804,3,train
1293,0,train
3133,1,train
5173,1,train
14756,5,train
17098,6,train
26369,9,train
15384,5,train
13020,4,train
18297,6,train
11796,4,train
5806,1,train
6651,2,train
7921,2,train
25632,9,train
16853,6,train
4872,1,train
19630,7,train
7303,2,train
20842,7,train
9597,3,train
23869,8,train
9198,3,train
6042,2,train
19587,7,train
4641,1,train
24281,9,train
22552,8,train
11570,4,train
13823,4,train
18737,7,train
17544,6,train
13202,4,train
12701,4,train
8916,2,train
14063,5,train
17509,6,train
875,0,train
15025,5,train
16840,6,train
23460,8,train
7519,2,train
19519,7,train
20886,7,train
23217,8,train
7416,2,train
748,0,train
1583,0,train
15699,5,train
12326,4,train
21831,8,train
21393,7,train
21137,7,train
15786,5,train
1865,0,train
11970,4,train
24810,9,train
12980,4,train
2615,0,train
17807,6,train
25815,9,train
22247,8,train
2728,0,train
6925,2,train
6658,2,train
11696,4,train
2554,0,train
1988,0,train
20844,7,train
20316,7,train
25741,9,train
26541,9,train
15064,5,train
14495,5,train
3064,1,train
19221,7,train
4931,1,train
18638,7,train
10892,3,train
26849,9,train
23123,8,train
7603,2,train
7998,2,train
4520,1,train
7202,2,train
11341,3,train
292,0,train
18870,7,train
10021,3,train
99,0,train
10756,3,train
19230,7,train
19783,7,train
2730,0,train
25516,9,train
16708,6,train
11553,4,train
6306,2,train
2019,0,train
12624,4,train
12152,4,train
16719,6,train
15610,5,train
5870,1,train
18165,6,train
5055,1,train
22402,8,train
9311,3,train
14896,5,train
17,0,train
23838,8,train
10544,3,train
8571,2,train
5406,1,train
10144,3,train
218,0,train
23804,8,train
2170,0,train
7846,2,train
18446,6,train
23627,8,train
24658,9,train
11652,4,train
22129,8,train
597,0,train
2819,0,train
26191,9,train
7498,2,train
14592,5,train
22343,8,train
17249,6,train
13619,4,train
18104,6,train
6693,2,train
1560,0,train
1692,0,train
3346,1,train
16388,6,train
15010,5,train
5090,1,train
14963,5,train
7729,2,train
11378,3,train
5710,1,train
13985,4,train
16969,6,train
26821,9,train
21565,8,train
17711,6,train
17449,6,train
15744,5,train
10557,3,train
13082,4,train
20085,7,train
22046,8,train
9017,3,train
25122,9,train
23303,8,train
23844,8,train
5984,1,train
16577,6,train
22356,8,train
8625,2,train
22130,8,train
22819,8,train
6369,2,train
1114,0,train
5183,1,train
12652,4,train
9921,3,train
24842,9,train
2630,0,train
25736,9,train
2260,0,train
7251,2,train
13647,4,train
350,0,train
23629,8,train
4758,1,train
7101,2,train
1518,0,train
8531,2,train
3126,1,train
17222,6,train
16135,6,train
794,0,train
8431,2,train
22615,8,train
18832,7,train
18484,6,train
25990,9,train
286,0,train
19290,7,train
20257,7,train
9180,3,train
12455,4,train
24439,9,train
8953,2,train
1201,0,train
14662,5,train
13582,4,train
14644,5,train
17642,6,train
2314,0,train
12982,4,train
22882,8,train
15316,5,train
17134,6,train
18692,7,train
24726,9,train
25506,9,train
22346,8,train
16736,6,train
9821,3,train
5086,1,train
13540,4,train
22219,8,train
6249,2,train
22215,8,train
10913,3,train
1009,0,train
25423,9,train
8808,2,train
3992,1,train
7060,2,train
2103,0,train
11505,4,train
20073,7,train
5080,1,train
16455,6,train
18400,6,train
10142,3,train
5645,1,train
14960,5,train
8426,2,train
23504,8,train
16597,6,train
8485,2,train
9763,3,train
8720,2,train
18203,6,train
16364,6,train
8601,2,train
2376,0,train
4061,1,train
16043,6,train
24879,9,train
1234,0,train
6337,2,train
26627,9,train
23150,8,train
19939,7,train
22966,8,train
21650,8,train
17292,6,train
20604,7,train
7698,2,train
17427,6,train
22049,8,train
20192,7,train
22126,8,train
184,0,train
7194,2,train
16489,6,train
25763,9,train
15186,5,train
14514,5,train
11117,3,train
9405,3,train
4065,1,train
15017,5,train
19358,7,train
7023,2,train
23948,8,train
20383,7,train
8546,2,train
4615,1,train
21471,7,train
18728,7,train
10396,3,train
17062,6,train
2827,0,train
26119,9,train
24283,9,train
6217,2,train
485,0,train
1808,0,train
23138,8,train
4498,1,train
10779,3,train
16021,6,train
7365,2,train
4612,1,train
22843,8,train
10387,3,train
23848,8,train
18697,7,train
24275,9,train
2761,0,train
21491,7,train
26702,9,train
2275,0,train
25787,9,train
25441,9,train
915,0,train
1242,0,train
15315,5,train
18970,7,train
12639,4,train
2290,0,train
8627,2,train
3049,1,train
1879,0,train
5463,1,train
15426,5,train
7355,2,train
12016,4,train
37,0,train
11430,3,train
16898,6,train
23776,8,train
3400,1,train
14703,5,train
8066,2,train
22989,8,train
8275,2,train
3859,1,train
2221,0,train
21065,7,train
24532,9,train
9553,3,train
4685,1,train
19807,7,train
18741,7,train
167,0,train
15830,5,train
1078,0,train
20048,7,train
1727,0,train
1322,0,train
5552,1,train
21943,8,train
26211,9,train
12353,4,train
3945,1,train
12967,4,train
26368,9,train
3586,1,train
3313,1,train
14290,5,train
23490,8,train
20162,7,train
979,0,train
15618,5,train
11007,3,train
26168,9,train
16290,6,train
24049,9,train
4388,1,train
3841,1,train
23170,8,train
18222,6,train
23889,8,train
12330,4,train
13527,4,train
12887,4,train
4328,1,train
13526,4,train
15967,5,train
23319,8,train
23094,8,train
13140,4,train
16635,6,train
9475,3,train
2874,0,train
7651,2,train
19097,7,train
25571,9,train
8977,2,train
3434,1,train
20344,7,train
2562,0,train
20027,7,train
20167,7,train
6553,2,train
2997,0,train
6854,2,train
17504,6,train
26068,9,train
8804,2,train
17603,6,train
6525,2,train
17346,6,train
25593,9,train
5562,1,train
1163,0,train
19521,7,train
25480,9,train
26745,9,train
3217,1,train
20774,7,train
18027,6,train
24189,9,train
1239,0,train
23981,8,train
4353,1,train
21558,8,train
6624,2,train
18176,6,train
23468,8,train
6346,2,train
3216,1,train
22582,8,train
7993,2,train
9814,3,train
274,0,train
7423,2,train
3445,1,train
24028,9,train
12259,4,train
22064,8,train
25953,9,train
2234,0,train
26856,9,train
20219,7,train
25336,9,train
8540,2,train
3050,1,train
24934,9,train
20380,7,train
22101,8,train
13728,4,train
20385,7,train
5780,1,train
26669,9,train
21786,8,train
20923,7,train
9006,3,train
14947,5,train
938,0,train
17943,6,train
9677,3,train
9406,3,train
7712,2,train
3686,1,train
2350,0,train
14528,5,train
6542,2,train
8384,2,train
14529,5,train
9004,3,train
1472,0,train
20562,7,train
3589,1,train
25084,9,train
23729,8,train
15468,5,train
7252,2,train
22339,8,train
16890,6,train
3379,1,train
2106,0,train
13653,4,train
2397,0,train
25124,9,train
14773,5,train
7408,2,train
19649,7,train
21925,8,train
13005,4,train
11078,3,train
3028,1,train
18130,6,train
2003,0,train
24502,9,train
18088,6,train
858,0,train
4175,1,train
8959,2,train
9908,3,train
2817,0,train
17557,6,train
3329,1,train
18747,7,train
26205,9,train
20631,7,train
2349,0,train
8582,2,train
21918,8,train
10417,3,train
18038,6,train
25922,9,train
20593,7,train
4219,1,train
14812,5,train
526,0,train
13180,4,train
4916,1,train
17391,6,train
1850,0,train
7731,2,train
3753,1,train
22239,8,train
9633,3,train
24925,9,train
24220,9,train
15029,5,train
11096,3,train
1089,0,train
2307,0,train
5795,1,train
22864,8,train
9692,3,train
6061,2,train
12888,4,train
3424,1,train
18108,6,train
25091,9,train
8552,2,train
13399,4,train
26597,9,train
6713,2,train
25068,9,train
25132,9,train
10790,3,train
15913,5,train
21039,7,train
26271,9,train
4165,1,train
8468,2,train
3590,1,train
10807,3,train
6860,2,train
15143,5,train
1788,0,train
14081,5,train
10531,3,train
4323,1,train
20199,7,train
15697,5,train
4274,1,train
26136,9,train
26528,9,train
19215,7,train
1972,0,train
23166,8,train
13986,4,train
324,0,train
1477,0,train
26192,9,train
17812,6,train
4683,1,train
19500,7,train
14976,5,train
4901,1,train
11220,3,train
25537,9,train
11470,3,train
21923,8,train
6710,2,train
22292,8,train
4840,1,train
23489,8,train
22427,8,train
20873,7,train
12675,4,train
20623,7,train
5034,1,train
17714,6,train
25240,9,train
14708,5,train
1729,0,train
25874,9,train
25121,9,train
16143,6,train
8196,2,train
21300,7,train
11804,4,train
18433,6,train
17156,6,train
1980,0,train
25027,9,train
20666,7,train
11566,4,train
24964,9,train
21740,8,train
16944,6,train
24955,9,train
7960,2,train
20408,7,train
19255,7,train
20706,7,train
17059,6,train
18493,6,train
6137,2,train
6940,2,train
11508,4,train
19143,7,train
15141,5,train
9127,3,train
18120,6,train
26801,9,train
19539,7,train
8193,2,train
11066,3,train
4247,1,train
3780,1,train
17031,6,train
24672,9,train
17560,6,train
10964,3,train
18370,6,train
10823,3,train
9397,3,train
11094,3,train
14207,5,train
16539,6,train
10502,3,train
19047,7,train
6671,2,train
19994,7,train
13541,4,train
12240,4,train
7876,2,train
8660,2,train
16717,6,train
13323,4,train
17566,6,train
1580,0,train
11950,4,train
18098,6,train
4294,1,train
26353,9,train
1451,0,train
12546,4,train
18060,6,train
24503,9,train
25449,9,train
19389,7,train
2171,0,train
20676,7,train
16421,6,train
20907,7,train
14814,5,train
18085,6,train
3787,1,train
21645,8,train
17532,6,train
17746,6,train
15958,5,train
24653,9,train
14324,5,train
24250,9,train
398,0,train
6196,2,train
9190,3,train
25995,9,train
18082,6,train
2383,0,train
26717,9,train
4542,1,train
15920,5,train
19624,7,train
26756,9,train
4177,1,train
11231,3,train
13266,4,train
16338,6,train
22004,8,train
11548,4,train
9422,3,train
7258,2,train
23332,8,train
21857,8,train
15215,5,train
26718,9,train
8329,2,train
26698,9,train
26161,9,train
10135,3,train
2418,0,train
10397,3,train
8170,2,train
1232,0,train
26351,9,train
8183,2,train
21419,7,train
22264,8,train
17471,6,train
11499,3,train
20800,7,train
26438,9,train
10213,3,train
23110,8,train
18845,7,train
21447,7,train
21797,8,train
2838,0,train
10969,3,train
2281,0,train
21784,8,train
1742,0,train
14988,5,train
10684,3,train
3932,1,train
12382,4,train
7795,2,train
16843,6,train
10205,3,train
13930,4,train
12502,4,train
26713,9,train
22837,8,train
7309,2,train
19603,7,train
20950,7,train
23126,8,train
10615,3,train
26499,9,train
1932,0,train
22471,8,train
16156,6,train
26352,9,train
20450,7,train
12881,4,train
12627,4,train
22846,8,train
14318,5,train
13657,4,train
8146,2,train
7027,2,train
2042,0,train
22893,8,train
6582,2,train
6923,2,train
3651,1,train
15978,5,train
11026,3,train
12522,4,train
25357,9,train
3959,1,train
2776,0,train
20417,7,train
20401,7,train
9999,3,train
7518,2,train
7083,2,train
10313,3,train
9856,3,train
15470,5,train
10509,3,train
14907,5,train
3195,1,train
22861,8,train
6017,2,train
16918,6,train
2663,0,train
9448,3,train
17492,6,train
17377,6,train
10951,3,train
10953,3,train
7190,2,train
18306,6,train
26536,9,train
25610,9,train
21150,7,train
11724,4,train
10881,3,train
22025,8,train
10668,3,train
9855,3,train
332,0,train
22502,8,train
10471,3,train
7006,2,train
23053,8,train
23091,8,train
25191,9,train
25579,9,train
961,0,train
22297,8,train
9717,3,train
14995,5,train
15137,5,train
7828,2,train
21692,8,train
11571,4,train
9074,3,train
12927,4,train
10277,3,train
12971,4,train
22963,8,train
13394,4,train
17536,6,train
24219,9,train
21574,8,train
9737,3,train
8764,2,train
11438,3,train
6677,2,train
22115,8,train
21615,8,train
10018,3,train
23469,8,train
18190,6,train
14990,5,train
1454,0,train
9558,3,train
12806,4,train
22161,8,train
1689,0,train
12820,4,train
11458,3,train
9170,3,train
16667,6,train
18873,7,train
6947,2,train
17569,6,train
25954,9,train
2897,0,train
8737,2,train
16327,6,train
20538,7,train
25749,9,train
25655,9,train
10498,3,train
24514,9,train
1830,0,train
20052,7,train
26270,9,train
23580,8,train
10335,3,train
6883,2,train
8477,2,train
20764,7,train
19267,7,train
1027,0,train
17013,6,train
12762,4,train
20527,7,train
12822,4,train
9974,3,train
7670,2,train
20580,7,train
832,0,train
10562,3,train
17015,6,train
5507,1,train
5824,1,train
26605,9,train
12867,4,train
385,0,train
3857,1,train
22848,8,train
6236,2,train
17231,6,train
7843,2,train
9776,3,train
476,0,train
25271,9,train
25989,9,train
16798,6,train
26940,9,train
16180,6,train
10578,3,train
1048,0,train
22406,8,train
11023,3,train
3847,1,train
19987,7,train
21726,8,train
17358,6,train
13995,4,train
6282,2,train
17752,6,train
11823,4,train
21280,7,train
18909,7,train
2922,0,train
17655,6,train
16723,6,train
11052,3,train
22491,8,train
7531,2,train
10204,3,train
3223,1,train
17102,6,train
21017,7,train
7918,2,train
16030,6,train
494,0,train
12328,4,train
14586,5,train
21063,7,train
23125,8,train
19748,7,train
14249,5,train
19762,7,train
23129,8,train
16316,6,train
22260,8,train
26857,9,train
26505,9,train
19217,7,train
19736,7,train
3844,1,train
20066,7,train
10500,3,train
8950,2,train
7981,2,train
24274,9,train
21662,8,train
14284,5,train
2442,0,train
18479,6,train
16444,6,train
9612,3,train
15443,5,train
14921,5,train
15646,5,train
9540,3,train
3080,1,train
4018,1,train
26731,9,train
10697,3,train
19586,7,train
5787,1,train
8323,2,train
15441,5,train
4344,1,train
19014,7,train
6181,2,train
26395,9,train
19417,7,train
20899,7,train
16706,6,train
17831,6,train
17304,6,train
19809,7,train
24585,9,train
12072,4,train
6905,2,train
9249,3,train
2493,0,train
15571,5,train
947,0,train
3251,1,train
128,0,train
15756,5,train
16523,6,train
25296,9,train
21599,8,train
7210,2,train
23250,8,train
4081,1,train
5398,1,train
24204,9,train
3380,1,train
2928,0,train
25979,9,train
3486,1,train
26464,9,train
21204,7,train
2753,0,train
11216,3,train
2400,0,train
21370,7,train
19369,7,train
8085,2,train
11289,3,train
25697,9,train
20336,7,train
12006,4,train
450,0,train
11647,4,train
5020,1,train
3283,1,train
940,0,train
7949,2,train
14926,5,train
18707,7,train
5283,1,train
23063,8,train
23686,8,train
24545,9,train
9758,3,train
10540,3,train
414,0,train
18289,6,train
5628,1,train
8129,2,train
904,0,train
7852,2,train
3237,1,train
1181,0,train
11653,4,train
10846,3,train
21444,7,train
10998,3,train
10084,3,train
25298,9,train
24419,9,train
14494,5,train
12216,4,train
2979,0,train
4826,1,train
8652,2,train
12539,4,train
26946,9,train
6424,2,train
1566,0,train
3547,1,train
13349,4,train
1072,0,train
9679,3,train
24550,9,train
3315,1,train
5170,1,train
7899,2,train
17703,6,train
26913,9,train
7804,2,train
18956,7,train
8041,2,train
11312,3,train
1949,0,train
3219,1,train
5584,1,train
14369,5,train
24117,9,train
24381,9,train
21854,8,train
7374,2,train
25851,9,train
4657,1,train
4783,1,train
20393,7,train
13819,4,train
8586,2,train
23772,8,train
15098,5,train
23651,8,train
14401,5,train
12498,4,train
19388,7,train
23184,8,train
24499,9,train
17843,6,train
8680,2,train
7715,2,train
17239,6,train
14297,5,train
17542,6,train
20860,7,train
6265,2,train
4821,1,train
12303,4,train
5171,1,train
3904,1,train
14131,5,train
20519,7,train
3921,1,train
25858,9,train
12194,4,train
12663,4,train
298,0,train
22194,8,train
15063,5,train
18943,7,train
10123,3,train
8299,2,train
2470,0,train
19299,7,train
15050,5,train
17440,6,train
10225,3,train
7225,2,train
25927,9,train
20858,7,train
8100,2,train
1511,0,train
2379,0,train
3373,1,train
12042,4,train
11871,4,train
65,0,train
8245,2,train
23477,8,train
861,0,train
25167,9,train
21173,7,train
26742,9,train
25053,9,train
13544,4,train
8888,2,train
17912,6,train
22754,8,train
22672,8,train
10258,3,train
1095,0,train
17431,6,train
5322,1,train
22097,8,train
2186,0,train
21286,7,train
6649,2,train
20491,7,train
8046,2,train
15538,5,train
23945,8,train
19279,7,train
22890,8,train
9626,3,train
15198,5,train
16264,6,train
6871,2,train
14105,5,train
18720,7,train
16005,6,train
6439,2,train
24825,9,train
10290,3,train
25706,9,train
5778,1,train
5859,1,train
22146,8,train
207,0,train
1675,0,train
20788,7,train
21552,8,train
8373,2,train
1813,0,train
12123,4,train
25367,9,train
3793,1,train
4549,1,train
16946,6,train
3297,1,train
14506,5,train
18690,7,train
11646,4,train
11495,3,train
15993,5,train
11555,4,train
2590,0,train
13441,4,train
9508,3,train
9879,3,train
24910,9,train
14391,5,train
23209,8,train
7467,2,train
14312,5,train
5214,1,train
26476,9,train
24826,9,train
23176,8,train
2769,0,train
20063,7,train
9457,3,train
13944,4,train
26503,9,train
22683,8,train
7435,2,train
885,0,train
24205,9,train
859,0,train
1449,0,train
26839,9,train
25299,9,train
11637,4,train
17738,6,train
24804,9,train
21108,7,train
6663,2,train
23703,8,train
1110,0,train
15606,5,train
21722,8,train
11122,3,train
7338,2,train
10764,3,train
10482,3,train
17620,6,train
13879,4,train
277,0,train
16760,6,train
22220,8,train
24750,9,train
321,0,train
7382,2,train
13362,4,train
11923,4,train
20645,7,train
21696,8,train
22968,8,train
1725,0,train
3284,1,train
11342,3,train
8141,2,train
24850,9,train
14129,5,train
7130,2,train
7277,2,train
22404,8,train
10815,3,train
19174,7,train
17814,6,train
20560,7,train
9362,3,train
2013,0,train
10590,3,train
5730,1,train
13021,4,train
5708,1,train
10525,3,train
20197,7,train
20944,7,train
1339,0,train
6758,2,train
19528,7,train
21676,8,train
989,0,train
860,0,train
23514,8,train
2656,0,train
12127,4,train
19772,7,train
24580,9,train
5196,1,train
13950,4,train
22537,8,train
19731,7,train
25903,9,train
6087,2,train
12914,4,train
11908,4,train
17435,6,train
15365,5,train
16352,6,train
16605,6,train
14795,5,train
8254,2,train
22855,8,train
14884,5,train
4416,1,train
898,0,train
4125,1,train
15813,5,train
23520,8,train
776,0,train
13442,4,train
16355,6,train
17378,6,train
5470,1,train
19131,7,train
9393,3,train
2228,0,train
10948,3,train
13598,4,train
7123,2,train
5053,1,train
16810,6,train
2417,0,train
15796,5,train
5799,1,train
8551,2,train
3429,1,train
8199,2,train
2595,0,train
13856,4,train
25620,9,train
11054,3,train
6980,2,train
22530,8,train
26406,9,train
23611,8,train
19425,7,train
25670,9,train
20109,7,train
14840,5,train
22588,8,train
5365,1,train
6327,2,train
25142,9,train
26883,9,train
9139,3,train
8781,2,train
8657,2,train
21363,7,train
8222,2,train
23492,8,train
9748,3,train
5627,1,train
15822,5,train
9659,3,train
24783,9,train
24902,9,train
13512,4,train
2046,0,train
13204,4,train
16045,6,train
25833,9,train
14496,5,train
11147,3,train
7650,2,train
214,0,train
23205,8,train
21156,7,train
3611,1,train
12623,4,train
20411,7,train
3347,1,train
19671,7,train
20850,7,train
2852,0,train
4725,1,train
874,0,train
20092,7,train
18620,7,train
21956,8,train
6640,2,train
18601,7,train
6019,2,train
7758,2,train
9693,3,train
7856,2,train
20287,7,train
13334,4,train
13913,4,train
10770,3,train
23486,8,train
20773,7,train
6634,2,train
12018,4,train
5227,1,train
16115,6,train
19102,7,train
25609,9,train
1318,0,train
11109,3,train
13271,4,train
14147,5,train
23032,8,train
783,0,train
4407,1,train
10582,3,train
14149,5,train
7866,2,train
16528,6,train
21853,8,train
18010,6,train
1029,0,train
10656,3,train
11258,3,train
528,0,train
21950,8,train
5039,1,train
16426,6,train
9651,3,train
4569,1,train
17088,6,train
16001,6,train
16692,6,train
5639,1,train
5458,1,train
9529,3,train
19985,7,train
24310,9,train
25138,9,train
17872,6,train
5474,1,train
3108,1,train
14059,5,train
19426,7,train
1763,0,train
10273,3,train
22226,8,train
22801,8,train
23191,8,train
1697,0,train
17550,6,train
26558,9,train
2864,0,train
21019,7,train
14615,5,train
4193,1,train
14722,5,train
6405,2,train
26955,9,train
10819,3,train
19840,7,train
4521,1,train
10407,3,train
17316,6,train
12117,4,train
3335,1,train
21207,7,train
7149,2,train
8533,2,train
11794,4,train
73,0,train
18006,6,train
18478,6,train
3130,1,train
19768,7,train
3957,1,train
21578,8,train
4752,1,train
20245,7,train
12232,4,train
14481,5,train
18473,6,train
14787,5,train
2271,0,train
11812,4,train
4333,1,train
20423,7,train
14447,5,train
19297,7,train
17874,6,train
6857,2,train
4671,1,train
4633,1,train
23266,8,train
14224,5,train
23054,8,train
8921,2,train
8105,2,train
22388,8,train
18990,7,train
15673,5,train
3343,1,train
2380,0,train
10266,3,train
2295,0,train
23278,8,train
19248,7,train
14626,5,train
26030,9,train
21323,7,train
10763,3,train
13547,4,train
19749,7,train
18888,7,train
9027,3,train
8377,2,train
17500,6,train
16696,6,train
6222,2,train
18448,6,train
3245,1,train
23711,8,train
25069,9,train
21096,7,train
17594,6,train
17066,6,train
17144,6,train
21935,8,train
7457,2,train
8429,2,train
16140,6,train
22449,8,train
24076,9,train
21560,8,train
20040,7,train
20213,7,train
23027,8,train
23562,8,train
17071,6,train
7497,2,train
12377,4,train
1177,0,train
19541,7,train
26475,9,train
19306,7,train
2229,0,train
24158,9,train
19503,7,train
14390,5,train
18183,6,train
5206,1,train
6117,2,train
4735,1,train
3066,1,train
25693,9,train
21377,7,train
4186,1,train
20544,7,train
24526,9,train
1362,0,train
11740,4,train
23040,8,train
5149,1,train
4905,1,train
16557,6,train
10001,3,train
18465,6,train
5731,1,train
18886,7,train
16558,6,train
9632,3,train
25019,9,train
12564,4,train
20012,7,train
23491,8,train
13960,4,train
22203,8,train
24760,9,train
3176,1,train
1797,0,train
26532,9,train
12950,4,train
7396,2,train
15174,5,train
736,0,train
2627,0,train
20294,7,train
12215,4,train
12405,4,train
15464,5,train
16000,6,train
983,0,train
14970,5,train
4780,1,train
23906,8,train
19220,7,train
5968,1,train
17401,6,train
23487,8,train
26031,9,train
10877,3,train
9188,3,train
5528,1,train
6831,2,train
3563,1,train
26346,9,train
11279,3,train
11380,3,train
21309,7,train
1289,0,train
7253,2,train
17666,6,train
26874,9,train
3334,1,train
12687,4,train
3243,1,train
6601,2,train
3602,1,train
9164,3,train
8892,2,train
9907,3,train
10467,3,train
7021,2,train
22481,8,train
25783,9,train
13049,4,train
2994,0,train
19094,7,train
7816,2,train
18113,6,train
10147,3,train
12976,4,train
9804,3,train
620,0,train
16276,6,train
6029,2,train
15985,5,train
23046,8,train
18851,7,train
5666,1,train
21694,8,train
13572,4,train
24758,9,train
21660,8,train
18641,7,train
3897,1,train
24276,9,train
8203,2,train
25324,9,train
3366,1,train
15616,5,train
3476,1,train
17975,6,train
3833,1,train
17503,6,train
14635,5,train
15762,5,train
15002,5,train
20822,7,train
5216,1,train
6106,2,train
10611,3,train
7611,2,train
21896,8,train
6202,2,train
26223,9,train
14410,5,train
16040,6,train
3568,1,train
13724,4,train
16496,6,train
10455,3,train
5962,1,train
11866,4,train
5835,1,train
10065,3,train
16168,6,train
447,0,train
22012,8,train
8388,2,train
15359,5,train
11426,3,train
23024,8,train
19253,7,train
8301,2,train
26495,9,train
19672,7,train
15503,5,train
19547,7,train
15873,5,train
2915,0,train
19611,7,train
24730,9,train
17023,6,train
2887,0,train
17289,6,train
22437,8,train
10264,3,train
862,0,train
617,0,train
14325,5,train
17879,6,train
26461,9,train
11081,3,train
6146,2,train
14783,5,train
14329,5,train
23583,8,train
6045,2,train
12457,4,train
26601,9,train
16274,6,train
24942,9,train
17380,6,train
96,0,train
25379,9,train
3218,1,train
6447,2,train
19873,7,train
26520,9,train
16328,6,train
4056,1,train
17081,6,train
7735,2,train
3151,1,train
22498,8,train
12840,4,train
20571,7,train
4223,1,train
12272,4,train
21045,7,train
5267,1,train
8742,2,train
20152,7,train
7901,2,train
13988,4,train
17415,6,train
21350,7,train
25458,9,train
5996,1,train
8688,2,train
287,0,train
4055,1,train
23113,8,train
26230,9,train
4652,1,train
3900,1,train
11053,3,train
10334,3,train
3308,1,train
13117,4,train
17271,6,train
10548,3,train
11876,4,train
1414,0,train
3046,1,train
14985,5,train
5276,1,train
12380,4,train
5310,1,train
19065,7,train
25238,9,train
18052,6,train
11547,4,train
12105,4,train
22103,8,train
11013,3,train
25760,9,train
22744,8,train
17869,6,train
26240,9,train
4095,1,train
7699,2,train
23608,8,train
20111,7,train
20885,7,train
4836,1,train
20493,7,train
6828,2,train
3384,1,train
14600,5,train
3597,1,train
9881,3,train
1918,0,train
12456,4,train
7668,2,train
13862,4,train
22222,8,train
3231,1,train
325,0,train
5254,1,train
5180,1,train
23576,8,train
14333,5,train
14780,5,train
26470,9,train
16397,6,train
21987,8,train
19349,7,train
3625,1,train
3823,1,train
8751,2,train
14601,5,train
16087,6,train
13994,4,train
22873,8,train
6162,2,train
1667,0,train
11588,4,train
5701,1,train
9206,3,train
19693,7,train
14288,5,train
24983,9,train
6866,2,train
3874,1,train
489,0,train
19926,7,train
13439,4,train
20359,7,train
17766,6,train
726,0,train
16804,6,train
8403,2,train
24264,9,train
5651,1,train
17258,6,train
9396,3,train
9016,3,train
88,0,train
26628,9,train
5093,1,train
15936,5,train
3414,1,train
23547,8,train
17911,6,train
7922,2,train
10203,3,train
13538,4,train
7893,2,train
6419,2,train
24662,9,train
17125,6,train
6869,2,train
22150,8,train
25718,9,train
15781,5,train
23588,8,train
21628,8,train
11461,3,train
7906,2,train
2522,0,train
5752,1,train
18670,7,train
21902,8,train
6709,2,train
22087,8,train
1091,0,train
7665,2,train
20903,7,train
4483,1,train
2279,0,train
19540,7,train
12046,4,train
604,0,train
8522,2,train
23297,8,train
12242,4,train
26378,9,train
7879,2,train
12349,4,train
24528,9,train
4782,1,train
10769,3,train
17189,6,train
19784,7,train
12989,4,train
6513,2,train
21779,8,train
1677,0,train
6994,2,train
15233,5,train
10413,3,train
25131,9,train
11358,3,train
17955,6,train
18834,7,train
7733,2,train
21083,7,train
25317,9,train
11507,4,train
3235,1,train
24648,9,train
16747,6,train
5690,1,train
16707,6,train
22616,8,train
23617,8,train
9638,3,train
18328,6,train
1789,0,train
7286,2,train
8182,2,train
8083,2,train
19227,7,train
9356,3,train
13310,4,train
3363,1,train
4553,1,train
16042,6,train
10322,3,train
11360,3,train
2473,0,train
21550,8,train
16776,6,train
6148,2,train
18649,7,train
3840,1,train
5557,1,train
14156,5,train
14991,5,train
26236,9,train
2439,0,train
19787,7,train
3014,1,train
23746,8,train
7193,2,train
18563,7,train
24980,9,train
2903,0,train
1641,0,train
17040,6,train
166,0,train
7576,2,train
7625,2,train
10492,3,train
13863,4,train
500,0,train
13272,4,train
25323,9,train
24302,9,train
3788,1,train
13514,4,train
6131,2,train
19300,7,train
18835,7,train
14096,5,train
12571,4,train
220,0,train
18536,7,train
24012,9,train
16684,6,train
15635,5,train
9177,3,train
3670,1,train
6628,2,train
521,0,train
7525,2,train
19428,7,train
13704,4,train
16524,6,train
14614,5,train
12514,4,train
20263,7,train
4778,1,train
19516,7,train
19520,7,train
12733,4,train
14517,5,train
23316,8,train
15709,5,train
5850,1,train
22901,8,train
1206,0,train
15968,5,train
630,0,train
16457,6,train
10655,3,train
17934,6,train
6041,2,train
2344,0,train
2107,0,train
2632,0,train
5963,1,train
121,0,train
3560,1,train
20202,7,train
7280,2,train
19330,7,train
17334,6,train
16238,6,train
351,0,train
13743,4,train
4192,1,train
17944,6,train
9278,3,train
19728,7,train
20960,7,train
1973,0,train
15090,5,train
9850,3,train
9286,3,train
14829,5,train
17795,6,train
3042,1,train
691,0,train
24085,9,train
26379,9,train
16978,6,train
10053,3,train
13702,4,train
20989,7,train
6201,2,train
19945,7,train
21086,7,train
20453,7,train
23067,8,train
25514,9,train
1236,0,train
26964,9,train
19690,7,train
12233,4,train
8661,2,train
23836,8,train
19927,7,train
1637,0,train
11061,3,train
7443,2,train
13016,4,train
12960,4,train
3513,1,train
26775,9,train
19481,7,train
9690,3,train
25120,9,train
6592,2,train
18810,7,train
10345,3,train
10262,3,train
19339,7,train
18011,6,train
263,0,train
7813,2,train
7310,2,train
21154,7,train
23109,8,train
14824,5,train
10839,3,train
4719,1,train
9184,3,train
10006,3,train
16878,6,train
5160,1,train
2462,0,train
22083,8,train
10556,3,train
1565,0,train
16912,6,train
9069,3,train
20741,7,train
9031,3,train
9913,3,train
4331,1,train
21176,7,train
21706,8,train
4373,1,train
8447,2,train
1337,0,train
14451,5,train
25746,9,train
21819,8,train
12568,4,train
3155,1,train
8462,2,train
13183,4,train
8466,2,train
26067,9,train
5617,1,train
25190,9,train
16584,6,train
19247,7,train
24816,9,train
11775,4,train
17297,6,train
7072,2,train
24676,9,train
10272,3,train
8849,2,train
24059,9,train
12615,4,train
11777,4,train
18872,7,train
22414,8,train
14382,5,train
5743,1,train
87,0,train
17776,6,train
24613,9,train
16522,6,train
3758,1,train
105,0,train
18028,6,train
24417,9,train
11720,4,train
19842,7,train
19688,7,train
4047,1,train
15907,5,train
11172,3,train
8649,2,train
12297,4,train
7064,2,train
5926,1,train
18422,6,train
25295,9,train
20738,7,train
11036,3,train
19724,7,train
9732,3,train
11210,3,train
16051,6,train
20478,7,train
19204,7,train
9201,3,train
5953,1,train
647,0,train
22917,8,train
9424,3,train
24160,9,train
94,0,train
18296,6,train
8483,2,train
17005,6,train
10072,3,train
3288,1,train
18501,7,train
6362,2,train
25931,9,train
19936,7,train
22839,8,train
26916,9,train
1839,0,train
15148,5,train
20112,7,train
25179,9,train
23797,8,train
16171,6,train
5430,1,train
430,0,train
25445,9,train
19806,7,train
9379,3,train
26925,9,train
14779,5,train
24306,9,train
20117,7,train
19456,7,train
24042,9,train
4687,1,train
2164,0,train
11811,4,train
23798,8,train
589,0,train
18828,7,train
11294,3,train
9123,3,train
5403,1,train
1290,0,train
5107,1,train
23876,8,train
16368,6,train
8479,2,train
11201,3,train
3585,1,train
20159,7,train
722,0,train
16240,6,train
21685,8,train
2452,0,train
13101,4,train
9419,3,train
20275,7,train
19465,7,train
3468,1,train
9510,3,train
18984,7,train
11382,3,train
17783,6,train
8364,2,train
22059,8,train
16805,6,train
9082,3,train
18046,6,train
5755,1,train
9473,3,train
3524,1,train
17736,6,train
19668,7,train
26447,9,train
24970,9,train
7875,2,train
2721,0,train
9993,3,train
14177,5,train
4925,1,train
3742,1,train
18030,6,train
18968,7,train
22316,8,train
17952,6,train
5163,1,train
12948,4,train
5756,1,train
21134,7,train
15275,5,train
17907,6,train
18537,7,train
24182,9,train
2348,0,train
17895,6,train
20372,7,train
25959,9,train
25869,9,train
23664,8,train
19088,7,train
7837,2,train
18428,6,train
13542,4,train
3444,1,train
21230,7,train
19195,7,train
26433,9,train
19969,7,train
20013,7,train
6696,2,train
8631,2,train
2893,0,train
3242,1,train
25406,9,train
24990,9,train
22172,8,train
8833,2,train
8229,2,train
4419,1,train
13429,4,train
12350,4,train
25721,9,train
22155,8,train
6402,2,train
6466,2,train
21131,7,train
12304,4,train
5109,1,train
1444,0,train
20662,7,train
26825,9,train
23597,8,train
25227,9,train
10111,3,train
13945,4,train
12483,4,train
4394,1,train
15292,5,train
5118,1,train
19893,7,train
17281,6,train
3747,1,train
12225,4,train
11330,3,train
1135,0,train
11529,4,train
5534,1,train
13790,4,train
20000,7,train
786,0,train
21054,7,train
15454,5,train
7919,2,train
25345,9,train
2270,0,train
13192,4,train
8369,2,train
21384,7,train
14339,5,train
6811,2,train
8399,2,train
20236,7,train
1047,0,train
7343,2,train
2148,0,train
13639,4,train
10521,3,train
24082,9,train
26736,9,train
20834,7,train
26011,9,train
10414,3,train
10194,3,train
16296,6,train
19292,7,train
755,0,train
9291,3,train
7325,2,train
3696,1,train
5604,1,train
6907,2,train
16901,6,train
13416,4,train
97,0,train
21380,7,train
25928,9,train
24524,9,train
4818,1,train
18948,7,train
16406,6,train
4109,1,train
985,0,train
17285,6,train
13795,4,train
5075,1,train
12368,4,train
18338,6,train
23026,8,train
1086,0,train
21861,8,train
23334,8,train
2652,0,train
20481,7,train
8927,2,train
3144,1,train
17069,6,train
5244,1,train
3369,1,train
2132,0,train
13321,4,train
15791,5,train
16126,6,train
17880,6,train
23083,8,train
23700,8,train
21159,7,train
16080,6,train
24833,9,train
1263,0,train
13344,4,train
21731,8,train
7246,2,train
13835,4,train
24754,9,train
2835,0,train
11608,4,train
18617,7,train
195,0,train
17491,6,train
17083,6,train
26908,9,train
21633,8,train
26366,9,train
10623,3,train
2629,0,train
5966,1,train
1563,0,train
3903,1,train
12647,4,train
26340,9,train
5348,1,train
3527,1,train
13284,4,train
13288,4,train
17511,6,train
21680,8,train
17669,6,train
23292,8,train
481,0,train
7051,2,train
18142,6,train
10973,3,train
10349,3,train
629,0,train
20584,7,train
21873,8,train
24494,9,train
21248,7,train
6453,2,train
19184,7,train
3318,1,train
23473,8,train
16041,6,train
18416,6,train
8691,2,train
24938,9,train
18061,6,train
3870,1,train
6604,2,train
24855,9,train
25333,9,train
3070,1,train
14425,5,train
21940,8,train
9689,3,train
11910,4,train
18708,7,train
14917,5,train
9086,3,train
13868,4,train
1111,0,train
12813,4,train
17755,6,train
24399,9,train
19906,7,train
23526,8,train
6359,2,train
9360,3,train
12543,4,train
12788,4,train
15652,5,train
16790,6,train
8939,2,train
17311,6,train
25013,9,train
19989,7,train
10933,3,train
13218,4,train
2045,0,train
5978,1,train
15182,5,train
21769,8,train
14214,5,train
12635,4,train
2166,0,train
14504,5,train
6429,2,train
22766,8,train
19745,7,train
8336,2,train
9779,3,train
15577,5,train
17024,6,train
24928,9,train
15087,5,train
20138,7,train
8243,2,train
5317,1,train
14785,5,train
18148,6,train
12988,4,train
26852,9,train
20711,7,train
11585,4,train
12807,4,train
26371,9,train
16035,6,train
12024,4,train
1037,0,train
22940,8,train
24326,9,train
15923,5,train
10787,3,train
9903,3,train
13700,4,train
596,0,train
25110,9,train
17214,6,train
7914,2,train
21423,7,train
25093,9,train
10652,3,train
3275,1,train
9834,3,train
24210,9,train
3459,1,train
17793,6,train
5766,1,train
14225,5,train
3198,1,train
3157,1,train
4718,1,train
22571,8,train
14848,5,train
22463,8,train
3683,1,train
26484,9,train
13030,4,train
25802,9,train
3974,1,train
17996,6,train
6618,2,train
14761,5,train
13888,4,train
7662,2,train
5407,1,train
665,0,train
307,0,train
13805,4,train
15797,5,train
12305,4,train
1961,0,train
18611,7,train
7939,2,train
9142,3,train
22583,8,train
8667,2,train
2851,0,train
5329,1,train
18778,7,train
24947,9,train
3604,1,train
26692,9,train
19405,7,train
20874,7,train
20649,7,train
6771,2,train
17354,6,train
3736,1,train
22767,8,train
9320,3,train
17699,6,train
12116,4,train
11743,4,train
2033,0,train
276,0,train
3923,1,train
14577,5,train
9129,3,train
18102,6,train
25961,9,train
1602,0,train
24799,9,train
20149,7,train
9572,3,train
24974,9,train
1650,0,train
23951,8,train
1040,0,train
19450,7,train
17649,6,train
20433,7,train
338,0,train
12205,4,train
3177,1,train
24152,9,train
24790,9,train
17113,6,train
25242,9,train
13237,4,train
5669,1,train
16061,6,train
22438,8,train
8790,2,train
16659,6,train
9798,3,train
18109,6,train
9847,3,train
20399,7,train
24767,9,train
2566,0,train
2486,0,train
17337,6,train
4166,1,train
24725,9,train
2366,0,train
3918,1,train
5306,1,train
9163,3,train
13345,4,train
17464,6,train
17651,6,train
11039,3,train
17229,6,train
23647,8,train
17424,6,train
4888,1,train
10925,3,train
22854,8,train
15014,5,train
5255,1,train
23163,8,train
21963,8,train
1941,0,train
9820,3,train
26776,9,train
12886,4,train
6637,2,train
25677,9,train
21348,7,train
22911,8,train
3119,1,train
18397,6,train
13467,4,train
2226,0,train
15605,5,train
22563,8,train
6097,2,train
8401,2,train
10110,3,train
6218,2,train
5817,1,train
3687,1,train
25229,9,train
5250,1,train
511,0,train
24190,9,train
5258,1,train
21460,7,train
10581,3,train
18526,7,train
5973,1,train
4674,1,train
5691,1,train
13327,4,train
19001,7,train
24886,9,train
15478,5,train
19376,7,train
18643,7,train
1933,0,train
4472,1,train
8857,2,train
17848,6,train
11542,4,train
20394,7,train
4711,1,train
24853,9,train
11931,4,train
24225,9,train
21736,8,train
21474,7,train
21135,7,train
10078,3,train
4786,1,train
8252,2,train
14452,5,train
13376,4,train
10727,3,train
6590,2,train
20951,7,train
23954,8,train
24441,9,train
19056,7,train
7689,2,train
6160,2,train
23891,8,train
13253,4,train
11021,3,train
10100,3,train
7740,2,train
11282,3,train
11998,4,train
21547,8,train
19021,7,train
19667,7,train
13473,4,train
25951,9,train
24732,9,train
24138,9,train
16925,6,train
2991,0,train
7845,2,train
21519,8,train
988,0,train
21112,7,train
14992,5,train
6166,2,train
21378,7,train
13,0,train
6945,2,train
22742,8,train
3538,1,train
12291,4,train
10279,3,train
9906,3,train
5236,1,train
17169,6,train
9897,3,train
17439,6,train
15311,5,train
23563,8,train
17188,6,train
11722,4,train
2463,0,train
18803,7,train
15938,5,train
7431,2,train
18168,6,train
383,0,train
3622,1,train
20592,7,train
26759,9,train
1922,0,train
9194,3,train
24002,9,train
11296,3,train
513,0,train
13354,4,train
19713,7,train
8249,2,train
5328,1,train
25282,9,train
18694,7,train
23706,8,train
18991,7,train
594,0,train
14380,5,train
3890,1,train
4120,1,train
16787,6,train
1033,0,train
20887,7,train
7934,2,train
19680,7,train
22760,8,train
24287,9,train
15751,5,train
9749,3,train
18221,6,train
9318,3,train
25405,9,train
18126,6,train
13558,4,train
738,0,train
22951,8,train
22364,8,train
26,0,train
5193,1,train
642,0,train
19567,7,train
16186,6,train
14017,5,train
3011,1,train
4854,1,train
13935,4,train
11514,4,train
11642,4,train
20328,7,train
3102,1,train
5707,1,train
15966,5,train
104,0,train
2960,0,train
19153,7,train
10254,3,train
12916,4,train
3693,1,train
12873,4,train
20364,7,train
13586,4,train
11965,4,train
25539,9,train
5506,1,train
24946,9,train
21416,7,train
23569,8,train
23663,8,train
18955,7,train
24434,9,train
807,0,train
7011,2,train
6506,2,train
17748,6,train
10103,3,train
3286,1,train
8207,2,train
11665,4,train
24801,9,train
22376,8,train
2601,0,train
20553,7,train
26877,9,train
6385,2,train
15585,5,train
7053,2,train
3937,1,train
1811,0,train
19497,7,train
4020,1,train
4445,1,train
59,0,train
17830,6,train
19110,7,train
12854,4,train
13645,4,train
18989,7,train
15328,5,train
13811,4,train
26401,9,train
21485,7,train
1189,0,train
14305,5,train
4435,1,train
15700,5,train
7810,2,train
14406,5,train
4256,1,train
990,0,train
781,0,train
19545,7,train
8217,2,train
24000,9,train
25254,9,train
12273,4,train
1323,0,train
6538,2,train
2866,0,train
4891,1,train
15488,5,train
7801,2,train
1272,0,train
14690,5,train
2870,0,train
16482,6,train
6035,2,train
23657,8,train
12336,4,train
26583,9,train
17268,6,train
11964,4,train
15494,5,train
5040,1,train
2702,0,train
7932,2,train
13622,4,train
25966,9,train
3669,1,train
9963,3,train
22445,8,train
19145,7,train
10868,3,train
9466,3,train
21199,7,train
11567,4,train
17794,6,train
1744,0,train
17573,6,train
1018,0,train
12306,4,train
4338,1,train
14563,5,train
20821,7,train
6330,2,train
14618,5,train
15074,5,train
19527,7,train
2492,0,train
10041,3,train
24529,9,train
9484,3,train
4329,1,train
4410,1,train
2472,0,train
4459,1,train
8648,2,train
22277,8,train
21477,7,train
19793,7,train
13290,4,train
8820,2,train
6676,2,train
18629,7,train
1909,0,train
24656,9,train
23471,8,train
3451,1,train
18116,6,train
18267,6,train
15794,5,train
14130,5,train
13641,4,train
26552,9,train
800,0,train
26737,9,train
23718,8,train
7153,2,train
19954,7,train
17677,6,train
6396,2,train
20829,7,train
2910,0,train
1466,0,train
17237,6,train
16019,6,train
17027,6,train
13164,4,train
15714,5,train
16194,6,train
20808,7,train
13824,4,train
19855,7,train
20716,7,train
2481,0,train
15479,5,train
7966,2,train
1379,0,train
15514,5,train
17323,6,train
12821,4,train
14453,5,train
18544,7,train
22578,8,train
6470,2,train
1862,0,train
5783,1,train
11327,3,train
22331,8,train
13515,4,train
14471,5,train
20265,7,train
26064,9,train
7439,2,train
8398,2,train
20832,7,train
1764,0,train
12394,4,train
21022,7,train
24447,9,train
21652,8,train
19103,7,train
8241,2,train
16826,6,train
2194,0,train
19941,7,train
14711,5,train
7115,2,train
8167,2,train
3185,1,train
15552,5,train
7231,2,train
10832,3,train
2609,0,train
3671,1,train
19282,7,train
3114,1,train
2545,0,train
19090,7,train
13168,4,train
19098,7,train
8766,2,train
19420,7,train
11074,3,train
15820,5,train
14265,5,train
24723,9,train
26247,9,train
9825,3,train
18012,6,train
10183,3,train
14590,5,train
20575,7,train
159,0,train
9854,3,train
20908,7,train
21525,8,train
3148,1,train
3360,1,train
144,0,train
13045,4,train
9562,3,train
2011,0,train
17754,6,train
13426,4,train
21612,8,train
20596,7,train
14630,5,train
18182,6,train
679,0,train
14475,5,train
11043,3,train
26537,9,train
4230,1,train
18550,7,train
24370,9,train
13737,4,train
4721,1,train
18474,6,train
24428,9,train
14629,5,train
1053,0,train
19280,7,train
20591,7,train
16343,6,train
3090,1,train
7523,2,train
21852,8,train
18932,7,train
1228,0,train
11422,3,train
8005,2,train
6186,2,train
714,0,train
7159,2,train
1864,0,train
18766,7,train
8307,2,train
1302,0,train
19660,7,train
12294,4,train
15160,5,train
22942,8,train
5018,1,train
3171,1,train
20547,7,train
7228,2,train
5897,1,train
12919,4,train
21035,7,train
10724,3,train
19149,7,train
10030,3,train
10448,3,train
16797,6,train
13153,4,train
19058,7,train
24500,9,train
9472,3,train
18729,7,train
8385,2,train
10723,3,train
12863,4,train
10767,3,train
10795,3,train
3886,1,train
3773,1,train
6835,2,train
17553,6,train
22764,8,train
13595,4,train
9261,3,train
1736,0,train
10944,3,train
4231,1,train
18661,7,train
25140,9,train
18994,7,train
16487,6,train
551,0,train
15016,5,train
15933,5,train
2977,0,train
18184,6,train
21021,7,train
4332,1,train
5637,1,train
13435,4,train
9606,3,train
12269,4,train
18652,7,train
24331,9,train
17565,6,train
8427,2,train
2700,0,train
19887,7,train
16828,6,train
16125,6,train
8481,2,train
10604,3,train
14007,5,train
367,0,train
9080,3,train
1405,0,train
25362,9,train
12645,4,train
14076,5,train
2288,0,train
25321,9,train
21746,8,train
18139,6,train
26419,9,train
14254,5,train
19271,7,train
10737,3,train
4876,1,train
24467,9,train
14521,5,train
17466,6,train
5952,1,train
9694,3,train
23864,8,train
3017,1,train
11011,3,train
25864,9,train
18437,6,train
16567,6,train
22439,8,train
730,0,train
4506,1,train
23340,8,train
9330,3,train
26307,9,train
2162,0,train
8702,2,train
10042,3,train
8922,2,train
23538,8,train
12609,4,train
10241,3,train
11853,4,train
4700,1,train
21332,7,train
12894,4,train
17082,6,train
20269,7,train
2941,0,train
1483,0,train
15730,5,train
6742,2,train
15493,5,train
26834,9,train
5993,1,train
8003,2,train
3949,1,train
24284,9,train
13648,4,train
4187,1,train
11887,4,train
6482,2,train
19501,7,train
693,0,train
9741,3,train
24797,9,train
23710,8,train
5829,1,train
4421,1,train
9478,3,train
20503,7,train
26895,9,train
23895,8,train
19488,7,train
26981,9,train
2538,0,train
10943,3,train
9608,3,train
4618,1,train
18058,6,train
20643,7,train
19652,7,train
10327,3,train
24445,9,train
19212,7,train
25001,9,train
1805,0,train
5327,1,train
19081,7,train
15973,5,train
19111,7,train
18783,7,train
4874,1,train
18584,7,train
3657,1,train
6960,2,train
3378,1,train
19888,7,train
17665,6,train
25769,9,train
24892,9,train
20727,7,train
24077,9,train
10674,3,train
4892,1,train
24020,9,train
26003,9,train
14307,5,train
1891,0,train
17942,6,train
5026,1,train
3698,1,train
24193,9,train
10418,3,train
9045,3,train
6765,2,train
25823,9,train
18078,6,train
24229,9,train
13448,4,train
6083,2,train
16942,6,train
16665,6,train
18628,7,train
7080,2,train
13213,4,train
21708,8,train
26477,9,train
3063,1,train
14092,5,train
11387,3,train
2505,0,train
8455,2,train
25694,9,train
26339,9,train
16464,6,train
24072,9,train
2699,0,train
5893,1,train
2256,0,train
8789,2,train
18050,6,train
16370,6,train
23306,8,train
7544,2,train
14386,5,train
15325,5,train
21089,7,train
26526,9,train
10265,3,train
6036,2,train
26664,9,train
25728,9,train
5022,1,train
2737,0,train
17477,6,train
198,0,train
25210,9,train
76,0,train
17465,6,train
5864,1,train
10884,3,train
10479,3,train
9078,3,train
5995,1,train
7509,2,train
2865,0,train
21424,7,train
14046,5,train
19487,7,train
5729,1,train
7168,2,train
3723,1,train
12685,4,train
15565,5,train
7315,2,train
6879,2,train
25090,9,train
22002,8,train
6059,2,train
7392,2,train
10024,3,train
12959,4,train
25085,9,train
26383,9,train
4663,1,train
15331,5,train
16738,6,train
8351,2,train
7148,2,train
15221,5,train
3725,1,train
26202,9,train
23370,8,train
20770,7,train
2064,0,train
20391,7,train
14621,5,train
2134,0,train
25804,9,train
13635,4,train
22068,8,train
2402,0,train
23363,8,train
11538,4,train
5432,1,train
19560,7,train
15713,5,train
12047,4,train
2390,0,train
6448,2,train
3654,1,train
24916,9,train
26127,9,train
1730,0,train
21037,7,train
14526,5,train
12378,4,train
21103,7,train
12872,4,train
3274,1,train
18146,6,train
134,0,train
12877,4,train
21771,8,train
1124,0,train
19607,7,train
12939,4,train
14751,5,train
18553,7,train
22428,8,train
12728,4,train
1221,0,train
25793,9,train
3582,1,train
9871,3,train
7690,2,train
10628,3,train
4668,1,train
11540,4,train
2356,0,train
7950,2,train
4733,1,train
20949,7,train
11694,4,train
22954,8,train
8772,2,train
1391,0,train
8508,2,train
10121,3,train
23693,8,train
26425,9,train
14426,5,train
21816,8,train
8762,2,train
7957,2,train
16534,6,train
4360,1,train
1411,0,train
13742,4,train
15677,5,train
8163,2,train
3228,1,train
16806,6,train
26985,9,train
5047,1,train
16391,6,train
3503,1,train
22835,8,train
8757,2,train
5144,1,train
17721,6,train
20089,7,train
22153,8,train
12211,4,train
11272,3,train
22689,8,train
20905,7,train
25792,9,train
6900,2,train
24444,9,train
24175,9,train
17022,6,train
11058,3,train
3881,1,train
19678,7,train
1074,0,train
21564,8,train
10896,3,train
14578,5,train
17731,6,train
8788,2,train
7555,2,train
24457,9,train
17678,6,train
7345,2,train
509,0,train
14557,5,train
2016,0,train
22221,8,train
471,0,train
26278,9,train
4732,1,train
7800,2,train
23677,8,train
26824,9,train
3641,1,train
24474,9,train
23183,8,train
11102,3,train
20240,7,train
3489,1,train
3294,1,train
9770,3,train
535,0,train
8342,2,train
18386,6,train
685,0,train
13979,4,train
7766,2,train
1151,0,train
24603,9,train
17485,6,train
19518,7,train
12366,4,train
23610,8,train
6936,2,train
11162,3,train
5453,1,train
19062,7,train
25527,9,train
22727,8,train
655,0,train
20041,7,train
6795,2,train
2469,0,train
14061,5,train
18141,6,train
7860,2,train
3258,1,train
15404,5,train
11948,4,train
6797,2,train
16859,6,train
14315,5,train
1780,0,train
23201,8,train
2854,0,train
16718,6,train
21608,8,train
11029,3,train
24060,9,train
14596,5,train
8359,2,train
4015,1,train
13684,4,train
13154,4,train
25631,9,train
22110,8,train
3073,1,train
25673,9,train
7275,2,train
15846,5,train
2636,0,train
6205,2,train
12015,4,train
10023,3,train
10747,3,train
565,0,train
12182,4,train
16236,6,train
11519,4,train
1659,0,train
20447,7,train
2206,0,train
25739,9,train
17980,6,train
23649,8,train
18315,6,train
19727,7,train
25089,9,train
11951,4,train
17111,6,train
23134,8,train
3653,1,train
2943,0,train
7367,2,train
11903,4,train
17099,6,train
24166,9,train
23041,8,train
12656,4,train
25799,9,train
3248,1,train
21606,8,train
11619,4,train
13532,4,train
23830,8,train
23921,8,train
1897,0,train
18506,7,train
4161,1,train
7678,2,train
1577,0,train
19324,7,train
17468,6,train
25475,9,train
21341,7,train
12334,4,train
14705,5,train
25551,9,train
13732,4,train
7492,2,train
11114,3,train
8877,2,train
20835,7,train
9113,3,train
14550,5,train
7196,2,train
9563,3,train
6908,2,train
22962,8,train
12532,4,train
611,0,train
14685,5,train
3705,1,train
14957,5,train
14861,5,train
5840,1,train
16509,6,train
4575,1,train
26446,9,train
839,0,train
13878,4,train
25745,9,train
9149,3,train
12848,4,train
6902,2,train
21711,8,train
14964,5,train
11364,3,train
14150,5,train
9324,3,train
812,0,train
4699,1,train
10897,3,train
14700,5,train
24753,9,train
883,0,train
16046,6,train
23896,8,train
829,0,train
9631,3,train
26909,9,train
21818,8,train
15653,5,train
7687,2,train
8973,2,train
14984,5,train
2898,0,train
1248,0,train
18211,6,train
19802,7,train
26670,9,train
17235,6,train
11675,4,train
20509,7,train
8267,2,train
9700,3,train
1231,0,train
21793,8,train
1925,0,train
19655,7,train
9936,3,train
8168,2,train
26184,9,train
25778,9,train
6311,2,train
2227,0,train
19935,7,train
19595,7,train
7061,2,train
10744,3,train
13415,4,train
9443,3,train
7859,2,train
568,0,train
12509,4,train
25994,9,train
18392,6,train
21417,7,train
9592,3,train
22790,8,train
5901,1,train
4695,1,train
3168,1,train
10440,3,train
14314,5,train
24304,9,train
10501,3,train
12325,4,train
1107,0,train
21903,8,train
17112,6,train
1398,0,train
9485,3,train
20388,7,train
8219,2,train
1718,0,train
11613,4,train
21046,7,train
4717,1,train
20736,7,train
8450,2,train
15288,5,train
13057,4,train
21245,7,train
15816,5,train
11865,4,train
7704,2,train
10811,3,train
21257,7,train
7466,2,train
6011,2,train
8628,2,train
26508,9,train
20444,7,train
11366,3,train
5589,1,train
2334,0,train
21200,7,train
598,0,train
1591,0,train
20823,7,train
16674,6,train
6003,2,train
19636,7,train
19929,7,train
11198,3,train
7812,2,train
6623,2,train
14106,5,train
7930,2,train
1039,0,train
2310,0,train
8395,2,train
4906,1,train
12445,4,train
3848,1,train
19641,7,train
4371,1,train
23006,8,train
10945,3,train
26559,9,train
23143,8,train
9025,3,train
5354,1,train
16663,6,train
5085,1,train
2066,0,train
18361,6,train
4740,1,train
13136,4,train
18308,6,train
7602,2,train
24316,9,train
9058,3,train
17117,6,train
25826,9,train
402,0,train
22697,8,train
15595,5,train
290,0,train
5345,1,train
13130,4,train
2364,0,train
11193,3,train
20915,7,train
4195,1,train
20076,7,train
6875,2,train
21777,8,train
21766,8,train
7218,2,train
20129,7,train
20210,7,train
15621,5,train
8734,2,train
9917,3,train
3086,1,train
22455,8,train
25777,9,train
24872,9,train
14432,5,train
17867,6,train
10089,3,train
7176,2,train
7556,2,train
14856,5,train
24418,9,train
21575,8,train
387,0,train
24863,9,train
9761,3,train
7608,2,train
19326,7,train
23398,8,train
8599,2,train
6999,2,train
26382,9,train
10192,3,train
21975,8,train
13940,4,train
23445,8,train
11815,4,train
18044,6,train
18077,6,train
8520,2,train
18689,7,train
19964,7,train
17602,6,train
18372,6,train
24036,9,train
20541,7,train
11044,3,train
17904,6,train
15636,5,train
8733,2,train
12099,4,train
9218,3,train
19092,7,train
16273,6,train
19593,7,train
17732,6,train
18014,6,train
16466,6,train
13080,4,train
24944,9,train
7240,2,train
3015,1,train
10650,3,train
25232,9,train
26320,9,train
20345,7,train
17635,6,train
17240,6,train
22587,8,train
1711,0,train
11204,3,train
5067,1,train
534,0,train
18997,7,train
14448,5,train
21148,7,train
22965,8,train
3238,1,train
7782,2,train
22586,8,train
22408,8,train
10246,3,train
306,0,train
14074,5,train
25667,9,train
19904,7,train
15107,5,train
13373,4,train
7494,2,train
6736,2,train
11397,3,train
18639,7,train
4634,1,train
5784,1,train
8072,2,train
15950,5,train
1343,0,train
18201,6,train
7347,2,train
10229,3,train
12393,4,train
23466,8,train
15593,5,train
19458,7,train
7444,2,train
25627,9,train
10784,3,train
14994,5,train
12893,4,train
22124,8,train
15318,5,train
18466,6,train
2338,0,train
18696,7,train
16690,6,train
17299,6,train
10845,3,train
3966,1,train
19385,7,train
1613,0,train
19469,7,train
16759,6,train
1113,0,train
18013,6,train
14555,5,train
3851,1,train
26743,9,train
10752,3,train
20504,7,train
23188,8,train
14341,5,train
23076,8,train
6603,2,train
22982,8,train
10394,3,train
21270,7,train
22178,8,train
3189,1,train
4550,1,train
11913,4,train
5811,1,train
25497,9,train
22892,8,train
4300,1,train
12671,4,train
15603,5,train
14910,5,train
16962,6,train
6046,2,train
5457,1,train
6411,2,train
14402,5,train
5759,1,train
4614,1,train
22722,8,train
22526,8,train
5471,1,train
12705,4,train
3544,1,train
20038,7,train
17507,6,train
4351,1,train
257,0,train
17387,6,train
23752,8,train
20981,7,train
9585,3,train
177,0,train
1873,0,train
11521,4,train
2956,0,train
17463,6,train
24142,9,train
23704,8,train
19984,7,train
12307,4,train
3724,1,train
12250,4,train
4741,1,train
21467,7,train
9615,3,train
7775,2,train
19862,7,train
6333,2,train
15428,5,train
24889,9,train
4656,1,train
25821,9,train
13792,4,train
18364,6,train
26337,9,train
9118,3,train
15060,5,train
7991,2,train
6986,2,train
10326,3,train
16207,6,train
11912,4,train
15620,5,train
6862,2,train
2189,0,train
24025,9,train
8761,2,train
3914,1,train
14196,5,train
6961,2,train
10930,3,train
1896,0,train
2410,0,train
15065,5,train
3681,1,train
974,0,train
7834,2,train
5574,1,train
14540,5,train
5917,1,train
26860,9,train
15485,5,train
12407,4,train
17674,6,train
16555,6,train
18647,7,train
22645,8,train
16620,6,train
8612,2,train
19546,7,train
10796,3,train
13550,4,train
1498,0,train
9577,3,train
2722,0,train
19563,7,train
9647,3,train
1642,0,train
12166,4,train
4769,1,train
21643,8,train
7472,2,train
10452,3,train
7254,2,train
25738,9,train
18679,7,train
3417,1,train
11517,4,train
17718,6,train
16755,6,train
23534,8,train
10999,3,train
1345,0,train
8414,2,train
1740,0,train
11599,4,train
10056,3,train
24808,9,train
12389,4,train
8246,2,train
5071,1,train
11713,4,train
26403,9,train
15312,5,train
23036,8,train
4865,1,train
3975,1,train
7000,2,train
19019,7,train
25937,9,train
8366,2,train
18298,6,train
7421,2,train
25625,9,train
11245,3,train
12606,4,train
11828,4,train
16417,6,train
13799,4,train
14232,5,train
2023,0,train
3952,1,train
6958,2,train
16803,6,train
9887,3,train
26843,9,train
6975,2,train
4248,1,train
25435,9,train
25092,9,train
1706,0,train
12729,4,train
25472,9,train
13736,4,train
9005,3,train
21748,8,train
14157,5,train
10978,3,train
14758,5,train
12738,4,train
12090,4,train
849,0,train
1621,0,train
24134,9,train
24083,9,train
8392,2,train
16123,6,train
4225,1,train
9403,3,train
22546,8,train
922,0,train
17035,6,train
26760,9,train
10029,3,train
19853,7,train
4142,1,train
22550,8,train
23318,8,train
25572,9,train
4606,1,train
15056,5,train
3831,1,train
8091,2,train
1572,0,train
6460,2,train
25717,9,train
970,0,train
1546,0,train
1067,0,train
886,0,train
17514,6,train
8344,2,train
18256,6,train
3867,1,train
16336,6,train
17347,6,train
6762,2,train
11549,4,train
733,0,train
21878,8,train
12404,4,train
10524,3,train
11813,4,train
9807,3,train
169,0,train
13217,4,train
20975,7,train
1786,0,train
18675,7,train
11899,4,train
26392,9,train
6094,2,train
2218,0,train
16100,6,train
270,0,train
13436,4,train
1847,0,train
12442,4,train
11922,4,train
2111,0,train
24272,9,train
22142,8,train
17644,6,train
22055,8,train
17246,6,train
15021,5,train
4467,1,train
25651,9,train
24236,9,train
12028,4,train
258,0,train
6890,2,train
20395,7,train
9452,3,train
11518,4,train
22009,8,train
22289,8,train
19418,7,train
23302,8,train
10176,3,train
25417,9,train
13667,4,train
25010,9,train
23010,8,train
1093,0,train
12625,4,train
19626,7,train
20492,7,train
483,0,train
22508,8,train
17654,6,train
14952,5,train
2377,0,train
774,0,train
26467,9,train
8022,2,train
12720,4,train
15480,5,train
17771,6,train
2768,0,train
19359,7,train
9052,3,train
3806,1,train
21559,8,train
4862,1,train
22006,8,train
14548,5,train
26487,9,train
6611,2,train
19436,7,train
12493,4,train
17892,6,train
11968,4,train
5754,1,train
5336,1,train
24244,9,train
764,0,train
9436,3,train
17871,6,train
7054,2,train
23038,8,train
15955,5,train
10378,3,train
15124,5,train
3688,1,train
23955,8,train
26219,9,train
22506,8,train
21116,7,train
8672,2,train
6779,2,train
25044,9,train
17115,6,train
26013,9,train
16511,6,train
9588,3,train
9617,3,train
7095,2,train
6185,2,train
3531,1,train
8834,2,train
6440,2,train
26542,9,train
12965,4,train
912,0,train
8345,2,train
1130,0,train
3120,1,train
26215,9,train
16552,6,train
23425,8,train
349,0,train
4261,1,train
16765,6,train
3791,1,train
10033,3,train
18056,6,train
2843,0,train
12009,4,train
18969,7,train
244,0,train
21638,8,train
9126,3,train
19898,7,train
13886,4,train
6274,2,train
17030,6,train
21922,8,train
9302,3,train
1991,0,train
16575,6,train
23093,8,train
10429,3,train
13116,4,train
7120,2,train
5877,1,train
21316,7,train
15350,5,train
4965,1,train
22891,8,train
15032,5,train
6028,2,train
21520,8,train
24581,9,train
9502,3,train
6006,2,train
11561,4,train
10830,3,train
929,0,train
24751,9,train
24108,9,train
4428,1,train
25496,9,train
25714,9,train
10002,3,train
18300,6,train
3854,1,train
2457,0,train
19041,7,train
2917,0,train
1929,0,train
24079,9,train
10791,3,train
768,0,train
26818,9,train
21489,7,train
7508,2,train
19275,7,train
23861,8,train
20780,7,train
4620,1,train
22070,8,train
17405,6,train
1606,0,train
16315,6,train
4488,1,train
25978,9,train
1885,0,train
8876,2,train
12843,4,train
7116,2,train
13866,4,train
16424,6,train
26428,9,train
25648,9,train
9784,3,train
13943,4,train
20771,7,train
26471,9,train
13768,4,train
16927,6,train
11326,3,train
17349,6,train
25640,9,train
20513,7,train
682,0,train
13482,4,train
6885,2,train
13546,4,train
15531,5,train
6511,2,train
23747,8,train
5209,1,train
24454,9,train
11662,4,train
23344,8,train
24234,9,train
10095,3,train
21629,8,train
19235,7,train
6384,2,train
9103,3,train
10983,3,train
12776,4,train
1133,0,train
25426,9,train
1446,0,train
19952,7,train
20170,7,train
24858,9,train
7773,2,train
3091,1,train
23182,8,train
9619,3,train
16237,6,train
23645,8,train
21634,8,train
13035,4,train
22366,8,train
12628,4,train
516,0,train
22093,8,train
9022,3,train
8856,2,train
856,0,train
14349,5,train
20454,7,train
1266,0,train
11715,4,train
11606,4,train
254,0,train
16777,6,train
834,0,train
26154,9,train
5374,1,train
26550,9,train
809,0,train
15123,5,train
847,0,train
13382,4,train
15463,5,train
14823,5,train
10145,3,train
20242,7,train
15817,5,train
2405,0,train
5959,1,train
9796,3,train
16453,6,train
12122,4,train
6275,2,train
11977,4,train
25880,9,train
14469,5,train
9315,3,train
16538,6,train
4014,1,train
18439,6,train
8999,2,train
12098,4,train
13643,4,train
13343,4,train
18156,6,train
22080,8,train
8724,2,train
24323,9,train
15747,5,train
23957,8,train
12002,4,train
20216,7,train
15922,5,train
12836,4,train
5263,1,train
4144,1,train
15591,5,train
16192,6,train
14594,5,train
15767,5,train
3978,1,train
26410,9,train
23673,8,train
11825,4,train
16408,6,train
21146,7,train
15908,5,train
3850,1,train
10809,3,train
1426,0,train
21646,8,train
6763,2,train
22608,8,train
1812,0,train
5585,1,train
22324,8,train
5887,1,train
15627,5,train
25775,9,train
7591,2,train
13074,4,train
21385,7,train
6939,2,train
9097,3,train
23442,8,train
22248,8,train
16987,6,train
18607,7,train
13267,4,train
17695,6,train
11956,4,train
25835,9,train
2029,0,train
17941,6,train
12991,4,train
1194,0,train
26282,9,train
9696,3,train
4112,1,train
6817,2,train
6451,2,train
8678,2,train
12561,4,train
9594,3,train
10659,3,train
8370,2,train
3879,1,train
5410,1,train
19664,7,train
2204,0,train
26300,9,train
7672,2,train
11244,3,train
21773,8,train
6680,2,train
3043,1,train
6432,2,train
6374,2,train
7953,2,train
15166,5,train
3887,1,train
22340,8,train
12276,4,train
19078,7,train
11454,3,train
4544,1,train
11242,3,train
9971,3,train
12231,4,train
21837,8,train
4222,1,train
3292,1,train
19233,7,train
16910,6,train
23736,8,train
14891,5,train
12876,4,train
25791,9,train
13693,4,train
6430,2,train
17974,6,train
9649,3,train
2374,0,train
7086,2,train
2701,0,train
20675,7,train
7631,2,train
8224,2,train
15342,5,train
11059,3,train
12596,4,train
14830,5,train
16108,6,train
7323,2,train
3089,1,train
25160,9,train
4016,1,train
21125,7,train
8791,2,train
15117,5,train
11338,3,train
17193,6,train
1964,0,train
15901,5,train
5148,1,train
26268,9,train
13112,4,train
25856,9,train
21500,8,train
155,0,train
24971,9,train
24199,9,train
16434,6,train
24959,9,train
1965,0,train
8826,2,train
17826,6,train
1626,0,train
24904,9,train
12525,4,train
7840,2,train
5991,1,train
13616,4,train
19366,7,train
9958,3,train
19345,7,train
8701,2,train
20123,7,train
11516,4,train
20784,7,train
10208,3,train
16077,6,train
291,0,train
6964,2,train
21577,8,train
9455,3,train
7606,2,train
9945,3,train
24635,9,train
8461,2,train
24389,9,train
16356,6,train
7895,2,train
2705,0,train
21729,8,train
13654,4,train
2682,0,train
20303,7,train
13934,4,train
23586,8,train
12174,4,train
1402,0,train
5684,1,train
19139,7,train
6683,2,train
6496,2,train
22280,8,train
13280,4,train
11936,4,train
21545,8,train
3756,1,train
2507,0,train
17630,6,train
14419,5,train
22738,8,train
19687,7,train
22633,8,train
19640,7,train
21573,8,train
10579,3,train
19614,7,train
5300,1,train
5385,1,train
16074,6,train
14607,5,train
11371,3,train
479,0,train
9656,3,train
23103,8,train
2004,0,train
15787,5,train
6348,2,train
4412,1,train
18317,6,train
3627,1,train
14765,5,train
17823,6,train
15034,5,train
24575,9,train
22477,8,train
1877,0,train
11106,3,train
787,0,train
19746,7,train
11005,3,train
7571,2,train
7043,2,train
13506,4,train
25893,9,train
3103,1,train
16842,6,train
6450,2,train
18112,6,train
21208,7,train
1569,0,train
11667,4,train
15736,5,train
23257,8,train
8418,2,train
13475,4,train
18320,6,train
26695,9,train
21254,7,train
14508,5,train
2633,0,train
24046,9,train
3608,1,train
9673,3,train
3766,1,train
10201,3,train
26364,9,train
9503,3,train
700,0,train
25488,9,train
17712,6,train
9120,3,train
10679,3,train
12727,4,train
15582,5,train
7422,2,train
14101,5,train
12051,4,train
6149,2,train
4756,1,train
203,0,train
16750,6,train
10,0,train
19576,7,train
26055,9,train
17103,6,train
8918,2,train
9787,3,train
15422,5,train
22898,8,train
17196,6,train
18522,7,train
15420,5,train
14259,5,train
11838,4,train
16704,6,train
16369,6,train
23305,8,train
10166,3,train
22328,8,train
24553,9,train
12931,4,train
23850,8,train
3406,1,train
10485,3,train
17684,6,train
1726,0,train
26022,9,train
24090,9,train
16544,6,train
23837,8,train
13470,4,train
6423,2,train
8681,2,train
5808,1,train
13503,4,train
2251,0,train
13281,4,train
11937,4,train
12327,4,train
844,0,train
25442,9,train
26977,9,train
8303,2,train
1702,0,train
4320,1,train
14788,5,train
15991,5,train
7100,2,train
13676,4,train
17696,6,train
12386,4,train
6168,2,train
25895,9,train
7346,2,train
6580,2,train
4152,1,train
1222,0,train
11174,3,train
15229,5,train
25460,9,train
7106,2,train
26691,9,train
22820,8,train
4540,1,train
6544,2,train
22306,8,train
24491,9,train
17484,6,train
23198,8,train
8302,2,train
964,0,train
25619,9,train
24309,9,train
12995,4,train
26201,9,train
11954,4,train
3690,1,train
9304,3,train
22564,8,train
10555,3,train
16964,6,train
18982,7,train
1490,0,train
9573,3,train
10838,3,train
23483,8,train
16335,6,train
16309,6,train
9969,3,train
12253,4,train
8569,2,train
10940,3,train
15718,5,train
26160,9,train
12924,4,train
6563,2,train
25373,9,train
8632,2,train
20872,7,train
12715,4,train
14890,5,train
21051,7,train
925,0,train
7478,2,train
25125,9,train
10055,3,train
10187,3,train
14137,5,train
18240,6,train
6733,2,train
24543,9,train
22014,8,train
566,0,train
8964,2,train
2791,0,train
14468,5,train
4440,1,train
18942,7,train
6578,2,train
25096,9,train
24282,9,train
1868,0,train
17243,6,train
7568,2,train
12441,4,train
21972,8,train
15651,5,train
23328,8,train
2703,0,train
14342,5,train
109,0,train
12381,4,train
22433,8,train
16252,6,train
24839,9,train
6301,2,train
11944,4,train
10912,3,train
14909,5,train
26175,9,train
24065,9,train
17567,6,train
21184,7,train
17286,6,train
25195,9,train
21562,8,train
23643,8,train
14415,5,train
16226,6,train
21229,7,train
9790,3,train
22314,8,train
20003,7,train
5483,1,train
23033,8,train
16297,6,train
21781,8,train
16623,6,train
5685,1,train
24051,9,train
23656,8,train
22986,8,train
16899,6,train
10013,3,train
5476,1,train
14664,5,train
22852,8,train
10801,3,train
16560,6,train
4038,1,train
25517,9,train
2,0,train
18701,7,train
5099,1,train
18227,6,train
5842,1,train
20790,7,train
22488,8,train
24172,9,train
24977,9,train
21349,7,train
19018,7,train
24962,9,train
19751,7,train
25521,9,train
20320,7,train
3620,1,train
4452,1,train
7150,2,train
24719,9,train
8995,2,train
9822,3,train
22765,8,train
15261,5,train
4595,1,train
7007,2,train
1459,0,train
7741,2,train
556,0,train
26901,9,train
1357,0,train
15645,5,train
8732,2,train
9035,3,train
576,0,train
1481,0,train
26519,9,train
18676,7,train
16649,6,train
6500,2,train
11856,4,train
19564,7,train
20065,7,train
2384,0,train
16606,6,train
9285,3,train
3825,1,train
6539,2,train
5721,1,train
3710,1,train
13521,4,train
14188,5,train
12132,4,train
21034,7,train
9469,3,train
17198,6,train
353,0,train
8526,2,train
16808,6,train
13990,4,train
18666,7,train
11370,3,train
7015,2,train
2243,0,train
464,0,train
14052,5,train
12889,4,train
5391,1,train
11255,3,train
4387,1,train
21590,8,train
6664,2,train
19777,7,train
23917,8,train
3479,1,train
9233,3,train
12878,4,train
11153,3,train
102,0,train
26919,9,train
24135,9,train
17060,6,train
20940,7,train
16467,6,train
2599,0,train
22117,8,train
20578,7,train
11127,3,train
2241,0,train
15944,5,train
1557,0,train
19323,7,train
18004,6,train
8285,2,train
15340,5,train
7468,2,train
7864,2,train
13292,4,train
24303,9,train
13034,4,train
18456,6,train
23075,8,train
4393,1,train
14210,5,train
6806,2,train
881,0,train
14771,5,train
13686,4,train
10007,3,train
25358,9,train
2425,0,train
2823,0,train
14057,5,train
23635,8,train
22182,8,train
24522,9,train
1393,0,train
9159,3,train
18863,7,train
2007,0,train
25320,9,train
9604,3,train
8001,2,train
19013,7,train
10538,3,train
15678,5,train
18091,6,train
26740,9,train
6594,2,train
2044,0,train
3789,1,train
15884,5,train
16576,6,train
6878,2,train
6838,2,train
5434,1,train
3462,1,train
6600,2,train
2232,0,train
6711,2,train
6074,2,train
18519,7,train
5664,1,train
25712,9,train
25211,9,train
12332,4,train
9430,3,train
25005,9,train
22327,8,train
493,0,train
2836,0,train
3156,1,train
12552,4,train
11522,4,train
13203,4,train
15396,5,train
3649,1,train
22607,8,train
23623,8,train
16203,6,train
4155,1,train
14413,5,train
9561,3,train
17615,6,train
26587,9,train
8432,2,train
2051,0,train
5899,1,train
8957,2,train
11434,3,train
26198,9,train
13871,4,train
18199,6,train
26910,9,train
10504,3,train
14582,5,train
14023,5,train
20157,7,train
24479,9,train
20930,7,train
20361,7,train
26033,9,train
17294,6,train
12157,4,train
9284,3,train
17983,6,train
7354,2,train
1506,0,train
19377,7,train
26932,9,train
20155,7,train
21142,7,train
15497,5,train
14888,5,train
19661,7,train
3312,1,train
10381,3,train
25882,9,train
13462,4,train
7062,2,train
12338,4,train
2890,0,train
1450,0,train
10270,3,train
4252,1,train
17898,6,train
12831,4,train
14944,5,train
2543,0,train
695,0,train
1006,0,train
8829,2,train
1845,0,train
21656,8,train
21514,8,train
21637,8,train
7318,2,train
17841,6,train
15414,5,train
9686,3,train
15758,5,train
3977,1,train
22698,8,train
25800,9,train
22263,8,train
17647,6,train
9930,3,train
19020,7,train
20252,7,train
22778,8,train
4639,1,train
2684,0,train
17740,6,train
7417,2,train
23114,8,train
10223,3,train
1503,0,train
23478,8,train
18447,6,train
1377,0,train
21266,7,train
8609,2,train
179,0,train
21585,8,train
12527,4,train
14282,5,train
4918,1,train
4805,1,train
5905,1,train
16971,6,train
7398,2,train
22768,8,train
17254,6,train
19835,7,train
11664,4,train
5789,1,train
26525,9,train
11141,3,train
7693,2,train
23697,8,train
14227,5,train
20075,7,train
14253,5,train
10924,3,train
13915,4,train
937,0,train
16469,6,train
4882,1,train
21446,7,train
10979,3,train
2399,0,train
24007,9,train
2223,0,train
18032,6,train
16960,6,train
4966,1,train
297,0,train
16771,6,train
16746,6,train
19510,7,train
9133,3,train
10911,3,train
11396,3,train
1456,0,train
7613,2,train
2127,0,train
6157,2,train
12686,4,train
6292,2,train
23636,8,train
25906,9,train
13226,4,train
3895,1,train
16107,6,train
902,0,train
26462,9,train
208,0,train
1728,0,train
6108,2,train
26952,9,train
13880,4,train
14679,5,train
21671,8,train
19213,7,train
14276,5,train
22997,8,train
25215,9,train
1036,0,train
18354,6,train
22977,8,train
21751,8,train
7171,2,train
2858,0,train
24245,9,train
12602,4,train
17940,6,train
12236,4,train
26429,9,train
11477,3,train
7711,2,train
26757,9,train
25889,9,train
10738,3,train
21617,8,train
19602,7,train
2018,0,train
6316,2,train
24997,9,train
13954,4,train
22473,8,train
18512,7,train
6431,2,train
3633,1,train
15085,5,train
11441,3,train
777,0,train
5545,1,train
24877,9,train
20749,7,train
6020,2,train
4564,1,train
8984,2,train
26348,9,train
3748,1,train
10883,3,train
12534,4,train
7814,2,train
21052,7,train
14749,5,train
17891,6,train
4984,1,train
1294,0,train
8752,2,train
6834,2,train
22589,8,train
22895,8,train
18402,6,train
24921,9,train
6743,2,train
11113,3,train
7119,2,train
3454,1,train
22094,8,train
743,0,train
19712,7,train
4518,1,train
582,0,train
2509,0,train
11901,4,train
20310,7,train
19283,7,train
5956,1,train
18938,7,train
5338,1,train
21613,8,train
10373,3,train
21262,7,train
21627,8,train
12180,4,train
7513,2,train
3448,1,train
15528,5,train
24374,9,train
1889,0,train
19704,7,train
17680,6,train
247,0,train
14832,5,train
8075,2,train
21157,7,train
4205,1,train
427,0,train
26204,9,train
15429,5,train
12465,4,train
14639,5,train
15408,5,train
19024,7,train
2236,0,train
23536,8,train
4980,1,train
26961,9,train
9363,3,train
538,0,train
21284,7,train
17206,6,train
13545,4,train
14121,5,train
17995,6,train
19542,7,train
1258,0,train
24297,9,train
25782,9,train
20884,7,train
7397,2,train
25163,9,train
5588,1,train
11986,4,train
13336,4,train
23730,8,train
3642,1,train
21218,7,train
2760,0,train
17202,6,train
7136,2,train
9262,3,train
26560,9,train
15218,5,train
14175,5,train
26980,9,train
19700,7,train
4880,1,train
16063,6,train
14710,5,train
5634,1,train
857,0,train
299,0,train
11707,4,train
23691,8,train
25734,9,train
13953,4,train
17396,6,train
12239,4,train
17587,6,train
18371,6,train
2322,0,train
15825,5,train
24460,9,train
13752,4,train
6631,2,train
18996,7,train
24074,9,train
15337,5,train
26375,9,train
405,0,train
20114,7,train
24137,9,train
17166,6,train
24342,9,train
19703,7,train
168,0,train
7071,2,train
11450,3,train
10950,3,train
12367,4,train
18814,7,train
3407,1,train
21059,7,train
2375,0,train
14466,5,train
12197,4,train
4199,1,train
25366,9,train
2678,0,train
14323,5,train
6299,2,train
23286,8,train
24177,9,train
5631,1,train
18327,6,train
20978,7,train
14124,5,train
6969,2,train
24400,9,train
5089,1,train
17706,6,train
21820,8,train
14612,5,train
15535,5,train
4698,1,train
20743,7,train
444,0,train
14777,5,train
26016,9,train
1286,0,train
16744,6,train
17950,6,train
13629,4,train
10198,3,train
19677,7,train
22646,8,train
21936,8,train
20474,7,train
727,0,train
3894,1,train
18856,7,train
20218,7,train
16445,6,train
18090,6,train
17244,6,train
19470,7,train
9704,3,train
16714,6,train
2937,0,train
9413,3,train
19029,7,train
15035,5,train
8191,2,train
8590,2,train
7306,2,train
678,0,train
13963,4,train
17961,6,train
22304,8,train
22274,8,train
7968,2,train
13029,4,train
14299,5,train
14734,5,train
25742,9,train
4208,1,train
26988,9,train
6207,2,train
8616,2,train
15683,5,train
26085,9,train
5076,1,train
23975,8,train
20343,7,train
21823,8,train
19975,7,train
14695,5,train
16886,6,train
13127,4,train
5452,1,train
23984,8,train
17219,6,train
11085,3,train
18621,7,train
26524,9,train
8113,2,train
21298,7,train
13644,4,train
19390,7,train
6921,2,train
15599,5,train
8137,2,train
6221,2,train
15619,5,train
14729,5,train
908,0,train
21328,7,train
21153,7,train
19804,7,train
14872,5,train
18290,6,train
22858,8,train
16867,6,train
754,0,train
2195,0,train
12331,4,train
16353,6,train
15669,5,train
7438,2,train
13264,4,train
16499,6,train
715,0,train
4755,1,train
9451,3,train
26046,9,train
13864,4,train
11268,3,train
11369,3,train
16104,6,train
7368,2,train
5932,1,train
20882,7,train
16922,6,train
18435,6,train
14364,5,train
8615,2,train
24462,9,train
7226,2,train
7920,2,train
14201,5,train
7647,2,train
22148,8,train
7209,2,train
22640,8,train
10599,3,train
3467,1,train
17317,6,train
11598,4,train
20087,7,train
2764,0,train
18749,7,train
10039,3,train
19395,7,train
13490,4,train
26414,9,train
24803,9,train
18469,6,train
26086,9,train
26822,9,train
8629,2,train
63,0,train
8936,2,train
5270,1,train
24126,9,train
25873,9,train
26257,9,train
19917,7,train
12680,4,train
21319,7,train
3741,1,train
7243,2,train
26789,9,train
6821,2,train
8868,2,train
10826,3,train
13331,4,train
9182,3,train
21281,7,train
13730,4,train
4816,1,train
10864,3,train
14306,5,train
7569,2,train
900,0,train
11130,3,train
17181,6,train
14397,5,train
16142,6,train
25291,9,train
4265,1,train
14567,5,train
18849,7,train
7093,2,train
3718,1,train
22459,8,train
9995,3,train
2244,0,train
16731,6,train
7084,2,train
17734,6,train
13212,4,train
5525,1,train
4024,1,train
19036,7,train
13058,4,train
17727,6,train
20175,7,train
11737,4,train
5187,1,train
2092,0,train
5632,1,train
7947,2,train
23018,8,train
19863,7,train
22295,8,train
2175,0,train
8002,2,train
26548,9,train
26328,9,train
5818,1,train
18558,7,train
24118,9,train
23515,8,train
26911,9,train
869,0,train
5576,1,train
26960,9,train
25308,9,train
7582,2,train
3377,1,train
17700,6,train
23602,8,train
21364,7,train
11807,4,train
15855,5,train
14370,5,train
22545,8,train
1255,0,train
17676,6,train
7429,2,train
7026,2,train
7768,2,train
25914,9,train
2058,0,train
2975,0,train
26273,9,train
15343,5,train
14460,5,train
23958,8,train
5624,1,train
25999,9,train
10749,3,train
23873,8,train
9089,3,train
17726,6,train
13837,4,train
13138,4,train
11643,4,train
3096,1,train
22000,8,train
21420,7,train
23265,8,train
4964,1,train
16820,6,train
13299,4,train
10827,3,train
13772,4,train
2196,0,train
8873,2,train
1420,0,train
18314,6,train
1017,0,train
4277,1,train
25045,9,train
5072,1,train
15332,5,train
19966,7,train
11182,3,train
9374,3,train
1987,0,train
14782,5,train
1108,0,train
21917,8,train
20053,7,train
7868,2,train
3075,1,train
23330,8,train
26405,9,train
380,0,train
6668,2,train
3878,1,train
15749,5,train
11150,3,train
8032,2,train
16131,6,train
13826,4,train
12636,4,train
14593,5,train
23409,8,train
9420,3,train
18340,6,train
352,0,train
16985,6,train
13173,4,train
8901,2,train
20,0,train
14559,5,train
13626,4,train
13813,4,train
8147,2,train
3981,1,train
3892,1,train
16543,6,train
13897,4,train
16002,6,train
8116,2,train
19657,7,train
16895,6,train
23618,8,train
12315,4,train
2646,0,train
4766,1,train
3829,1,train
9575,3,train
7925,2,train
8286,2,train
11546,4,train
1970,0,train
3646,1,train
8504,2,train
15048,5,train
7290,2,train
16201,6,train
16407,6,train
20818,7,train
15886,5,train
13996,4,train
14902,5,train
21686,8,train
11492,3,train
9602,3,train
18462,6,train
11787,4,train
18883,7,train
821,0,train
9860,3,train
9378,3,train
11277,3,train
20998,7,train
6661,2,train
16589,6,train
16448,6,train
25141,9,train
26355,9,train
23916,8,train
3208,1,train
9878,3,train
4956,1,train
18039,6,train
2302,0,train
13353,4,train
2371,0,train
26402,9,train
803,0,train
24401,9,train
2099,0,train
18759,7,train
6914,2,train
25606,9,train
18575,7,train
2861,0,train
14953,5,train
13581,4,train
3636,1,train
23117,8,train
16305,6,train
19266,7,train
14901,5,train
24411,9,train
4253,1,train
3004,1,train
11661,4,train
15220,5,train
8806,2,train
23743,8,train
6699,2,train
22489,8,train
13214,4,train
26651,9,train
83,0,train
25665,9,train
12940,4,train
26929,9,train
9882,3,train
12401,4,train
24416,9,train
11299,3,train
16183,6,train
16766,6,train
26997,9,train
21479,7,train
16141,6,train
11320,3,train
1368,0,train
20315,7,train
5667,1,train
9931,3,train
8327,2,train
26385,9,train
18224,6,train
11224,3,train
11893,4,train
3576,1,train
2930,0,train
26053,9,train
5747,1,train
17733,6,train
4163,1,train
26449,9,train
18600,7,train
2001,0,train
10688,3,train
4537,1,train
4174,1,train
374,0,train
9526,3,train
17413,6,train
18258,6,train
20473,7,train
11420,3,train
21920,8,train
18488,6,train
19514,7,train
3592,1,train
20863,7,train
16980,6,train
24513,9,train
7090,2,train
22638,8,train
15657,5,train
6514,2,train
24366,9,train
14258,5,train
3856,1,train
61,0,train
4582,1,train
3099,1,train
15440,5,train
2938,0,train
6420,2,train
2240,0,train
6814,2,train
5503,1,train
4040,1,train
11663,4,train
1389,0,train
22939,8,train
16497,6,train
5769,1,train
9287,3,train
26858,9,train
20448,7,train
23095,8,train
9090,3,train
6991,2,train
21753,8,train
26492,9,train
4597,1,train
8367,2,train
5082,1,train
18674,7,train
23604,8,train
5489,1,train
4923,1,train
24147,9,train
9880,3,train
4491,1,train
12809,4,train
26074,9,train
8084,2,train
22884,8,train
25770,9,train
5439,1,train
14656,5,train
18839,7,train
21081,7,train
1898,0,train
24960,9,train
20072,7,train
461,0,train
11677,4,train
3367,1,train
26599,9,train
10966,3,train
23908,8,train
17586,6,train
1732,0,train
592,0,train
10672,3,train
17217,6,train
19133,7,train
5296,1,train
4337,1,train
1900,0,train
15461,5,train
10901,3,train
3967,1,train
11621,4,train
25284,9,train
672,0,train
2053,0,train
3842,1,train
24688,9,train
6013,2,train
1655,0,train
6456,2,train
19002,7,train
9543,3,train
25162,9,train
20745,7,train
8133,2,train
3389,1,train
20625,7,train
25,0,train
22867,8,train
10916,3,train
4255,1,train
4604,1,train
16433,6,train
11352,3,train
18935,7,train
24154,9,train
14139,5,train
26123,9,train
12584,4,train
25218,9,train
10401,3,train
6379,2,train
5456,1,train
22829,8,train
1916,0,train
4667,1,train
6732,2,train
9813,3,train
2912,0,train
23924,8,train
3763,1,train
2419,0,train
1431,0,train
16817,6,train
3241,1,train
19650,7,train
25486,9,train
3516,1,train
7874,2,train
25288,9,train
24242,9,train
25123,9,train
6287,2,train
7249,2,train
8994,2,train
3399,1,train
14580,5,train
22560,8,train
3940,1,train
17487,6,train
15720,5,train
26807,9,train
21296,7,train
14687,5,train
472,0,train
23886,8,train
20430,7,train
15469,5,train
4742,1,train
9303,3,train
15579,5,train
18073,6,train
24562,9,train
6577,2,train
19445,7,train
8753,2,train
21653,8,train
9070,3,train
2114,0,train
2025,0,train
22725,8,train
1894,0,train
15828,5,train
5881,1,train
21071,7,train
24511,9,train
18699,7,train
8578,2,train
9724,3,train
11313,3,train
16909,6,train
15227,5,train
4204,1,train
26921,9,train
20156,7,train
893,0,train
20135,7,train
14126,5,train
18908,7,train
15578,5,train
13569,4,train
13961,4,train
11392,3,train
18259,6,train
22017,8,train
26634,9,train
9932,3,train
19940,7,train
9750,3,train
12901,4,train
10900,3,train
3836,1,train
4361,1,train
3175,1,train
25079,9,train
15827,5,train
3745,1,train
13876,4,train
10048,3,train
10700,3,train
5873,1,train
23692,8,train
2925,0,train
12799,4,train
4507,1,train
23682,8,train
9542,3,train
567,0,train
15431,5,train
14125,5,train
8690,2,train
316,0,train
431,0,train
18359,6,train
22383,8,train
10566,3,train
10473,3,train
18623,7,train
21672,8,train
14946,5,train
15276,5,train
342,0,train
11803,4,train
2118,0,train
26326,9,train
14346,5,train
23956,8,train
3239,1,train
15679,5,train
25558,9,train
20947,7,train
16461,6,train
21160,7,train
5511,1,train
1143,0,train
20516,7,train
9829,3,train
17079,6,train
20103,7,train
7578,2,train
12970,4,train
906,0,train
7902,2,train
25351,9,train
3225,1,train
16095,6,train
3365,1,train
5696,1,train
20354,7,train
16490,6,train
8862,2,train
19747,7,train
22756,8,train
21673,8,train
5004,1,train
969,0,train
14482,5,train
16288,6,train
16831,6,train
12290,4,train
17274,6,train
14334,5,train
26972,9,train
12719,4,train
4514,1,train
17163,6,train
16026,6,train
13831,4,train
6315,2,train
25894,9,train
24498,9,train
13390,4,train
6533,2,train
8988,2,train
24105,9,train
24861,9,train
20404,7,train
358,0,train
11248,3,train
2889,0,train
12301,4,train
5127,1,train
7125,2,train
22945,8,train
10631,3,train
22378,8,train
6234,2,train
15298,5,train
14114,5,train
14251,5,train
14798,5,train
26303,9,train
22223,8,train
3782,1,train
12869,4,train
26289,9,train
11727,4,train
25046,9,train
24347,9,train
10547,3,train
23986,8,train
2484,0,train
24018,9,train
7293,2,train
22948,8,train
26258,9,train
2246,0,train
12164,4,train
24096,9,train
183,0,train
5238,1,train
25765,9,train
9462,3,train
17382,6,train
23428,8,train
25095,9,train
18599,7,train
23904,8,train
2320,0,train
20597,7,train
16419,6,train
24560,9,train
26898,9,train
271,0,train
5844,1,train
19907,7,train
16275,6,train
9943,3,train
6685,2,train
15474,5,train
11569,4,train
15800,5,train
24176,9,train
14054,5,train
5819,1,train
712,0,train
14539,5,train
15303,5,train
2069,0,train
3372,1,train
16287,6,train
22934,8,train
11476,3,train
4170,1,train
78,0,train
4471,1,train
152,0,train
13812,4,train
13193,4,train
15928,5,train
10220,3,train
18571,7,train
17057,6,train
22443,8,train
22048,8,train
24627,9,train
9522,3,train
18924,7,train
23990,8,train
3184,1,train
390,0,train
20296,7,train
2012,0,train
9209,3,train
478,0,train
21587,8,train
26216,9,train
24435,9,train
12411,4,train
1910,0,train
11582,4,train
1694,0,train
24011,9,train
9839,3,train
16954,6,train
3320,1,train
11264,3,train
2837,0,train
11785,4,train
24555,9,train
3743,1,train
4217,1,train
18750,7,train
5694,1,train
18160,6,train
5674,1,train
14053,5,train
5750,1,train
21435,7,train
17704,6,train
16484,6,train
5655,1,train
26881,9,train
17801,6,train
13637,4,train
16809,6,train
26708,9,train
10402,3,train
16562,6,train
4813,1,train
9953,3,train
13420,4,train
9098,3,train
4715,1,train
12979,4,train
22625,8,train
18,0,train
18213,6,train
22978,8,train
20618,7,train
23994,8,train
3349,1,train
6256,2,train
17397,6,train
25148,9,train
650,0,train
23928,8,train
9653,3,train
18178,6,train
21969,8,train
12766,4,train
24764,9,train
20497,7,train
17127,6,train
15860,5,train
25533,9,train
10891,3,train
21231,7,train
377,0,train
22974,8,train
12188,4,train
17432,6,train
10619,3,train
25438,9,train
5812,1,train
26421,9,train
25136,9,train
24081,9,train
25000,9,train
24351,9,train
12794,4,train
9247,3,train
9338,3,train
12938,4,train
26295,9,train
25700,9,train
221,0,train
18887,7,train
14940,5,train
7737,2,train
25591,9,train
9321,3,train
1844,0,train
2014,0,train
22598,8,train
24651,9,train
16494,6,train
12851,4,train
7660,2,train
2533,0,train
3045,1,train
6235,2,train
24124,9,train
233,0,train
12108,4,train
21801,8,train
22354,8,train
6909,2,train
1611,0,train
23662,8,train
3005,1,train
2749,0,train
12930,4,train
4138,1,train
12029,4,train
22236,8,train
25066,9,train
17494,6,train
1674,0,train
9918,3,train
18842,7,train
7604,2,train
2037,0,train
12064,4,train
14003,5,train
24564,9,train
5349,1,train
12936,4,train
17109,6,train
14570,5,train
9912,3,train
20932,7,train
14436,5,train
12270,4,train
8602,2,train
12258,4,train
4985,1,train
9255,3,train
2480,0,train
23372,8,train
25786,9,train
24286,9,train
968,0,train
9721,3,train
1274,0,train
12425,4,train
11714,4,train
2117,0,train
8459,2,train
22217,8,train
11020,3,train
15525,5,train
19591,7,train
22614,8,train
22694,8,train
12599,4,train
7110,2,train
11638,4,train
12337,4,train
2940,0,train
9970,3,train
26265,9,train
20976,7,train
9867,3,train
12495,4,train
7596,2,train
26043,9,train
4358,1,train
15536,5,train
8209,2,train
26758,9,train
987,0,train
571,0,train
23090,8,train
21968,8,train
19460,7,train
4781,1,train
11149,3,train
422,0,train
14056,5,train
13663,4,train
8503,2,train
23834,8,train
11698,4,train
5643,1,train
13982,4,train
17423,6,train
3027,1,train
19351,7,train
6090,2,train
1203,0,train
6941,2,train
4139,1,train
17273,6,train
14949,5,train
18562,7,train
25637,9,train
3984,1,train
6625,2,train
8711,2,train
1586,0,train
3192,1,train
8017,2,train
22975,8,train
23989,8,train
23358,8,train
15661,5,train
13903,4,train
19715,7,train
19016,7,train
7413,2,train
23998,8,train
11259,3,train
15867,5,train
1517,0,train
6139,2,train
19440,7,train
18225,6,train
22925,8,train
25630,9,train
8236,2,train
11213,3,train
4937,1,train
19738,7,train
10275,3,train
12134,4,train
7785,2,train
14854,5,train
15047,5,train
14424,5,train
5519,1,train
19108,7,train
17530,6,train
14198,5,train
23652,8,train
978,0,train
17417,6,train
5502,1,train
2506,0,train
17303,6,train
10400,3,train
4042,1,train
70,0,train
20407,7,train
21174,7,train
26719,9,train
1138,0,train
19928,7,train
3167,1,train
135,0,train
19741,7,train
21388,7,train
22394,8,train
11691,4,train
22435,8,train
13980,4,train
13067,4,train
21047,7,train
1176,0,train
10491,3,train
16362,6,train
16703,6,train
5698,1,train
16796,6,train
19197,7,train
13612,4,train
259,0,train
22114,8,train
1178,0,train
19156,7,train
9137,3,train
4288,1,train
17893,6,train
17404,6,train
9251,3,train
24382,9,train
23440,8,train
8716,2,train
26001,9,train
22644,8,train
13781,4,train
3668,1,train
9487,3,train
22630,8,train
19925,7,train
2298,0,train
8107,2,train
9891,3,train
5847,1,train
26018,9,train
6415,2,train
7418,2,train
22095,8,train
5725,1,train
24373,9,train
17997,6,train
7305,2,train
867,0,train
13489,4,train
16857,6,train
13166,4,train
3293,1,train
20689,7,train
24927,9,train
19000,7,train
4033,1,train
4734,1,train
2245,0,train
2973,0,train
25394,9,train
5312,1,train
9053,3,train
15810,5,train
16695,6,train
12292,4,train
4738,1,train
12170,4,train
12711,4,train
13474,4,train
23249,8,train
9158,3,train
15940,5,train
9325,3,train
12390,4,train
20362,7,train
13427,4,train
5243,1,train
22189,8,train
25837,9,train
22629,8,train
24692,9,train
26635,9,train
23570,8,train
13330,4,train
21236,7,train
17763,6,train
24518,9,train
18864,7,train
2873,0,train
13238,4,train
21390,7,train
13827,4,train
2211,0,train
4788,1,train
1947,0,train
25730,9,train
6928,2,train
21707,8,train
18619,7,train
23728,8,train
16678,6,train
12376,4,train
10899,3,train
11416,3,train
17624,6,train
16093,6,train
1376,0,train
17007,6,train
7723,2,train
8730,2,train
13123,4,train
2743,0,train
10718,3,train
13452,4,train
156,0,train
10992,3,train
12640,4,train
8634,2,train
5132,1,train
16866,6,train
4557,1,train
13747,4,train
21783,8,train
11410,3,train
8556,2,train
26188,9,train
21027,7,train
10462,3,train
14099,5,train
21278,7,train
15772,5,train
17664,6,train
2108,0,train
9986,3,train
1582,0,train
12206,4,train
18103,6,train
23497,8,train
5389,1,train
14736,5,train
22976,8,train
14714,5,train
7688,2,train
16700,6,train
23757,8,train
16373,6,train
26989,9,train
911,0,train
2178,0,train
25686,9,train
3121,1,train
22539,8,train
26941,9,train
22181,8,train
4167,1,train
13295,4,train
10788,3,train
10963,3,train
25534,9,train
22844,8,train
19068,7,train
12161,4,train
17579,6,train
16990,6,train
25464,9,train
10406,3,train
10052,3,train
19532,7,train
20489,7,train
9028,3,train
1514,0,train
10859,3,train
2209,0,train
15807,5,train
21197,7,train
18745,7,train
10593,3,train
26120,9,train
19146,7,train
18585,7,train
25634,9,train
24019,9,train
5656,1,train
5862,1,train
21437,7,train
12212,4,train
9357,3,train
26427,9,train
14806,5,train
8937,2,train
25541,9,train
9876,3,train
10059,3,train
20254,7,train
1488,0,train
22501,8,train
23255,8,train
11591,4,train
14241,5,train
26411,9,train
23926,8,train
749,0,train
9823,3,train
16403,6,train
23234,8,train
18716,7,train
7548,2,train
4026,1,train
3750,1,train
24836,9,train
13365,4,train
6388,2,train
23771,8,train
20694,7,train
2820,0,train
21945,8,train
12199,4,train
8356,2,train
18347,6,train
19192,7,train
21942,8,train
22981,8,train
22910,8,train
17340,6,train
24214,9,train
4209,1,train
24666,9,train
9894,3,train
1598,0,train
11669,4,train
13287,4,train
22556,8,train
4126,1,train
8415,2,train
20809,7,train
7933,2,train
14,0,train
24037,9,train
7595,2,train
15946,5,train
1476,0,train
14584,5,train
6532,2,train
12673,4,train
19244,7,train
8029,2,train
16280,6,train
21698,8,train
18031,6,train
7512,2,train
15956,5,train
26724,9,train
25164,9,train
23402,8,train
15896,5,train
25382,9,train
1131,0,train
6785,2,train
24378,9,train
8847,2,train
21478,7,train
2603,0,train
1422,0,train
16564,6,train
12681,4,train
24361,9,train
11531,4,train
20514,7,train
12463,4,train
23506,8,train
23196,8,train
8251,2,train
24130,9,train
9858,3,train
22522,8,train
6334,2,train
17936,6,train
11266,3,train
14574,5,train
9954,3,train
7205,2,train
1997,0,train
25987,9,train
10704,3,train
23995,8,train
10314,3,train
14215,5,train
12944,4,train
11564,4,train
11801,4,train
25207,9,train
140,0,train
15675,5,train
25852,9,train
2974,0,train
12743,4,train
15984,5,train
3640,1,train
3530,1,train
6528,2,train
11040,3,train
25628,9,train
20442,7,train
22073,8,train
14200,5,train
2289,0,train
14918,5,train
11028,3,train
9524,3,train
3478,1,train
2871,0,train
13889,4,train
24048,9,train
23423,8,train
18334,6,train
10474,3,train
12792,4,train
22692,8,train
16698,6,train
17412,6,train
6794,2,train
7830,2,train
26388,9,train
2499,0,train
2645,0,train
424,0,train
2297,0,train
12387,4,train
18451,6,train
8544,2,train
587,0,train
7534,2,train
14498,5,train
23992,8,train
18443,6,train
12403,4,train
21506,8,train
20080,7,train
15725,5,train
8703,2,train
6058,2,train
3607,1,train
26026,9,train
4405,1,train
18254,6,train
2458,0,train
14001,5,train
413,0,train
20009,7,train
24179,9,train
43,0,train
3135,1,train
9569,3,train
5979,1,train
6233,2,train
1618,0,train
1001,0,train
10101,3,train
11269,3,train
21745,8,train
2717,0,train
16513,6,train
19340,7,train
6381,2,train
16697,6,train
26870,9,train
5215,1,train
1907,0,train
13788,4,train
16165,6,train
24819,9,train
15622,5,train
20367,7,train
22750,8,train
11855,4,train
8859,2,train
8880,2,train
4021,1,train
4034,1,train
9996,3,train
20568,7,train
25444,9,train
15893,5,train
17502,6,train
4503,1,train
5960,1,train
2732,0,train
10994,3,train
4063,1,train
12076,4,train
21636,8,train
7393,2,train
570,0,train
22642,8,train
8082,2,train
11659,4,train
4372,1,train
3163,1,train
14330,5,train
8874,2,train
3986,1,train
14956,5,train
18551,7,train
25761,9,train
21406,7,train
4263,1,train
26095,9,train
20758,7,train
2155,0,train
1950,0,train
12017,4,train
9765,3,train
7088,2,train
26677,9,train
7962,2,train
22170,8,train
25661,9,train
22771,8,train
8715,2,train
3068,1,train
20867,7,train
4048,1,train
18153,6,train
11984,4,train
4148,1,train
3124,1,train
13422,4,train
11184,3,train
12712,4,train
7877,2,train
26629,9,train
1713,0,train
23,0,train
26899,9,train
18847,7,train
19262,7,train
16486,6,train
1562,0,train
11445,3,train
16604,6,train
19773,7,train
4817,1,train
14373,5,train
9811,3,train
20585,7,train
17908,6,train
5543,1,train
18671,7,train
4211,1,train
5124,1,train
1004,0,train
7268,2,train
12984,4,train
24216,9,train
25421,9,train
2080,0,train
9609,3,train
7055,2,train
2022,0,train
22367,8,train
7138,2,train
10569,3,train
266,0,train
13197,4,train
25087,9,train
23180,8,train
23013,8,train
3827,1,train
15568,5,train
20228,7,train
16891,6,train
14186,5,train
19759,7,train
8673,2,train
4250,1,train
18231,6,train
17068,6,train
24044,9,train
23923,8,train
23116,8,train
24654,9,train
22651,8,train
20839,7,train
8150,2,train
11233,3,train
20787,7,train
5610,1,train
16621,6,train
11377,3,train
13409,4,train
16054,6,train
13303,4,train
3252,1,train
4690,1,train
17279,6,train
23784,8,train
20101,7,train
17336,6,train
26061,9,train
7770,2,train
4934,1,train
21255,7,train
22211,8,train
10857,3,train
14115,5,train
7836,2,train
21877,8,train
10657,3,train
22141,8,train
13721,4,train
3950,1,train
19830,7,train
10624,3,train
5571,1,train
8879,2,train
8960,2,train
4330,1,train
20583,7,train
6726,2,train
24622,9,train
19557,7,train
23971,8,train
26884,9,train
23142,8,train
8328,2,train
3875,1,train
25265,9,train
16311,6,train
7547,2,train
13807,4,train
5213,1,train
2953,0,train
21106,7,train
10196,3,train
21983,8,train
17410,6,train
26746,9,train
19398,7,train
14661,5,train
3019,1,train
4713,1,train
26632,9,train
13191,4,train
419,0,train
7709,2,train
22415,8,train
21741,8,train
12319,4,train
17758,6,train
22749,8,train
4290,1,train
1003,0,train
19489,7,train
1094,0,train
22518,8,train
5413,1,train
23965,8,train
24149,9,train
26057,9,train
16405,6,train
9517,3,train
7471,2,train
12362,4,train
18457,6,train
23044,8,train
12523,4,train
5232,1,train
1835,0,train
2848,0,train
100,0,train
6782,2,train
24040,9,train
20477,7,train
9816,3,train
17970,6,train
19191,7,train
13070,4,train
12461,4,train
8843,2,train
2772,0,train
848,0,train
16546,6,train
8214,2,train
9264,3,train
15308,5,train
20025,7,train
690,0,train
10905,3,train
9752,3,train
8827,2,train
25773,9,train
7557,2,train
5642,1,train
19999,7,train
10699,3,train
8486,2,train
2829,0,train
16669,6,train
23350,8,train
26853,9,train
21090,7,train
9723,3,train
17130,6,train
19808,7,train
17976,6,train
22450,8,train
10193,3,train
6579,2,train
433,0,train
23461,8,train
7676,2,train
6493,2,train
10117,3,train
22907,8,train
10955,3,train
13911,4,train
24087,9,train
711,0,train
9300,3,train
8114,2,train
12451,4,train
20685,7,train
14805,5,train
2748,0,train
17338,6,train
18580,7,train
17947,6,train
3713,1,train
2875,0,train
26700,9,train
10148,3,train
0,0,train
19876,7,train
6307,2,train
26787,9,train
16414,6,train
10882,3,train
11240,3,train
19461,7,train
21701,8,train
15140,5,train
19818,7,train
14826,5,train
14547,5,train
21192,7,train
19202,7,train
8176,2,train
18179,6,train
22011,8,train
4857,1,train
14082,5,train
14133,5,train
6144,2,train
8037,2,train
17452,6,train
4131,1,train
11579,4,train
25364,9,train
20620,7,train
8974,2,train
9107,3,train
16199,6,train
6135,2,train
2168,0,train
23942,8,train
25102,9,train
10513,3,train
2407,0,train
6255,2,train
21147,7,train
26732,9,train
16715,6,train
23165,8,train
18655,7,train
10739,3,train
14638,5,train
8684,2,train
949,0,train
12446,4,train
5292,1,train
17797,6,train
11032,3,train
17363,6,train
6250,2,train
21993,8,train
1871,0,train
18391,6,train
20051,7,train
4176,1,train
11746,4,train
26000,9,train
8235,2,train
2309,0,train
25867,9,train
13432,4,train
3982,1,train
18613,7,train
9747,3,train
26305,9,train
23639,8,train
8644,2,train
4037,1,train
12249,4,train
20418,7,train
24357,9,train
24452,9,train
7818,2,train
19200,7,train
7388,2,train
25523,9,train
20007,7,train
9480,3,train
5228,1,train
17165,6,train
24939,9,train
22836,8,train
10153,3,train
13433,4,train
18252,6,train
6697,2,train
16608,6,train
4941,1,train
10416,3,train
16491,6,train
13978,4,train
22648,8,train
192,0,train
1977,0,train
2653,0,train
8305,2,train
14865,5,train
17118,6,train
4090,1,train
767,0,train
12956,4,train
10015,3,train
323,0,train
17501,6,train
14357,5,train
18892,7,train
7386,2,train
25040,9,train
20421,7,train
17084,6,train
5785,1,train
24397,9,train
11490,3,train
6199,2,train
12695,4,train
13285,4,train
1247,0,train
10938,3,train
16251,6,train
6200,2,train
12698,4,train
6107,2,train
15801,5,train
17634,6,train
12835,4,train
3497,1,train
12288,4,train
26792,9,train
19363,7,train
3907,1,train
26869,9,train
25011,9,train
4601,1,train
26939,9,train
585,0,train
26040,9,train
4820,1,train
5583,1,train
10028,3,train
8297,2,train
12566,4,train
5757,1,train
8638,2,train
19702,7,train
25081,9,train
12419,4,train
5017,1,train
5736,1,train
230,0,train
15260,5,train
22845,8,train
12447,4,train
10087,3,train
16930,6,train
24677,9,train
17213,6,train
11124,3,train
1397,0,train
24026,9,train
23259,8,train
21042,7,train
17722,6,train
22464,8,train
7486,2,train
15900,5,train
26850,9,train
18743,7,train
6304,2,train
2496,0,train
10340,3,train
7485,2,train
4232,1,train
1681,0,train
22393,8,train
26286,9,train
19074,7,train
13904,4,train
2622,0,train
22721,8,train
25204,9,train
11711,4,train
9273,3,train
8255,2,train
2589,0,train
13446,4,train
12423,4,train
17959,6,train
6119,2,train
17450,6,train
1765,0,train
6031,2,train
15788,5,train
8596,2,train
13560,4,train
21882,8,train
1200,0,train
9648,3,train
11219,3,train
12104,4,train
17521,6,train
8097,2,train
12208,4,train
8257,2,train
23594,8,train
16527,6,train
21304,7,train
13787,4,train
24507,9,train
1883,0,train
20165,7,train
25575,9,train
18751,7,train
11620,4,train
4154,1,train
11215,3,train
3062,1,train
9199,3,train
18482,6,train
4395,1,train
3078,1,train
16570,6,train
5866,1,train
17454,6,train
14403,5,train
10970,3,train
5225,1,train
22585,8,train
26277,9,train
24576,9,train
15925,5,train
25055,9,train
12905,4,train
25398,9,train
486,0,train
6169,2,train
25849,9,train
6702,2,train
18064,6,train
8968,2,train
14588,5,train
212,0,train
12371,4,train
21001,7,train
15322,5,train
18595,7,train
16162,6,train
9628,3,train
12611,4,train
8021,2,train
26142,9,train
16549,6,train
9371,3,train
25840,9,train
9731,3,train
25105,9,train
1325,0,train
1767,0,train
1313,0,train
18248,6,train
25263,9,train
6261,2,train
1880,0,train
231,0,train
12369,4,train
18125,6,train
176,0,train
7078,2,train
18421,6,train
1432,0,train
4566,1,train
23323,8,train
6009,2,train
6944,2,train
5299,1,train
19691,7,train
22140,8,train
26728,9,train
8507,2,train
21501,8,train
13975,4,train
4476,1,train
6039,2,train
9066,3,train
16981,6,train
23152,8,train
1888,0,train
5915,1,train
19778,7,train
20573,7,train
25504,9,train
23918,8,train
7295,2,train
7245,2,train
24425,9,train
21543,8,train
3812,1,train
11776,4,train
11202,3,train
8825,2,train
729,0,train
6289,2,train
3044,1,train
16721,6,train
789,0,train
9366,3,train
142,0,train
21849,8,train
11687,4,train
7066,2,train
19276,7,train
22745,8,train
20726,7,train
19841,7,train
8471,2,train
17086,6,train
8754,2,train
26413,9,train
19803,7,train
19066,7,train
26111,9,train
2794,0,train
15201,5,train
15301,5,train
24606,9,train
11424,3,train
26987,9,train
8938,2,train
12274,4,train
721,0,train
19538,7,train
13606,4,train
7637,2,train
23247,8,train
6165,2,train
26838,9,train
6540,2,train
26422,9,train
2849,0,train
2816,0,train
6541,2,train
20510,7,train
23119,8,train
25578,9,train
5281,1,train
21512,8,train
12586,4,train
23446,8,train
4975,1,train
23415,8,train
24587,9,train
6473,2,train
1747,0,train
23769,8,train
6897,2,train
9014,3,train
8000,2,train
24299,9,train
24822,9,train
10494,3,train
15793,5,train
16743,6,train
11857,4,train
20058,7,train
17723,6,train
824,0,train
2341,0,train
328,0,train
7198,2,train
10997,3,train
19529,7,train
21187,7,train
8948,2,train
21227,7,train
23482,8,train
5233,1,train
10710,3,train
9003,3,train
17200,6,train
3432,1,train
7044,2,train
3591,1,train
2987,0,train
993,0,train
3279,1,train
3047,1,train
16221,6,train
26252,9,train
13513,4,train
9644,3,train
15072,5,train
22900,8,train
10856,3,train
8521,2,train
8036,2,train
2882,0,train
25704,9,train
2124,0,train
20933,7,train
17935,6,train
23600,8,train
12118,4,train
13803,4,train
5361,1,train
4012,1,train
26953,9,train
6413,2,train
22086,8,train
23224,8,train
6757,2,train
21683,8,train
10237,3,train
25436,9,train
8405,2,train
15095,5,train
19852,7,train
25828,9,train
13557,4,train
3639,1,train
5822,1,train
24139,9,train
26579,9,train
9136,3,train
23062,8,train
8846,2,train
3768,1,train
6224,2,train
15217,5,train
22037,8,train
23384,8,train
720,0,train
9477,3,train
21787,8,train
7495,2,train
10337,3,train
6855,2,train
798,0,train
18041,6,train
19883,7,train
19573,7,train
12862,4,train
23719,8,train
23568,8,train
7267,2,train
9702,3,train
2504,0,train
26176,9,train
23153,8,train
4244,1,train
15031,5,train
24267,9,train
7112,2,train
12593,4,train
24055,9,train
15241,5,train
17402,6,train
16379,6,train
20653,7,train
16682,6,train
25329,9,train
3915,1,train
19333,7,train
1513,0,train
15513,5,train
22109,8,train
6559,2,train
651,0,train
26805,9,train
13185,4,train
22798,8,train
542,0,train
17690,6,train
11192,3,train
18567,7,train
984,0,train
458,0,train
20286,7,train
24285,9,train
4561,1,train
25976,9,train
20931,7,train
14211,5,train
21626,8,train
2123,0,train
8272,2,train
21804,8,train
23859,8,train
21894,8,train
6065,2,train
905,0,train
17590,6,train
5791,1,train
18746,7,train
16244,6,train
25913,9,train
24027,9,train
9929,3,train
23399,8,train
6368,2,train
19619,7,train
17469,6,train
23480,8,train
11978,4,train
10043,3,train
5013,1,train
21973,8,train
9845,3,train
16772,6,train
21961,8,train
6933,2,train
12252,4,train
4201,1,train
23969,8,train
12814,4,train
19186,7,train
2714,0,train
14064,5,train
24129,9,train
13627,4,train
21428,7,train
8778,2,train
5060,1,train
20420,7,train
7607,2,train
20347,7,train
813,0,train
20744,7,train
926,0,train
15008,5,train
18705,7,train
9920,3,train
12496,4,train
13659,4,train
15049,5,train
26217,9,train
26761,9,train
26028,9,train
25901,9,train
10622,3,train
22139,8,train
6173,2,train
18472,6,train
18194,6,train
13377,4,train
2494,0,train
4533,1,train
23011,8,train
13983,4,train
12790,4,train
14880,5,train
2961,0,train
22379,8,train
5380,1,train
21260,7,train
1552,0,train
4484,1,train
246,0,train
2129,0,train
19552,7,train
1308,0,train
12741,4,train
21041,7,train
19937,7,train
23164,8,train
21064,7,train
14733,5,train
5611,1,train
8101,2,train
23512,8,train
982,0,train
26715,9,train
21149,7,train
24052,9,train
11537,4,train
4151,1,train
4266,1,train
7300,2,train
19978,7,train
2443,0,train
25471,9,train
23068,8,train
12107,4,train
21282,7,train
15915,5,train
826,0,train
8074,2,train
5662,1,train
3584,1,train
6263,2,train
16593,6,train
3477,1,train
22635,8,train
5683,1,train
17421,6,train
17745,6,train
3588,1,train
23149,8,train
15567,5,train
26621,9,train
3287,1,train
24029,9,train
14895,5,train
20227,7,train
4969,1,train
802,0,train
21962,8,train
18833,7,train
5387,1,train
10180,3,train
7330,2,train
9722,3,train
19452,7,train
19034,7,train
12853,4,train
21313,7,train
19210,7,train
19592,7,train
2579,0,train
21730,8,train
12735,4,train
2697,0,train
24996,9,train
2451,0,train
1253,0,train
25825,9,train
12179,4,train
22562,8,train
3421,1,train
11625,4,train
20993,7,train
23530,8,train
477,0,train
12022,4,train
15052,5,train
11014,3,train
15821,5,train
23107,8,train
9046,3,train
22207,8,train
22204,8,train
18133,6,train
8288,2,train
18658,7,train
14238,5,train
21302,7,train
5031,1,train
19472,7,train
12133,4,train
16789,6,train
17636,6,train
21224,7,train
23524,8,train
16210,6,train
15258,5,train
4057,1,train
8326,2,train
16791,6,train
17981,6,train
2337,0,train
15203,5,train
22654,8,train
26440,9,train
6554,2,train
17787,6,train
16856,6,train
15711,5,train
5774,1,train
14950,5,train
14287,5,train
26197,9,train
15206,5,train
282,0,train
6818,2,train
1934,0,train
23810,8,train
19104,7,train
18853,7,train
19042,7,train
15175,5,train
11919,4,train
6643,2,train
1954,0,train
15557,5,train
10044,3,train
1592,0,train
17531,6,train
18852,7,train
25907,9,train
23353,8,train
13062,4,train
3609,1,train
3837,1,train
19075,7,train
7713,2,train
3097,1,train
15961,5,train
21191,7,train
5746,1,train
10022,3,train
251,0,train
10743,3,train
22345,8,train
3088,1,train
24890,9,train
16687,6,train
8411,2,train
5638,1,train
7428,2,train
11790,4,train
20169,7,train
15027,5,train
9640,3,train
19764,7,train
23439,8,train
10449,3,train
6474,2,train
9225,3,train
3227,1,train
22527,8,train
17362,6,train
17459,6,train
11869,4,train
11186,3,train
25402,9,train
15716,5,train
12247,4,train
22719,8,train
2184,0,train
6705,2,train
13651,4,train
18686,7,train
2971,0,train
10235,3,train
3410,1,train
25126,9,train
14977,5,train
1386,0,train
2661,0,train
24471,9,train
11331,3,train
19259,7,train
12422,4,train
20656,7,train
148,0,train
3794,1,train
3487,1,train
11251,3,train
6258,2,train
22253,8,train
18129,6,train
9681,3,train
13896,4,train
327,0,train
11188,3,train
19132,7,train
26445,9,train
26274,9,train
26459,9,train
22730,8,train
23707,8,train
13522,4,train
9523,3,train
4453,1,train
25150,9,train
1461,0,train
12678,4,train
3307,1,train
7530,2,train
22680,8,train
8828,2,train
26089,9,train
26662,9,train
17790,6,train
16949,6,train
13780,4,train
4770,1,train
16763,6,train
19443,7,train
19135,7,train
18464,6,train
15401,5,train
12128,4,train
20462,7,train
23671,8,train
7056,2,train
25705,9,train
23101,8,train
19517,7,train
5518,1,train
530,0,train
632,0,train
6954,2,train
20734,7,train
15945,5,train
6706,2,train
23712,8,train
15413,5,train
11916,4,train
10364,3,train
998,0,train
4093,1,train
6551,2,train
6949,2,train
5116,1,train
5592,1,train
25322,9,train
11413,3,train
26266,9,train
9196,3,train
10228,3,train
7048,2,train
20333,7,train
19974,7,train
1287,0,train
21952,8,train
491,0,train
12804,4,train
19915,7,train
4258,1,train
21443,7,train
23345,8,train
5563,1,train
10283,3,train
490,0,train
19011,7,train
17091,6,train
13023,4,train
3160,1,train
10614,3,train
16565,6,train
19462,7,train
20577,7,train
296,0,train
18830,7,train
26709,9,train
17545,6,train
7897,2,train
26991,9,train
10662,3,train
26302,9,train
8538,2,train
5813,1,train
14908,5,train
7550,2,train
1578,0,train
26102,9,train
17832,6,train
5717,1,train
2222,0,train
23390,8,train
24023,9,train
20312,7,train
11348,3,train
19370,7,train
7360,2,train
13104,4,train
827,0,train
17958,6,train
25617,9,train
25029,9,train
22786,8,train
23949,8,train
6584,2,train
14163,5,train
18230,6,train
15875,5,train
17522,6,train
590,0,train
5657,1,train
13882,4,train
13111,4,train
2089,0,train
21947,8,train
17697,6,train
15910,5,train
9061,3,train
10116,3,train
8416,2,train
19316,7,train
23056,8,train
3012,1,train
14195,5,train
9726,3,train
5560,1,train
25766,9,train
17978,6,train
4374,1,train
23295,8,train
16011,6,train
16342,6,train
18454,6,train
2215,0,train
1822,0,train
19214,7,train
14010,5,train
11468,3,train
2035,0,train
22113,8,train
13946,4,train
10361,3,train
10841,3,train
23051,8,train
21009,7,train
7694,2,train
24341,9,train
23144,8,train
7903,2,train
4075,1,train
8290,2,train
14375,5,train
661,0,train
5247,1,train
11329,3,train
4115,1,train
14361,5,train
13555,4,train
1491,0,train
4379,1,train
15378,5,train
17073,6,train
14354,5,train
5526,1,train
3469,1,train
2216,0,train
26846,9,train
18706,7,train
14433,5,train
12945,4,train
23256,8,train
16563,6,train
1507,0,train
339,0,train
19048,7,train
1071,0,train
20168,7,train
9282,3,train
26890,9,train
24238,9,train
5515,1,train
503,0,train
9402,3,train
9756,3,train
8785,2,train
2119,0,train
12605,4,train
24637,9,train
13150,4,train
1953,0,train
15847,5,train
13618,4,train
15690,5,train
14088,5,train
18844,7,train
12248,4,train
6021,2,train
2121,0,train
25245,9,train
9890,3,train
22930,8,train
25985,9,train
3701,1,train
26772,9,train
11805,4,train
19582,7,train
15805,5,train
15195,5,train
17390,6,train
19725,7,train
26626,9,train
5113,1,train
2658,0,train
6436,2,train
6284,2,train
18177,6,train
23070,8,train
17862,6,train
17616,6,train
20720,7,train
9041,3,train
18404,6,train
25505,9,train
6212,2,train
3092,1,train
25281,9,train
11120,3,train
557,0,train
12801,4,train
19468,7,train
23676,8,train
25645,9,train
17149,6,train
22709,8,train
18393,6,train
24433,9,train
308,0,train
4785,1,train
24896,9,train
7161,2,train
25072,9,train
11562,4,train
1840,0,train
3826,1,train
20174,7,train
14303,5,train
7806,2,train
12473,4,train
18636,7,train
25246,9,train
8965,2,train
23381,8,train
18627,7,train
26319,9,train
18634,7,train
9514,3,train
25642,9,train
22309,8,train
25659,9,train
11894,4,train
24067,9,train
2555,0,train
56,0,train
25168,9,train
22266,8,train
11157,3,train
5460,1,train
20755,7,train
25038,9,train
6614,2,train
19900,7,train
24222,9,train
4411,1,train
5273,1,train
8527,2,train
8695,2,train
13411,4,train
21530,8,train
25377,9,train
16330,6,train
7020,2,train
1375,0,train
8211,2,train
4311,1,train
22663,8,train
20416,7,train
4803,1,train
17555,6,train
11087,3,train
7659,2,train
3936,1,train
6130,2,train
22706,8,train
23724,8,train
5125,1,train
10000,3,train
16618,6,train
16310,6,train
2944,0,train
12986,4,train
4181,1,train
3605,1,train
17426,6,train
6735,2,train
2840,0,train
5033,1,train
20319,7,train
8914,2,train
8946,2,train
15386,5,train
1057,0,train
5433,1,train
26735,9,train
21486,7,train
9888,3,train
28,0,train
25446,9,train
14024,5,train
25180,9,train
8015,2,train
4087,1,train
25388,9,train
10172,3,train
15448,5,train
3325,1,train
1854,0,train
1311,0,train
11732,4,train
25896,9,train
25767,9,train
25007,9,train
19732,7,train
12308,4,train
15809,5,train
26248,9,train
7955,2,train
26555,9,train
2510,0,train
10985,3,train
4945,1,train
22372,8,train
24110,9,train
20728,7,train
9368,3,train
17779,6,train
25275,9,train
19201,7,train
22212,8,train
2276,0,train
13707,4,train
9208,3,train
7587,2,train
13184,4,train
24414,9,train
2962,0,train
7400,2,train
11851,4,train
21303,7,train
2283,0,train
21843,8,train
6804,2,train
680,0,train
12011,4,train
4302,1,train
4480,1,train
16371,6,train
2369,0,train
24468,9,train
10919,3,train
13337,4,train
4041,1,train
25094,9,train
9021,3,train
22275,8,train
22641,8,train
8594,2,train
23978,8,train
4028,1,train
7974,2,train
6620,2,train
19130,7,train
1480,0,train
19522,7,train
18343,6,train
7121,2,train
8963,2,train
24914,9,train
11262,3,train
24324,9,train
15808,5,train
23081,8,train
24148,9,train
8023,2,train
20756,7,train
3452,1,train
10786,3,train
8666,2,train
21518,8,train
6827,2,train
24930,9,train
890,0,train
9290,3,train
1281,0,train
22418,8,train
18236,6,train
11346,3,train
22773,8,train
20136,7,train
1467,0,train
23717,8,train
8492,2,train
1002,0,train
2466,0,train
16281,6,train
25724,9,train
21774,8,train
19434,7,train
19185,7,train
9250,3,train
25478,9,train
12426,4,train
793,0,train
10496,3,train
8932,2,train
8511,2,train
13073,4,train
20429,7,train
14047,5,train
3617,1,train
6102,2,train
14326,5,train
19140,7,train
10353,3,train
7793,2,train
15437,5,train
26109,9,train
18412,6,train
14851,5,train
16601,6,train
24605,9,train
26968,9,train
6246,2,train
22973,8,train
15489,5,train
9268,3,train
10638,3,train
6092,2,train
744,0,train
1639,0,train
2896,0,train
18281,6,train
17216,6,train
14484,5,train
15487,5,train
21210,7,train
9927,3,train
24686,9,train
15455,5,train
22106,8,train
26721,9,train
13579,4,train
58,0,train
10549,3,train
15833,5,train
9706,3,train
2990,0,train
3732,1,train
5682,1,train
18846,7,train
23816,8,train
25643,9,train
25401,9,train
17253,6,train
21195,7,train
619,0,train
1620,0,train
21910,8,train
14741,5,train
25082,9,train
6183,2,train
6841,2,train
17966,6,train
1867,0,train
23043,8,train
1210,0,train
18407,6,train
5103,1,train
17578,6,train
11728,4,train
12890,4,train
17321,6,train
23412,8,train
9242,3,train
24171,9,train
24713,9,train
25692,9,train
19386,7,train
25865,9,train
16807,6,train
20499,7,train
6943,2,train
1924,0,train
14623,5,train
4526,1,train
4737,1,train
21546,8,train
14247,5,train
22082,8,train
4886,1,train
25467,9,train
4052,1,train
3543,1,train
9439,3,train
21093,7,train
5373,1,train
205,0,train
4694,1,train
23404,8,train
13602,4,train
6516,2,train
1174,0,train
227,0,train
11093,3,train
18119,6,train
26235,9,train
21796,8,train
3740,1,train
12516,4,train
17951,6,train
801,0,train
25883,9,train
20717,7,train
506,0,train
17495,6,train
211,0,train
4560,1,train
26624,9,train
6627,2,train
6891,2,train
15001,5,train
25941,9,train
25399,9,train
643,0,train
6015,2,train
23621,8,train
20868,7,train
10036,3,train
6886,2,train
20426,7,train
7561,2,train
3803,1,train
12474,4,train
5539,1,train
20636,7,train
26926,9,train
14246,5,train
1190,0,train
21498,7,train
7762,2,train
10575,3,train
4096,1,train
24932,9,train
19615,7,train
1904,0,train
18492,6,train
23962,8,train
25622,9,train
26390,9,train
1776,0,train
3333,1,train
4254,1,train
20299,7,train
23337,8,train
16685,6,train
440,0,train
1260,0,train
19112,7,train
18207,6,train
8871,2,train
19625,7,train
16399,6,train
22032,8,train
4971,1,train
7501,2,train
6509,2,train
25300,9,train
1403,0,train
22950,8,train
12690,4,train
178,0,train
14646,5,train
4336,1,train
11994,4,train
11019,3,train
18535,7,train
8796,2,train
24714,9,train
21699,8,train
11945,4,train
16943,6,train
10568,3,train
1429,0,train
20337,7,train
19598,7,train
4069,1,train
24402,9,train
19572,7,train
25982,9,train
6997,2,train
22713,8,train
10920,3,train
8945,2,train
4133,1,train
8363,2,train
21094,7,train
5852,1,train
4118,1,train
3385,1,train
1157,0,train
11103,3,train
3240,1,train
12910,4,train
8722,2,train
15752,5,train
2213,0,train
23622,8,train
3387,1,train
11572,4,train
12649,4,train
10438,3,train
4267,1,train
6484,2,train
5145,1,train
5742,1,train
24111,9,train
22799,8,train
21066,7,train
15543,5,train
11148,3,train
1295,0,train
2187,0,train
16031,6,train
5425,1,train
15996,5,train
2667,0,train
18505,7,train
25222,9,train
3610,1,train
6931,2,train
14016,5,train
15687,5,train
11635,4,train
22015,8,train
25206,9,train
3371,1,train
2570,0,train
26344,9,train
3955,1,train
20704,7,train
2649,0,train
23500,8,train
6929,2,train
5913,1,train
15375,5,train
20655,7,train
7823,2,train
11911,4,train
2502,0,train
5505,1,train
24824,9,train
15870,5,train
12818,4,train
24870,9,train
1338,0,train
1902,0,train
2670,0,train
20280,7,train
26293,9,train
4190,1,train
13258,4,train
2883,0,train
8205,2,train
11626,4,train
18174,6,train
4895,1,train
5726,1,train
4651,1,train
7661,2,train
17558,6,train
6032,2,train
315,0,train
25589,9,train
26615,9,train
8071,2,train
17805,6,train
19039,7,train
17796,6,train
5879,1,train
3095,1,train
14881,5,train
22604,8,train
26493,9,train
26922,9,train
12953,4,train
9138,3,train
24640,9,train
19471,7,train
11012,3,train
21939,8,train
11892,4,train
18150,6,train
12861,4,train
13793,4,train
23748,8,train
13909,4,train
1537,0,train
12844,4,train
19038,7,train
765,0,train
24043,9,train
17784,6,train
9336,3,train
6688,2,train
11602,4,train
24728,9,train
17921,6,train
18117,6,train
26231,9,train
11125,3,train
19577,7,train
15864,5,train
3776,1,train
22290,8,train
18476,6,train
8012,2,train
15602,5,train
19996,7,train
17234,6,train
17815,6,train
5538,1,train
10595,3,train
20590,7,train
10554,3,train
21924,8,train
1185,0,train
4688,1,train
6358,2,train
344,0,train
11826,4,train
12506,4,train
4171,1,train
16306,6,train
14486,5,train
18993,7,train
22597,8,train
2692,0,train
6120,2,train
24903,9,train
25875,9,train
17180,6,train
24982,9,train
20283,7,train
24736,9,train
9944,3,train
17029,6,train
14245,5,train
2983,0,train
22444,8,train
9259,3,train
13242,4,train
26460,9,train
20992,7,train
8004,2,train
17846,6,train
9621,3,train
4797,1,train
18570,7,train
14073,5,train
16526,6,train
5900,1,train
20311,7,train
6286,2,train
7188,2,train
20879,7,train
5074,1,train
4022,1,train
25501,9,train
1724,0,train
1468,0,train
7222,2,train
1441,0,train
9774,3,train
17394,6,train
15106,5,train
21658,8,train
11668,4,train
11780,4,train
8579,2,train
11252,3,train
5603,1,train
19423,7,train
16788,6,train
16767,6,train
12512,4,train
2788,0,train
23887,8,train
15256,5,train
18651,7,train
15132,5,train
23782,8,train
25432,9,train
20912,7,train
9216,3,train
21836,8,train
2739,0,train
19789,7,train
15539,5,train
2034,0,train
3229,1,train
17585,6,train
21985,8,train
20443,7,train
13816,4,train
13634,4,train
420,0,train
18868,7,train
14479,5,train
22270,8,train
21339,7,train
16150,6,train
22163,8,train
1315,0,train
15245,5,train
7288,2,train
22746,8,train
17614,6,train
11963,4,train
10323,3,train
25208,9,train
8729,2,train
19910,7,train
4363,1,train
7285,2,train
16650,6,train
548,0,train
7424,2,train
6990,2,train
560,0,train
16234,6,train
7334,2,train
12772,4,train
19805,7,train
4795,1,train
15892,5,train
2054,0,train
19473,7,train
4099,1,train
7516,2,train
10812,3,train
11402,3,train
19335,7,train
10355,3,train
7339,2,train
12322,4,train
3616,1,train
6053,2,train
3971,1,train
22446,8,train
8723,2,train
5586,1,train
9534,3,train
13091,4,train
9757,3,train
17539,6,train
6000,2,train
22561,8,train
6575,2,train
20777,7,train
24008,9,train
20045,7,train
2351,0,train
15112,5,train
16124,6,train
8812,2,train
20515,7,train
20173,7,train
10321,3,train
7283,2,train
4359,1,train
6833,2,train
3757,1,train
23321,8,train
18136,6,train
84,0,train
21666,8,train
25597,9,train
553,0,train
12209,4,train
2606,0,train
11885,4,train
26723,9,train
5677,1,train
2333,0,train
285,0,train
1188,0,train
19263,7,train
22804,8,train
237,0,train
21251,7,train
25074,9,train
20293,7,train
7792,2,train
19391,7,train
20657,7,train
16896,6,train
15126,5,train
20512,7,train
18418,6,train
12003,4,train
19870,7,train
16602,6,train
14134,5,train
23343,8,train
15128,5,train
6355,2,train
12277,4,train
22005,8,train
11629,4,train
21664,8,train
1510,0,train
5570,1,train
1486,0,train
1220,0,train
14898,5,train
6376,2,train
4919,1,train
12621,4,train
26660,9,train
8171,2,train
14351,5,train
18598,7,train
3166,1,train
2460,0,train
14490,5,train
15903,5,train
26398,9,train
10475,3,train
6911,2,train
16057,6,train
26206,9,train
23550,8,train
948,0,train
23794,8,train
20422,7,train
4802,1,train
11009,3,train
3255,1,train
2626,0,train
16654,6,train
33,0,train
24354,9,train
17751,6,train
10621,3,train
10408,3,train
18033,6,train
12358,4,train
4352,1,train
5286,1,train
25602,9,train
3624,1,train
25361,9,train
26936,9,train
2161,0,train
16634,6,train
20031,7,train
215,0,train
1600,0,train
24865,9,train
19492,7,train
11226,3,train
19535,7,train
26288,9,train
25641,9,train
10481,3,train
25129,9,train
2250,0,train
737,0,train
8607,2,train
8030,2,train
14437,5,train
2285,0,train
13177,4,train
18561,7,train
4426,1,train
4873,1,train
1022,0,train
10765,3,train
22540,8,train
25231,9,train
21755,8,train
20928,7,train
11827,4,train
8583,2,train
4389,1,train
8424,2,train
22685,8,train
12722,4,train
14505,5,train
15727,5,train
15537,5,train
7373,2,train
24578,9,train
2758,0,train
8152,2,train
8111,2,train
7826,2,train
913,0,train
16994,6,train
7978,2,train
6252,2,train
21847,8,train
22041,8,train
17778,6,train
2828,0,train
22487,8,train
4963,1,train
7096,2,train
20849,7,train
19400,7,train
9230,3,train
9399,3,train
23801,8,train
11407,3,train
16387,6,train
21881,8,train
22352,8,train
11786,4,train
7155,2,train
17518,6,train
14915,5,train
10759,3,train
1406,0,train
3029,1,train
2347,0,train
25711,9,train
12433,4,train
17108,6,train
17014,6,train
3199,1,train
20091,7,train
21340,7,train
10898,3,train
2378,0,train
9033,3,train
20187,7,train
9341,3,train
17652,6,train
12257,4,train
23883,8,train
2362,0,train
25073,9,train
15459,5,train
22279,8,train
24485,9,train
26330,9,train
15152,5,train
26535,9,train
12178,4,train
5889,1,train
13746,4,train
23237,8,train
7151,2,train
4468,1,train
11350,3,train
20561,7,train
7986,2,train
1202,0,train
3409,1,train
15409,5,train
22058,8,train
9231,3,train
917,0,train
15942,5,train
6930,2,train
13022,4,train
18480,6,train
15393,5,train
371,0,train
25638,9,train
1963,0,train
23210,8,train
6211,2,train
7752,2,train
5355,1,train
9008,3,train
25768,9,train
16931,6,train
14381,5,train
13338,4,train
25031,9,train
9314,3,train
6519,2,train
17259,6,train
2508,0,train
16076,6,train
20190,7,train
3281,1,train
13298,4,train
1125,0,train
22851,8,train
15020,5,train
20226,7,train
15569,5,train
25885,9,train
5208,1,train
4903,1,train
16255,6,train
23685,8,train
13269,4,train
7186,2,train
13539,4,train
18212,6,train
5167,1,train
24006,9,train
9828,3,train
4763,1,train
26321,9,train
3100,1,train
1915,0,train
26259,9,train
3272,1,train
25819,9,train
2501,0,train
26218,9,train
9215,3,train
1738,0,train
8682,2,train
24948,9,train
22946,8,train
10331,3,train
17344,6,train
8663,2,train
13628,4,train
3672,1,train
18291,6,train
7838,2,train
20615,7,train
2157,0,train
23254,8,train
24101,9,train
7244,2,train
6655,2,train
24817,9,train
3760,1,train
13687,4,train
24953,9,train
18534,7,train
17462,6,train
10670,3,train
17827,6,train
19231,7,train
18208,6,train
8745,2,train
14363,5,train
11503,4,train
3808,1,train
965,0,train
8458,2,train
8990,2,train
18242,6,train
9034,3,train
3190,1,train
16851,6,train
18362,6,train
25892,9,train
4798,1,train
23360,8,train
15615,5,train
5890,1,train
20954,7,train
12954,4,train
22673,8,train
22457,8,train
18229,6,train
6645,2,train
3139,1,train
25030,9,train
24787,9,train
18293,6,train
14327,5,train
5647,1,train
14675,5,train
12850,4,train
16285,6,train
8322,2,train
14492,5,train
13495,4,train
22739,8,train
6332,2,train
22010,8,train
18529,7,train
10424,3,train
23792,8,train
21928,8,train
1990,0,train
13332,4,train
5575,1,train
25713,9,train
24978,9,train
9976,3,train
22422,8,train
7493,2,train
8557,2,train
19629,7,train
18016,6,train
7432,2,train
696,0,train
9468,3,train
20786,7,train
11034,3,train
24141,9,train
2976,0,train
18998,7,train
13549,4,train
26864,9,train
22448,8,train
24377,9,train
18235,6,train
25502,9,train
9964,3,train
6503,2,train
7124,2,train
2519,0,train
7139,2,train
8014,2,train
15964,5,train
10878,3,train
15299,5,train
26480,9,train
1530,0,train
13921,4,train
613,0,train
24273,9,train
13363,4,train
1505,0,train
12929,4,train
3569,1,train
2415,0,train
9624,3,train
7057,2,train
23322,8,train
174,0,train
26434,9,train
24271,9,train
22592,8,train
21689,8,train
18152,6,train
1857,0,train
1340,0,train
12798,4,train
24390,9,train
4989,1,train
26604,9,train
24995,9,train
26187,9,train
15,0,train
20804,7,train
14670,5,train
16656,6,train
8798,2,train
706,0,train
19480,7,train
20537,7,train
24069,9,train
22542,8,train
8189,2,train
2149,0,train
13566,4,train
10093,3,train
18219,6,train
13289,4,train
22493,8,train
26950,9,train
3435,1,train
26491,9,train
3304,1,train
13268,4,train
16734,6,train
25310,9,train
14393,5,train
21124,7,train
22315,8,train
23878,8,train
6163,2,train
15204,5,train
7654,2,train
16737,6,train
348,0,train
20019,7,train
17064,6,train
19163,7,train
17441,6,train
19953,7,train
7684,2,train
14643,5,train
23173,8,train
10132,3,train
7482,2,train
19025,7,train
8393,2,train
16423,6,train
21828,8,train
14545,5,train
14728,5,train
907,0,train
9343,3,train
676,0,train
11552,4,train
25330,9,train
3323,1,train
21211,7,train
15178,5,train
25868,9,train
1270,0,train
12220,4,train
6400,2,train
23454,8,train
13530,4,train
13843,4,train
25057,9,train
4959,1,train
12520,4,train
18780,7,train
4779,1,train
22983,8,train
415,0,train
24061,9,train
12992,4,train
8250,2,train
11451,3,train
6043,2,train
25182,9,train
15859,5,train
1741,0,train
22703,8,train
3706,1,train
25905,9,train
24668,9,train
21468,7,train
5094,1,train
15406,5,train
18414,6,train
5480,1,train
22701,8,train
13968,4,train
18049,6,train
1752,0,train
17839,6,train
11765,4,train
6761,2,train
326,0,train
4470,1,train
21571,8,train
18668,7,train
3038,1,train
1208,0,train
20195,7,train
6372,2,train
5065,1,train
2841,0,train
20683,7,train
305,0,train
3172,1,train
11878,4,train
17205,6,train
20722,7,train
2293,0,train
3233,1,train
15614,5,train
12138,4,train
9054,3,train
5332,1,train
20410,7,train
11442,3,train
12549,4,train
11004,3,train
26465,9,train
22751,8,train
12311,4,train
10574,3,train
5910,1,train
16258,6,train
25652,9,train
19043,7,train
3268,1,train
25879,9,train
3183,1,train
15212,5,train
13836,4,train
5954,1,train
24058,9,train
21809,8,train
24561,9,train
7924,2,train
16838,6,train
1532,0,train
19955,7,train
24501,9,train
19485,7,train
15648,5,train
10073,3,train
15765,5,train
14610,5,train
1609,0,train
4844,1,train
4689,1,train
14772,5,train
22255,8,train
22395,8,train
26958,9,train
25170,9,train
20140,7,train
12631,4,train
3988,1,train
10720,3,train
12747,4,train
23016,8,train
13375,4,train
14636,5,train
3947,1,train
19091,7,train
10260,3,train
7442,2,train
16646,6,train
16908,6,train
24456,9,train
10980,3,train
23485,8,train
9474,3,train
17051,6,train
23195,8,train
20110,7,train
26575,9,train
25917,9,train
1886,0,train
22880,8,train
19364,7,train
5693,1,train
7892,2,train
8265,2,train
6872,2,train
21742,8,train
19171,7,train
10751,3,train
12219,4,train
18094,6,train
6774,2,train
18223,6,train
10661,3,train
19880,7,train
10906,3,train
25569,9,train
26974,9,train
14275,5,train
8617,2,train
24364,9,train
18498,6,train
15239,5,train
18348,6,train
21167,7,train
4609,1,train
19416,7,train
14655,5,train
5880,1,train
9111,3,train
21237,7,train
14138,5,train
25866,9,train
20484,7,train
22601,8,train
20663,7,train
7520,2,train
24571,9,train
31,0,train
5884,1,train
18951,7,train
6268,2,train
26164,9,train
20664,7,train
18718,7,train
12958,4,train
4306,1,train
24802,9,train
17883,6,train
20267,7,train
7581,2,train
17355,6,train
2884,0,train
5002,1,train
24844,9,train
8195,2,train
1025,0,train
1097,0,train
5027,1,train
2955,0,train
19118,7,train
5143,1,train
3257,1,train
16844,6,train
8497,2,train
10068,3,train
8902,2,train
19154,7,train
23042,8,train
25022,9,train
5240,1,train
10636,3,train
6161,2,train
12907,4,train
3730,1,train
11708,4,train
26888,9,train
18959,7,train
20658,7,train
15475,5,train
17760,6,train
17650,6,train
2605,0,train
8882,2,train
11874,4,train
173,0,train
19767,7,train
11648,4,train
16025,6,train
4837,1,train
3127,1,train
21418,7,train
15234,5,train
1956,0,train
8324,2,train
3751,1,train
23447,8,train
704,0,train
3922,1,train
734,0,train
12697,4,train
16673,6,train
25707,9,train
21901,8,train
14173,5,train
22715,8,train
4084,1,train
18374,6,train
8866,2,train
9202,3,train
15045,5,train
10472,3,train
22690,8,train
3613,1,train
14860,5,train
22198,8,train
22272,8,train
1299,0,train
25666,9,train
5668,1,train
2319,0,train
9582,3,train
18159,6,train
710,0,train
18434,6,train
10760,3,train
13656,4,train
12731,4,train
2634,0,train
9500,3,train
16571,6,train
13620,4,train
19035,7,train
15444,5,train
17909,6,train
13783,4,train
24740,9,train
8570,2,train
11287,3,train
8735,2,train
1285,0,train
10937,3,train
19120,7,train
8274,2,train
9772,3,train
17141,6,train
26647,9,train
19948,7,train
1196,0,train
12553,4,train
934,0,train
16495,6,train
7328,2,train
11104,3,train
25542,9,train
4083,1,train
2078,0,train
5278,1,train
12012,4,train
1666,0,train
22728,8,train
7481,2,train
3809,1,train
1364,0,train
5820,1,train
4898,1,train
26777,9,train
13865,4,train
8013,2,train
6048,2,train
12587,4,train
18132,6,train
16711,6,train
2040,0,train
22842,8,train
14762,5,train
22102,8,train
7256,2,train
21161,7,train
1547,0,train
2594,0,train
8718,2,train
12187,4,train
12659,4,train
23790,8,train
7126,2,train
12574,4,train
6182,2,train
10580,3,train
24226,9,train
22434,8,train
25755,9,train
4425,1,train
14352,5,train
9015,3,train
3482,1,train
15181,5,train
2964,0,train
4939,1,train
4343,1,train
14537,5,train
11010,3,train
25485,9,train
2373,0,train
13923,4,train
2906,0,train
15823,5,train
8169,2,train
23825,8,train
9494,3,train
4545,1,train
17448,6,train
4764,1,train
18001,6,train
8306,2,train
22513,8,train
14867,5,train
24966,9,train
18341,6,train
18774,7,train
5947,1,train
12898,4,train
10367,3,train
25465,9,train
15626,5,train
25818,9,train
18335,6,train
18650,7,train
24112,9,train
4375,1,train
7278,2,train
15490,5,train
7970,2,train
25824,9,train
22261,8,train
7790,2,train
21800,8,train
24881,9,train
25623,9,train
9546,3,train
18859,7,train
10753,3,train
8930,2,train
10363,3,train
3697,1,train
20582,7,train
16462,6,train
14348,5,train
13075,4,train
23310,8,train
3262,1,train
25380,9,train
23146,8,train
2263,0,train
1521,0,train
20828,7,train
26654,9,train
10522,3,train
6096,2,train
1283,0,train
188,0,train
17096,6,train
3571,1,train
9668,3,train
24828,9,train
23885,8,train
9997,3,train
18269,6,train
1425,0,train
14404,5,train
15427,5,train
1336,0,train
16094,6,train
11236,3,train
5106,1,train
18738,7,train
5826,1,train
17645,6,train
8421,2,train
18323,6,train
5108,1,train
26032,9,train
9564,3,train
22956,8,train
16877,6,train
2780,0,train
4245,1,train
22637,8,train
21938,8,train
15856,5,train
2810,0,train
8561,2,train
13418,4,train
15895,5,train
16428,6,train
7619,2,train
21290,7,train
23128,8,train
26456,9,train
6836,2,train
20904,7,train
15040,5,train
4173,1,train
11345,3,train
11379,3,train
16441,6,train
9662,3,train
1543,0,train
5435,1,train
9409,3,train
13753,4,train
23938,8,train
20864,7,train
16003,6,train
18163,6,train
2540,0,train
12126,4,train
8225,2,train
17988,6,train
2591,0,train
22507,8,train
5687,1,train
22686,8,train
10057,3,train
12700,4,train
7356,2,train
21522,8,train
17296,6,train
6485,2,train
12748,4,train
1457,0,train
1614,0,train
17806,6,train
1658,0,train
12048,4,train
17278,6,train
20619,7,train
22019,8,train
8102,2,train
1777,0,train
15000,5,train
12858,4,train
12768,4,train
7219,2,train
13918,4,train
5370,1,train
12204,4,train
22531,8,train
314,0,train
10669,3,train
5876,1,train
17129,6,train
14113,5,train
23098,8,train
15783,5,train
10477,3,train
1939,0,train
4596,1,train
4744,1,train
7235,2,train
14062,5,train
3322,1,train
11877,4,train
23939,8,train
11895,4,train
1671,0,train
4218,1,train
9710,3,train
24597,9,train
17834,6,train
16764,6,train
5165,1,train
19141,7,train
5181,1,train
13384,4,train
16190,6,train
1213,0,train
15630,5,train
3746,1,train
1223,0,train
21596,8,train
17016,6,train
4726,1,train
3422,1,train
10608,3,train
10427,3,train
1085,0,train
16732,6,train
10572,3,train
4194,1,train
6799,2,train
6243,2,train
21206,7,train
11318,3,train
9795,3,train
1861,0,train
48,0,train
15551,5,train
19493,7,train
1117,0,train
23356,8,train
12482,4,train
1601,0,train
2784,0,train
16525,6,train
15815,5,train
2664,0,train
22708,8,train
21733,8,train
11337,3,train
5087,1,train
13225,4,train
23231,8,train
11306,3,train
4341,1,train
17528,6,train
9415,3,train
10328,3,train
26081,9,train
480,0,train
3528,1,train
18978,7,train
26452,9,train
2614,0,train
21010,7,train
2280,0,train
24702,9,train
15205,5,train
1399,0,train
19155,7,train
4516,1,train
26778,9,train
4869,1,train
20588,7,train
2665,0,train
19536,7,train
8923,2,train
8056,2,train
17906,6,train
2321,0,train
3291,1,train
3783,1,train
1567,0,train
2688,0,train
22696,8,train
9506,3,train
1551,0,train
5253,1,train
19895,7,train
23624,8,train
7928,2,train
370,0,train
14294,5,train
4077,1,train
18871,7,train
6895,2,train
23421,8,train
3093,1,train
10249,3,train
547,0,train
11414,3,train
25653,9,train
24776,9,train
26788,9,train
453,0,train
19638,7,train
12578,4,train
4466,1,train
8035,2,train
610,0,train
11143,3,train
13624,4,train
21989,8,train
16101,6,train
24070,9,train
13186,4,train
3517,1,train
8073,2,train
24278,9,train
2669,0,train
12177,4,train
2015,0,train
17888,6,train
6331,2,train
15837,5,train
7685,2,train
24,0,train
16658,6,train
6917,2,train
11528,4,train
12573,4,train
18067,6,train
22478,8,train
1640,0,train
5983,1,train
18438,6,train
5362,1,train
1739,0,train
18181,6,train
10167,3,train
2694,0,train
14069,5,train
12763,4,train
4992,1,train
20284,7,train
15670,5,train
9232,3,train
16647,6,train
6904,2,train
26707,9,train
17020,6,train
19555,7,train
1940,0,train
20440,7,train
842,0,train
24943,9,train
15149,5,train
25037,9,train
820,0,train
13625,4,train
7851,2,train
7476,2,train
19293,7,train
5333,1,train
13756,4,train
17322,6,train
23856,8,train
3472,1,train
416,0,train
8081,2,train
10798,3,train
4532,1,train
23828,8,train
6033,2,train
13519,4,train
20629,7,train
123,0,train
19344,7,train
14527,5,train
11541,4,train
2689,0,train
8339,2,train
13359,4,train
22285,8,train
9771,3,train
14707,5,train
7460,2,train
19158,7,train
20017,7,train
24196,9,train
8178,2,train
24707,9,train
13692,4,train
1427,0,train
778,0,train
14009,5,train
14613,5,train
12891,4,train
14551,5,train
15912,5,train
5600,1,train
22618,8,train
17370,6,train
25455,9,train
6349,2,train
11636,4,train
12884,4,train
7320,2,train
21728,8,train
21668,8,train
16955,6,train
25433,9,train
7040,2,train
11890,4,train
24945,9,train
13060,4,train
12771,4,train
7863,2,train
6262,2,train
12341,4,train
19742,7,train
322,0,train
13084,4,train
19755,7,train
14311,5,train
14152,5,train
583,0,train
17493,6,train
636,0,train
10967,3,train
7564,2,train
4619,1,train
26986,9,train
24933,9,train
11969,4,train
20652,7,train
20221,7,train
14256,5,train
20531,7,train
13329,4,train
10541,3,train
10446,3,train
3236,1,train
5444,1,train
21222,7,train
7134,2,train
14038,5,train
16657,6,train
17385,6,train
13453,4,train
23331,8,train
21171,7,train
22758,8,train
5098,1,train
1913,0,train
24227,9,train
3485,1,train
11628,4,train
26618,9,train
14037,5,train
3553,1,train
19073,7,train
2926,0,train
25200,9,train
8924,2,train
13178,4,train
15341,5,train
24777,9,train
11395,3,train
20935,7,train
11702,4,train
14668,5,train
6932,2,train
16983,6,train
8382,2,train
18430,6,train
9101,3,train
21932,8,train
15403,5,train
2404,0,train
6682,2,train
6136,2,train
1058,0,train
20203,7,train
13669,4,train
2426,0,train
15983,5,train
626,0,train
3722,1,train
1179,0,train
4814,1,train
17043,6,train
5294,1,train
8592,2,train
18559,7,train
16710,6,train
19600,7,train
18700,7,train
16232,6,train
14267,5,train
10887,3,train
12289,4,train
7707,2,train
3437,1,train
9511,3,train
23326,8,train
11975,4,train
5178,1,train
19837,7,train
23357,8,train
3008,1,train
25550,9,train
1615,0,train
14622,5,train
9115,3,train
15392,5,train
2952,0,train
13174,4,train
11789,4,train
21114,7,train
13400,4,train
20888,7,train
7862,2,train
9911,3,train
19392,7,train
12266,4,train
3707,1,train
14746,5,train
17026,6,train
16582,6,train
19265,7,train
12875,4,train
8452,2,train
24539,9,train
1804,0,train
331,0,train
17899,6,train
23806,8,train
21977,8,train
6014,2,train
16029,6,train
11846,4,train
22241,8,train
15456,5,train
735,0,train
6164,2,train
13804,4,train
16153,6,train
5781,1,train
14142,5,train
8620,2,train
2398,0,train
11690,4,train
17559,6,train
15348,5,train
6858,2,train
15712,5,train
13987,4,train
12736,4,train
17903,6,train
11684,4,train
15458,5,train
23582,8,train
16017,6,train
23977,8,train
6692,2,train
1273,0,train
15924,5,train
26200,9,train
18656,7,train
17009,6,train
22998,8,train
1691,0,train
26310,9,train
2525,0,train
19962,7,train
3645,1,train
8180,2,train
26504,9,train
15295,5,train
888,0,train
4881,1,train
9096,3,train
5417,1,train
16892,6,train
7975,2,train
9456,3,train
14231,5,train
11586,4,train
973,0,train
3638,1,train
13989,4,train
2750,0,train
8474,2,train
10133,3,train
24659,9,train
18717,7,train
1779,0,train
209,0,train
21031,7,train
20613,7,train
6303,2,train
9641,3,train
644,0,train
15019,5,train
19285,7,train
7543,2,train
6002,2,train
25319,9,train
18788,7,train
19526,7,train
18552,7,train
8975,2,train
10295,3,train
25794,9,train
10499,3,train
22499,8,train
18923,7,train
10404,3,train
18509,7,train
15806,5,train
17925,6,train
23080,8,train
18238,6,train
6887,2,train
23061,8,train
26947,9,train
23175,8,train
21410,7,train
9925,3,train
11334,3,train
15601,5,train
3772,1,train
22826,8,train
14878,5,train
16537,6,train
4567,1,train
16324,6,train
22576,8,train
4908,1,train
18187,6,train
4977,1,train
20710,7,train
14066,5,train
17221,6,train
21043,7,train
18790,7,train
21127,7,train
6150,2,train
17307,6,train
23670,8,train
26733,9,train
21269,7,train
5514,1,train
21129,7,train
25807,9,train
26610,9,train
18630,7,train
23943,8,train
13970,4,train
21572,8,train
2517,0,train
14189,5,train
16868,6,train
13609,4,train
24121,9,train
3464,1,train
23699,8,train
3598,1,train
21937,8,train
20415,7,train
3679,1,train
4613,1,train
13296,4,train
12499,4,train
7700,2,train
13319,4,train
7946,2,train
7788,2,train
7807,2,train
16508,6,train
22426,8,train
23495,8,train
20308,7,train
8127,2,train
25196,9,train
20799,7,train
7107,2,train
10676,3,train
5646,1,train
23087,8,train
26468,9,train
15963,5,train
25166,9,train
19085,7,train
10671,3,train
26891,9,train
23911,8,train
10211,3,train
13302,4,train
16347,6,train
20530,7,train
26744,9,train
22365,8,train
25669,9,train
25890,9,train
7629,2,train
15502,5,train
20279,7,train
3960,1,train
26322,9,train
303,0,train
25492,9,train
4027,1,train
24737,9,train
21966,8,train
10301,3,train
9214,3,train
16007,6,train
16097,6,train
18280,6,train
11084,3,train
9351,3,train
10128,3,train
7446,2,train
4926,1,train
10626,3,train
19932,7,train
23228,8,train
22567,8,train
16519,6,train
18995,7,train
8903,2,train
18218,6,train
13729,4,train
25543,9,train
22650,8,train
17175,6,train
8304,2,train
23641,8,train
24874,9,train
17643,6,train
12770,4,train
8978,2,train
23366,8,train
15559,5,train
23715,8,train
17824,6,train
23796,8,train
23503,8,train
15073,5,train
11006,3,train
23543,8,train
16225,6,train
19899,7,train
21475,7,train
16799,6,train
18918,7,train
13841,4,train
1754,0,train
1588,0,train
13404,4,train
8409,2,train
6214,2,train
19785,7,train
2020,0,train
10627,3,train
21292,7,train
9482,3,train
15263,5,train
6399,2,train
19049,7,train
26251,9,train
13789,4,train
6345,2,train
13189,4,train
25806,9,train
5351,1,train
15211,5,train
69,0,train
21679,8,train
10534,3,train
26813,9,train
12923,4,train
19223,7,train
3996,1,train
18615,7,train
6278,2,train
21737,8,train
12868,4,train
7675,2,train
25389,9,train
8445,2,train
26073,9,train
4149,1,train
16146,6,train
7017,2,train
3395,1,train
5695,1,train
10988,3,train
26576,9,train
19312,7,train
23324,8,train
26190,9,train
6829,2,train
10219,3,train
14423,5,train
3572,1,train
288,0,train
6754,2,train
14087,5,train
25871,9,train
4804,1,train
22662,8,train
26802,9,train
17476,6,train
17610,6,train
11928,4,train
12554,4,train
1462,0,train
25797,9,train
7122,2,train
15033,5,train
7415,2,train
22210,8,train
26249,9,train
13261,4,train
18903,7,train
19575,7,train
26631,9,train
17802,6,train
18576,7,train
14343,5,train
25658,9,train
25404,9,train
2262,0,train
26458,9,train
6789,2,train
24998,9,train
22180,8,train
5200,1,train
10570,3,train
1195,0,train
7774,2,train
16265,6,train
21018,7,train
21509,8,train
124,0,train
24766,9,train
19238,7,train
15540,5,train
20671,7,train
7453,2,train
4324,1,train
8320,2,train
23872,8,train
24294,9,train
21778,8,train
10412,3,train
5223,1,train
4100,1,train
25830,9,train
1525,0,train
12730,4,train
5832,1,train
24097,9,train
16096,6,train
11479,3,train
9044,3,train
26062,9,train
21529,8,train
2839,0,train
11940,4,train
23211,8,train
3110,1,train
23511,8,train
14041,5,train
26275,9,train
24690,9,train
22755,8,train
14750,5,train
10665,3,train
15572,5,train
7297,2,train
20008,7,train
8900,2,train
26088,9,train
2303,0,train
3290,1,train
7450,2,train
26648,9,train
13309,4,train
8434,2,train
14165,5,train
22029,8,train
9037,3,train
4438,1,train
15654,5,train
12156,4,train
14606,5,train
12594,4,train
26276,9,train
6518,2,train
22532,8,train
8278,2,train
8664,2,train
14029,5,train
20827,7,train
2440,0,train
4529,1,train
23709,8,train
694,0,train
24187,9,train
22135,8,train
24554,9,train
24235,9,train
8863,2,train
14816,5,train
12521,4,train
5745,1,train
5337,1,train
20505,7,train
23914,8,train
16456,6,train
5032,1,train
20880,7,train
5388,1,train
731,0,train
21929,8,train
4215,1,train
6810,2,train
2723,0,train
16671,6,train
16921,6,train
16819,6,train
13274,4,train
7686,2,train
269,0,train
8636,2,train
11467,3,train
26866,9,train
10946,3,train
9960,3,train
18765,7,train
2096,0,train
24107,9,train
11408,3,train
1979,0,train
942,0,train
2536,0,train
26093,9,train
7440,2,train
24064,9,train
20752,7,train
15057,5,train
6007,2,train
14534,5,train
23368,8,train
6644,2,train
13488,4,train
20023,7,train
23620,8,train
11481,3,train
16630,6,train
18164,6,train
12589,4,train
16986,6,train
11633,4,train
23287,8,train
15682,5,train
6922,2,train
10173,3,train
3250,1,train
8913,2,train
7963,2,train
8242,2,train
15151,5,train
24057,9,train
14308,5,train
10683,3,train
4665,1,train
6959,2,train
24621,9,train
12169,4,train
9460,3,train
2733,0,train
13417,4,train
1013,0,train
10319,3,train
10384,3,train
24339,9,train
12892,4,train
2167,0,train
18420,6,train
8053,2,train
6309,2,train
10836,3,train
21949,8,train
16044,6,train
24515,9,train
4235,1,train
19057,7,train
1010,0,train
16157,6,train
18554,7,train
20856,7,train
18944,7,train
26097,9,train
26441,9,train
8315,2,train
17660,6,train
13770,4,train
13764,4,train
24237,9,train
17456,6,train
23418,8,train
13188,4,train
21365,7,train
17631,6,train
26791,9,train
16974,6,train
11650,4,train
9840,3,train
16346,6,train
20099,7,train
5522,1,train
24173,9,train
8943,2,train
2800,0,train
25536,9,train
17444,6,train
23871,8,train
22992,8,train
4921,1,train
26837,9,train
19765,7,train
57,0,train
16361,6,train
22258,8,train
14080,5,train
16118,6,train
12580,4,train
24809,9,train
2932,0,train
5475,1,train
25710,9,train
25217,9,train
15077,5,train
26496,9,train
15735,5,train
9666,3,train
12287,4,train
18440,6,train
7499,2,train
6569,2,train
16247,6,train
25115,9,train
2159,0,train
1061,0,train
13325,4,train
6822,2,train
18333,6,train
26690,9,train
21407,7,train
6098,2,train
25181,9,train
11228,3,train
11692,4,train
25723,9,train
5521,1,train
11354,3,train
873,0,train
22013,8,train
24973,9,train
7827,2,train
22373,8,train
3980,1,train
5472,1,train
12035,4,train
22066,8,train
17067,6,train
6864,2,train
21062,7,train
9404,3,train
22528,8,train
21648,8,train
19304,7,train
17122,6,train
21347,7,train
9884,3,train
16216,6,train
3565,1,train
18394,6,train
23470,8,train
6844,2,train
4454,1,train
15257,5,train
16049,6,train
6952,2,train
11356,3,train
10853,3,train
4094,1,train
26570,9,train
26153,9,train
9353,3,train
19682,7,train
5192,1,train
13149,4,train
14673,5,train
15650,5,train
401,0,train
16476,6,train
16223,6,train
9459,3,train
20054,7,train
451,0,train
17467,6,train
5179,1,train
14181,5,train
6314,2,train
15701,5,train
10560,3,train
1288,0,train
20609,7,train
3559,1,train
4653,1,train
17994,6,train
11429,3,train
26165,9,train
14427,5,train
3204,1,train
18573,7,train
1545,0,train
25097,9,train
4990,1,train
12667,4,train
17162,6,train
5767,1,train
21226,7,train
14808,5,train
25202,9,train
16360,6,train
22936,8,train
11263,3,train
17861,6,train
10333,3,train
24779,9,train
6602,2,train
26437,9,train
18684,7,train
14634,5,train
10818,3,train
2176,0,train
20956,7,train
9417,3,train
1370,0,train
2908,0,train
10707,3,train
14116,5,train
4409,1,train
12603,4,train
19874,7,train
15850,5,train
25557,9,train
20705,7,train
15250,5,train
23525,8,train
14093,5,train
426,0,train
14443,5,train
2151,0,train
23751,8,train
1230,0,train
17367,6,train
22036,8,train
22385,8,train
18850,7,train
14855,5,train
25524,9,train
6716,2,train
11367,3,train
14924,5,train
26173,9,train
808,0,train
6417,2,train
2028,0,train
312,0,train
12346,4,train
7976,2,train
10685,3,train
17272,6,train
831,0,train
14745,5,train
25448,9,train
25152,9,train
8755,2,train
238,0,train
20437,7,train
20729,7,train
15905,5,train
15733,5,train
17186,6,train
552,0,train
7036,2,train
7817,2,train
13397,4,train
19599,7,train
11373,3,train
10523,3,train
16106,6,train
6656,2,train
15103,5,train
21510,8,train
21394,7,train
1394,0,train
25909,9,train
26966,9,train
17945,6,train
17119,6,train
1182,0,train
16846,6,train
5226,1,train
23555,8,train
12396,4,train
9785,3,train
9248,3,train
16329,6,train
22424,8,train
1622,0,train
15269,5,train
23498,8,train
4828,1,train
14828,5,train
18637,7,train
5909,1,train
7575,2,train
54,0,train
11205,3,train
16418,6,train
14887,5,train
23679,8,train
17775,6,train
25672,9,train
23888,8,train
185,0,train
3712,1,train
19023,7,train
23253,8,train
24340,9,train
15243,5,train
5182,1,train
21521,8,train
4643,1,train
17187,6,train
23672,8,train
15899,5,train
3721,1,train
5886,1,train
3728,1,train
18865,7,train
14640,5,train
23761,8,train
10457,3,train
14320,5,train
1361,0,train
7692,2,train
26469,9,train
9479,3,train
19897,7,train
18253,6,train
15109,5,train
25370,9,train
10325,3,train
1103,0,train
2876,0,train
12900,4,train
12014,4,train
6025,2,train
18735,7,train
15398,5,train
11455,3,train
13655,4,train
8404,2,train
5988,1,train
15970,5,train
18566,7,train
7780,2,train
8397,2,train
26982,9,train
24663,9,train
5313,1,train
22862,8,train
15108,5,train
22043,8,train
17053,6,train
12351,4,train
8756,2,train
13262,4,train
4202,1,train
16211,6,train
20193,7,train
19252,7,train
8269,2,train
25256,9,train
14968,5,train
26404,9,train
24900,9,train
5572,1,train
17881,6,train
7452,2,train
12983,4,train
1745,0,train
8077,2,train
25157,9,train
6974,2,train
19776,7,train
22847,8,train
26239,9,train
9570,3,train
13874,4,train
25473,9,train
23787,8,train
1373,0,train
13867,4,train
25318,9,train
16502,6,train
4206,1,train
15154,5,train
8643,2,train
11381,3,train
107,0,train
10909,3,train
23135,8,train
12398,4,train
25581,9,train
7904,2,train
5568,1,train
15284,5,train
7042,2,train
17153,6,train
24384,9,train
23335,8,train
17481,6,train
22105,8,train
6317,2,train
3830,1,train
17960,6,train
15230,5,train
19508,7,train
4066,1,train
18840,7,train
14277,5,train
6251,2,train
13455,4,train
2412,0,train
22841,8,train
26783,9,train
3129,1,train
4598,1,train
12148,4,train
6690,2,train
5141,1,train
7387,2,train
8190,2,train
4623,1,train
14997,5,train
879,0,train
16246,6,train
8700,2,train
22484,8,train
454,0,train
11447,3,train
4153,1,train
26779,9,train
19817,7,train
19373,7,train
1233,0,train
12756,4,train
3041,1,train
19823,7,train
22176,8,train
15740,5,train
14862,5,train
12921,4,train
18453,6,train
13711,4,train
16940,6,train
9489,3,train
9173,3,train
25621,9,train
3535,1,train
3561,1,train
12547,4,train
12342,4,train
20559,7,train
12961,4,train
4477,1,train
11891,4,train
26565,9,train
8430,2,train
12436,4,train
18614,7,train
18895,7,train
6557,2,train
15546,5,train
24113,9,train
14513,5,train
3814,1,train
3319,1,train
23788,8,train
10324,3,train
11747,4,train
6403,2,train
20095,7,train
6718,2,train
12413,4,train
17968,6,train
23551,8,train
18034,6,train
11144,3,train
4287,1,train
25487,9,train
7247,2,train
22325,8,train
23846,8,train
11565,4,train
22510,8,train
26171,9,train
12607,4,train
19409,7,train
23539,8,train
25936,9,train
24986,9,train
4508,1,train
25042,9,train
13430,4,train
18037,6,train
9326,3,train
11783,4,train
23880,8,train
5326,1,train
9778,3,train
9967,3,train
10146,3,train
13043,4,train
26242,9,train
26100,9,train
26594,9,train
18823,7,train
22177,8,train
10274,3,train
22174,8,train
11678,4,train
14752,5,train
9458,3,train
21888,8,train
21368,7,train
26256,9,train
15987,5,train
2582,0,train
21713,8,train
4962,1,train
24120,9,train
18914,7,train
26887,9,train
4929,1,train
13087,4,train
3443,1,train
12080,4,train
13830,4,train
24873,9,train
23417,8,train
3662,1,train
21780,8,train
4505,1,train
8537,2,train
11386,3,train
2428,0,train
12335,4,train
26342,9,train
10380,3,train
17527,6,train
18101,6,train
22999,8,train
8573,2,train
14819,5,train
12267,4,train
22298,8,train
24063,9,train
22026,8,train
101,0,train
21221,7,train
17430,6,train
20855,7,train
3596,1,train
5945,1,train
23383,8,train
14257,5,train
26442,9,train
10064,3,train
13342,4,train
5540,1,train
4911,1,train
24477,9,train
18517,7,train
9116,3,train
23754,8,train
26098,9,train
3473,1,train
3924,1,train
12572,4,train
6323,2,train
3345,1,train
23532,8,train
5275,1,train
16152,6,train
17170,6,train
22572,8,train
341,0,train
18590,7,train
20100,7,train
2826,0,train
1926,0,train
19976,7,train
9334,3,train
692,0,train
22568,8,train
22361,8,train
22559,8,train
25687,9,train
7070,2,train
11902,4,train
25047,9,train
25564,9,train
23133,8,train
14512,5,train
16081,6,train
6543,2,train
19856,7,train
6347,2,train
572,0,train
8009,2,train
15906,5,train
25155,9,train
13457,4,train
15007,5,train
457,0,train
12165,4,train
2259,0,train
23509,8,train
24941,9,train
26815,9,train
26817,9,train
17395,6,train
10712,3,train
18138,6,train
13232,4,train
26938,9,train
8707,2,train
4867,1,train
23488,8,train
668,0,train
10785,3,train
5896,1,train
8650,2,train
1378,0,train
17199,6,train
9192,3,train
20352,7,train
21782,8,train
18483,6,train
21493,7,train
22922,8,train
24277,9,train
14229,5,train
18273,6,train
23185,8,train
16332,6,train
18246,6,train
17055,6,train
1809,0,train
4486,1,train
11800,4,train
14331,5,train
11942,4,train
14965,5,train
13038,4,train
1105,0,train
23773,8,train
18820,7,train
22626,8,train
7237,2,train
9895,3,train
3428,1,train
24047,9,train
13838,4,train
9883,3,train
23378,8,train
22684,8,train
20446,7,train
8270,2,train
4269,1,train
11863,4,train
4262,1,train
15660,5,train
15544,5,train
10476,3,train
10286,3,train
9212,3,train
12845,4,train
21058,7,train
16283,6,train
24781,9,train
2323,0,train
2581,0,train
8188,2,train
5801,1,train
19559,7,train
1937,0,train
15742,5,train
1825,0,train
5287,1,train
19726,7,train
14864,5,train
8058,2,train
14304,5,train
15562,5,train
16745,6,train
20523,7,train
9418,3,train
3098,1,train
16553,6,train
3316,1,train
15510,5,train
15412,5,train
26141,9,train
23132,8,train
17865,6,train
10681,3,train
10011,3,train
5713,1,train
7075,2,train
20241,7,train
3574,1,train
18066,6,train
14933,5,train
23898,8,train
24003,9,train
9154,3,train
21490,7,train
14162,5,train
5356,1,train
10591,3,train
14418,5,train
6977,2,train
6175,2,train
6297,2,train
14109,5,train
17019,6,train
23628,8,train
20795,7,train
2959,0,train
24322,9,train
11630,4,train
4887,1,train
7220,2,train
7372,2,train
4983,1,train
1957,0,train
16357,6,train
7132,2,train
7653,2,train
22242,8,train
22988,8,train
14283,5,train
13992,4,train
16485,6,train
24771,9,train
15433,5,train
19432,7,train
14103,5,train
1826,0,train
16381,6,train
12462,4,train
13601,4,train
840,0,train
25213,9,train
16291,6,train
9254,3,train
23137,8,train
5297,1,train
25484,9,train
309,0,train
742,0,train
2715,0,train
4654,1,train
18900,7,train
16224,6,train
19860,7,train
23089,8,train
19165,7,train
20883,7,train
8215,2,train
436,0,train
26294,9,train
2651,0,train
24249,9,train
15570,5,train
11071,3,train
2416,0,train
7402,2,train
16200,6,train
20665,7,train
4481,1,train
14020,5,train
11301,3,train
9193,3,train
16261,6,train
4156,1,train
9685,3,train
5891,1,train
12435,4,train
24579,9,train
21439,7,train
4221,1,train
6412,2,train
5246,1,train
9764,3,train
22400,8,train
22702,8,train
24209,9,train
71,0,train
3738,1,train
1216,0,train
5157,1,train
3020,1,train
2662,0,train
1731,0,train
19798,7,train
26280,9,train
23274,8,train
14980,5,train
19402,7,train
23606,8,train
13710,4,train
24459,9,train
11810,4,train
6254,2,train
6832,2,train
1951,0,train
9505,3,train
10563,3,train
6269,2,train
12903,4,train
7911,2,train
26782,9,train
2526,0,train
5740,1,train
3072,1,train
23762,8,train
8562,2,train
14692,5,train
9492,3,train
2387,0,train
1690,0,train
6946,2,train
7298,2,train
11601,4,train
966,0,train
5066,1,train
7626,2,train
15207,5,train
22905,8,train
26786,9,train
14790,5,train
22967,8,train
19096,7,train
2488,0,train
23857,8,train
24712,9,train
24694,9,train
3401,1,train
543,0,train
5491,1,train
8423,2,train
11076,3,train
22971,8,train
6715,2,train
11482,3,train
26424,9,train
4912,1,train
14996,5,train
11207,3,train
2097,0,train
7760,2,train
5252,1,train
23827,8,train
9493,3,train
4285,1,train
6112,2,train
26611,9,train
18436,6,train
23571,8,train
22609,8,train
26780,9,train
20475,7,train
217,0,train
12109,4,train
13071,4,train
11683,4,train
26902,9,train
4157,1,train
18318,6,train
24631,9,train
4119,1,train
10535,3,train
23035,8,train
25062,9,train
5999,1,train
10370,3,train
17078,6,train
15453,5,train
15919,5,train
22733,8,train
22330,8,train
9962,3,train
9998,3,train
16188,6,train
20546,7,train
24344,9,train
17931,6,train
2648,0,train
4079,1,train
12866,4,train
21657,8,train
12963,4,train
6406,2,train
15587,5,train
15558,5,train
18963,7,train
20862,7,train
25708,9,train
19422,7,train
22649,8,train
12879,4,train
17227,6,train
4462,1,train
5371,1,train
6599,2,train
19993,7,train
10251,3,train
15948,5,train
13716,4,train
2894,0,train
26130,9,train
26143,9,train
17496,6,train
5856,1,train
4418,1,train
20314,7,train
18555,7,train
25584,9,train
5009,1,train
19371,7,train
20574,7,train
16349,6,train
7725,2,train
24206,9,train
22336,8,train
16872,6,train
23817,8,train
22224,8,train
15411,5,train
26533,9,train
24912,9,train
10927,3,train
15267,5,train
8109,2,train
15580,5,train
7696,2,train
20684,7,train
18925,7,train
9367,3,train
9831,3,train
17878,6,train
26489,9,train
22164,8,train
12124,4,train
14581,5,train
10820,3,train
16409,6,train
17174,6,train
24230,9,train
19827,7,train
13320,4,train
20338,7,train
23099,8,train
13608,4,train
5440,1,train
25428,9,train
9554,3,train
11418,3,train
9532,3,train
26167,9,train
18811,7,train
24593,9,train
20740,7,train
10576,3,train
7783,2,train
5980,1,train
8396,2,train
25946,9,train
20108,7,train
914,0,train
1000,0,train
24317,9,train
23301,8,train
18204,6,train
16751,6,train
19942,7,train
5833,1,train
16572,6,train
2177,0,train
3558,1,train
8839,2,train
18885,7,train
21225,7,train
11064,3,train
9049,3,train
18398,6,train
19138,7,train
4458,1,train
5825,1,train
1651,0,train
1499,0,train
14209,5,train
6118,2,train
2113,0,train
21965,8,train
923,0,train
4704,1,train
19663,7,train
1717,0,train
11241,3,train
4485,1,train
7087,2,train
15114,5,train
10284,3,train
3327,1,train
23272,8,train
21858,8,train
10136,3,train
25375,9,train
5738,1,train
17860,6,train
9915,3,train
25012,9,train
13899,4,train
21182,7,train
7572,2,train
3655,1,train
3450,1,train
25668,9,train
8042,2,train
7361,2,train
13408,4,train
18195,6,train
310,0,train
2079,0,train
19565,7,train
20107,7,train
1497,0,train
18548,7,train
10415,3,train
363,0,train
26177,9,train
2867,0,train
20424,7,train
26842,9,train
18288,6,train
23178,8,train
10982,3,train
8954,2,train
15777,5,train
8792,2,train
2392,0,train
5809,1,train
23232,8,train
1271,0,train
14651,5,train
15158,5,train
17164,6,train
871,0,train
11033,3,train
25304,9,train
8151,2,train
9928,3,train
18173,6,train
4702,1,train
3970,1,train
18521,7,train
21151,7,train
891,0,train
1132,0,train
6678,2,train
19128,7,train
1054,0,train
25861,9,train
26598,9,train
7881,2,train
23437,8,train
460,0,train
10463,3,train
892,0,train
18983,7,train
11575,4,train
24039,9,train
8413,2,train
16257,6,train
21597,8,train
21803,8,train
4791,1,train
16948,6,train
18384,6,train
13220,4,train
15501,5,train
12101,4,train
14735,5,train
8513,2,train
16945,6,train
13589,4,train
25585,9,train
13682,4,train
15300,5,train
22933,8,train
2136,0,train
14089,5,train
22342,8,train
15835,5,train
16965,6,train
6708,2,train
21955,8,train
22321,8,train
6521,2,train
17080,6,train
9914,3,train
21954,8,train
11873,4,train
295,0,train
4001,1,train
12344,4,train
12246,4,train
15965,5,train
13858,4,train
15644,5,train
24192,9,train
12184,4,train
9019,3,train
4060,1,train
2920,0,train
12379,4,train
2528,0,train
25744,9,train
12753,4,train
13563,4,train
23714,8,train
17541,6,train
19892,7,train
10600,3,train
24832,9,train
16612,6,train
18303,6,train
24443,9,train
2093,0,train
22060,8,train
243,0,train
4188,1,train
15262,5,train
22622,8,train
1090,0,train
4839,1,train
16963,6,train
10653,3,train
10762,3,train
14218,5,train
24371,9,train
8675,2,train
497,0,train
4376,1,train
8802,2,train
1395,0,train
24406,9,train
16699,6,train
7666,2,train
8375,2,train
2834,0,train
12793,4,train
21960,8,train
5537,1,train
22359,8,train
17646,6,train
13631,4,train
13718,4,train
495,0,train
12429,4,train
17225,6,train
21995,8,train
22200,8,train
13646,4,train
5851,1,train
11347,3,train
17592,6,train
25512,9,train
18612,7,train
16795,6,train
13664,4,train
7756,2,train
18734,7,train
5409,1,train
2130,0,train
19380,7,train
9447,3,train
6114,2,train
14025,5,train
18933,7,train
15771,5,train
9059,3,train
1088,0,train
16389,6,train
13814,4,train
21601,8,train
11323,3,train
8967,2,train
5234,1,train
16047,6,train
3621,1,train
23014,8,train
11797,4,train
12774,4,train
5445,1,train
22623,8,train
10435,3,train
21844,8,train
1381,0,train
18667,7,train
21232,7,train
6354,2,train
16802,6,train
18818,7,train
22957,8,train
18988,7,train
11237,3,train
11574,4,train
18490,6,train
7562,2,train
22691,8,train
746,0,train
21483,7,train
25923,9,train
10730,3,train
2104,0,train
14647,5,train
9333,3,train
18776,7,train
23258,8,train
20507,7,train
26904,9,train
17516,6,train
8777,2,train
6820,2,train
6850,2,train
8893,2,train
22209,8,train
10227,3,train
13124,4,train
3804,1,train
11718,4,train
21702,8,train
20015,7,train
5414,1,train
24667,9,train
3828,1,train
13733,4,train
25531,9,train
1587,0,train
1292,0,train
25607,9,train
14476,5,train
2050,0,train
7771,2,train
19982,7,train
26296,9,train
18325,6,train
1341,0,train
20261,7,train
10675,3,train
23822,8,train
5581,1,train
19797,7,train
12083,4,train
2339,0,train
18819,7,train
21144,7,train
11173,3,train
4030,1,train
5358,1,train
11353,3,train
17054,6,train
18954,7,train
19353,7,train
14470,5,train
7529,2,train
13434,4,train
26755,9,train
18543,7,train
8482,2,train
14153,5,train
6023,2,train
11439,3,train
21712,8,train
17939,6,train
20988,7,train
25289,9,train
17305,6,train
16758,6,train
14906,5,train
10366,3,train
22284,8,train
1559,0,train
20198,7,train
10046,3,train
20893,7,train
26139,9,train
20806,7,train
10020,3,train
6906,2,train
3731,1,train
18145,6,train
910,0,train
14617,5,train
17512,6,train
22774,8,train
23553,8,train
20955,7,train
13535,4,train
21011,7,train
11645,4,train
13371,4,train
13155,4,train
24901,9,train
16351,6,train
3930,1,train
18624,7,train
19865,7,train
6971,2,train
15307,5,train
26134,9,train
16540,6,train
15058,5,train
4284,1,train
17534,6,train
11762,4,train
9274,3,train
17577,6,train
17124,6,train
10113,3,train
3037,1,train
18378,6,train
1927,0,train
18858,7,train
9781,3,train
21271,7,train
24841,9,train
21810,8,train
24680,9,train
3961,1,train
9846,3,train
2126,0,train
12909,4,train
6502,2,train
4832,1,train
7891,2,train
8006,2,train
15980,5,train
14262,5,train
8033,2,train
25511,9,train
19199,7,train
10781,3,train
2057,0,train
18768,7,train
573,0,train
17282,6,train
6305,2,train
5268,1,train
2856,0,train
21395,7,train
1332,0,train
25732,9,train
11460,3,train
16435,6,train
19507,7,train
8614,2,train
19050,7,train
4197,1,train
9516,3,train
23768,8,train
20081,7,train
3471,1,train
22317,8,train
26917,9,train
9308,3,train
16628,6,train
26128,9,train
13740,4,train
14145,5,train
5377,1,train
12427,4,train
8529,2,train
2453,0,train
20695,7,train
14392,5,train
18869,7,train
394,0,train
21494,7,train
21754,8,train
5493,1,train
24749,9,train
5404,1,train
10210,3,train
7363,2,train
5516,1,train
21788,8,train
6260,2,train
21312,7,train
13981,4,train
17185,6,train
18278,6,train
7643,2,train
13773,4,train
17157,6,train
10553,3,train
16154,6,train
16504,6,train
21371,7,train
18070,6,train
12192,4,train
21927,8,train
11935,4,train
18299,6,train
8044,2,train
150,0,train
5715,1,train
22466,8,train
11844,4,train
11614,4,train
7528,2,train
11545,4,train
24531,9,train
4121,1,train
6783,2,train
25997,9,train
15858,5,train
22594,8,train
9051,3,train
10768,3,train
3137,1,train
4025,1,train
9719,3,train
7169,2,train
19070,7,train
10851,3,train
19723,7,train
3735,1,train
11500,4,train
16592,6,train
21175,7,train
2813,0,train
13090,4,train
4955,1,train
16595,6,train
8624,2,train
16973,6,train
6766,2,train
20171,7,train
11133,3,train
4631,1,train
26345,9,train
23592,8,train
14955,5,train
25249,9,train
19675,7,train
18953,7,train
23300,8,train
6796,2,train
7809,2,train
4773,1,train
2086,0,train
22,0,train
7008,2,train
19584,7,train
11985,4,train
17438,6,train
1099,0,train
9528,3,train
15380,5,train
20910,7,train
15995,5,train
9843,3,train
12500,4,train
9205,3,train
26253,9,train
26087,9,train
4334,1,train
11750,4,train
13171,4,train
22039,8,train
6113,2,train
21724,8,train
1772,0,train
2618,0,train
12588,4,train
9863,3,train
22187,8,train
7419,2,train
17896,6,train
12033,4,train
17641,6,train
12918,4,train
18282,6,train
23092,8,train
11905,4,train
10805,3,train
17446,6,train
1279,0,train
21971,8,train
14627,5,train
14172,5,train
3023,1,train
13451,4,train
23369,8,train
5770,1,train
9713,3,train
1874,0,train
12477,4,train
19848,7,train
7183,2,train
18523,7,train
11532,4,train
25968,9,train
8686,2,train
9812,3,train
4164,1,train
1075,0,train
24559,9,train
17203,6,train
15921,5,train
10888,3,train
6016,2,train
1321,0,train
1471,0,train
23104,8,train
24687,9,train
300,0,train
11627,4,train
13273,4,train
23766,8,train
10017,3,train
17692,6,train
20119,7,train
23584,8,train
13313,4,train
2476,0,train
19821,7,train
23280,8,train
12372,4,train
16056,6,train
25337,9,train
17320,6,train
7477,2,train
7776,2,train
16217,6,train
10216,3,train
18445,6,train
26571,9,train
20268,7,train
4495,1,train
11845,4,train
14319,5,train
23591,8,train
18268,6,train
12541,4,train
25043,9,train
14533,5,train
19260,7,train
20166,7,train
12183,4,train
9519,3,train
1849,0,train
25050,9,train
11097,3,train
7655,2,train
20485,7,train
6206,2,train
11682,4,train
24678,9,train
20747,7,train
1392,0,train
5117,1,train
19991,7,train
8760,2,train
25588,9,train
17817,6,train
6868,2,train
23589,8,train
26896,9,train
701,0,train
10239,3,train
22038,8,train
9423,3,train
5284,1,train
24566,9,train
25009,9,train
14604,5,train
20390,7,train
11284,3,train
23203,8,train
7195,2,train
7992,2,train
13283,4,train
9166,3,train
15266,5,train
12163,4,train
13534,4,train
3438,1,train
22485,8,train
10817,3,train
7,0,train
10411,3,train
26245,9,train
20802,7,train
23405,8,train
22830,8,train
10528,3,train
11617,4,train
16299,6,train
14868,5,train
19716,7,train
8564,2,train
18805,7,train
25518,9,train
13791,4,train
1769,0,train
10460,3,train
16220,6,train
26333,9,train
2441,0,train
11159,3,train
10140,3,train
3606,1,train
4305,1,train
18375,6,train
3295,1,train
14674,5,train
5212,1,train
18072,6,train
19861,7,train
19613,7,train
11605,4,train
26517,9,train
16116,6,train
10976,3,train
9703,3,train
4073,1,train
13611,4,train
8340,2,train
15389,5,train
25716,9,train
5547,1,train
8157,2,train
115,0,train
13762,4,train
3300,1,train
23111,8,train
18826,7,train
21767,8,train
21070,7,train
13479,4,train
8463,2,train
11086,3,train
5768,1,train
22789,8,train
25974,9,train
16014,6,train
25549,9,train
21324,7,train
13508,4,train
8505,2,train
15240,5,train
5961,1,train
22375,8,train
1123,0,train
13464,4,train
21075,7,train
18381,6,train
23065,8,train
17260,6,train
12598,4,train
10450,3,train
12400,4,train
22460,8,train
9949,3,train
19273,7,train
16036,6,train
8981,2,train
26830,9,train
10850,3,train
5203,1,train
22024,8,train
15434,5,train
20692,7,train
16425,6,train
19288,7,train
10726,3,train
3537,1,train
5857,1,train
25021,9,train
15377,5,train
5142,1,train
5548,1,train
4775,1,train
15419,5,train
11688,4,train
21998,8,train
9024,3,train
15127,5,train
163,0,train
22076,8,train
2403,0,train
25077,9,train
14378,5,train
25482,9,train
9246,3,train
6489,2,train
15054,5,train
1962,0,train
3412,1,train
24520,9,train
368,0,train
17335,6,train
25220,9,train
14332,5,train
24180,9,train
16091,6,train
20273,7,train
23567,8,train
7994,2,train
9187,3,train
12278,4,train
19117,7,train
10771,3,train
10442,3,train
17182,6,train
9283,3,train
25153,9,train
5190,1,train
21764,8,train
20987,7,train
11267,3,train
425,0,train
8982,2,train
13196,4,train
7147,2,train
17004,6,train
1193,0,train
8677,2,train
442,0,train
4879,1,train
10107,3,train
20431,7,train
24940,9,train
9636,3,train
25577,9,train
24951,9,train
18740,7,train
7348,2,train
24665,9,train
8669,2,train
3702,1,train
7849,2,train
10086,3,train
7327,2,train
20797,7,train
21999,8,train
9382,3,train
16245,6,train
24448,9,train
10993,3,train
14523,5,train
14893,5,train
21492,7,train
2095,0,train
12674,4,train
289,0,train
17261,6,train
1766,0,train
13991,4,train
15909,5,train
5621,1,train
12207,4,train
26050,9,train
11285,3,train
19523,7,train
951,0,train
17133,6,train
17101,6,train
15062,5,train
1593,0,train
5185,1,train
18673,7,train
3523,1,train
501,0,train
11798,4,train
8671,2,train
21076,7,train
1034,0,train
7049,2,train
12582,4,train
15110,5,train
16386,6,train
9613,3,train
12112,4,train
12714,4,train
3594,1,train
1952,0,train
20966,7,train
9902,3,train
355,0,train
2954,0,train
7430,2,train
17608,6,train
5420,1,train
5008,1,train
8049,2,train
18249,6,train
5616,1,train
20371,7,train
16333,6,train
12286,4,train
10347,3,train
22995,8,train
8714,2,train
22781,8,train
9102,3,train
9011,3,train
16109,6,train
7570,2,train
4949,1,train
7639,2,train
11164,3,train
25508,9,train
4005,1,train
14123,5,train
5112,1,train
22205,8,train
5831,1,train
23214,8,train
25280,9,train
1791,0,train
6223,2,train
5462,1,train
16344,6,train
15208,5,train
17913,6,train
22159,8,train
24505,9,train
26157,9,train
2340,0,train
8962,2,train
10464,3,train
555,0,train
5894,1,train
14776,5,train
3542,1,train
8187,2,train
1656,0,train
8780,2,train
23213,8,train
11992,4,train
554,0,train
24642,9,train
7436,2,train
11218,3,train
13577,4,train
20079,7,train
7585,2,train
10991,3,train
20526,7,train
26983,9,train
14148,5,train
7615,2,train
1882,0,train
3644,1,train
14883,5,train
26522,9,train
5401,1,train
14515,5,train
19815,7,train
23572,8,train
11008,3,train
16702,6,train
14435,5,train
897,0,train
15688,5,train
4272,1,train
7931,2,train
14120,5,train
12761,4,train
5815,1,train
23933,8,train
26871,9,train
12254,4,train
8402,2,train
22752,8,train
13926,4,train
17962,6,train
19167,7,train
18999,7,train
20326,7,train
19647,7,train
80,0,train
7841,2,train
19446,7,train
10342,3,train
4496,1,train
14274,5,train
24466,9,train
14766,5,train
22018,8,train
16227,6,train
17137,6,train
4662,1,train
18510,7,train
14591,5,train
22770,8,train
1096,0,train
6099,2,train
21825,8,train
10131,3,train
13270,4,train
6370,2,train
7789,2,train
7406,2,train
4871,1,train
13763,4,train
15069,5,train
24915,9,train
1161,0,train
3920,1,train
24123,9,train
23831,8,train
20176,7,train
6753,2,train
12802,4,train
24752,9,train
23009,8,train
5198,1,train
24146,9,train
14107,5,train
8473,2,train
13059,4,train
9499,3,train
12486,4,train
18491,6,train
14236,5,train
26748,9,train
16413,6,train
1672,0,train
9551,3,train
21455,7,train
18332,6,train
13556,4,train
14336,5,train
2112,0,train
10507,3,train
5935,1,train
9390,3,train
12418,4,train
9348,3,train
19698,7,train
16929,6,train
14520,5,train
9743,3,train
318,0,train
12469,4,train
11725,4,train
3505,1,train
12533,4,train
11000,3,train
14454,5,train
22886,8,train
16505,6,train
5152,1,train
18193,6,train
5802,1,train
1721,0,train
9319,3,train
21482,7,train
86,0,train
23379,8,train
21141,7,train
2446,0,train
4297,1,train
16615,6,train
2696,0,train
15280,5,train
15876,5,train
13278,4,train
17785,6,train
25278,9,train
9211,3,train
10552,3,train
14969,5,train
4400,1,train
15080,5,train
23329,8,train
20876,7,train
11355,3,train
16004,6,train
7734,2,train
11742,4,train
1716,0,train
14876,5,train
23371,8,train
20102,7,train
120,0,train
22143,8,train
22795,8,train
7353,2,train
14676,5,train
5758,1,train
2985,0,train
11705,4,train
19254,7,train
3673,1,train
1837,0,train
11288,3,train
21055,7,train
17093,6,train
549,0,train
4974,1,train
14250,5,train
8379,2,train
24620,9,train
5602,1,train
22926,8,train
6037,2,train
6646,2,train
9531,3,train
8386,2,train
26478,9,train
24909,9,train
11938,4,train
6319,2,train
6462,2,train
11017,3,train
20209,7,train
13245,4,train
9223,3,train
4326,1,train
14737,5,train
18055,6,train
14642,5,train
7270,2,train
8535,2,train
8979,2,train
22118,8,train
24034,9,train
14221,5,train
19968,7,train
19209,7,train
591,0,train
17275,6,train
13636,4,train
24246,9,train
816,0,train
637,0,train
25898,9,train
25454,9,train
3191,1,train
10651,3,train
6784,2,train
22679,8,train
16410,6,train
1720,0,train
1360,0,train
19347,7,train
22566,8,train
14159,5,train
9687,3,train
4513,1,train
15693,5,train
8577,2,train
3113,1,train
2120,0,train
23689,8,train
8438,2,train
4647,1,train
1304,0,train
410,0,train
4101,1,train
25002,9,train
15812,5,train
21201,7,train
1608,0,train
6867,2,train
20409,7,train
24031,9,train
17756,6,train
8325,2,train
9221,3,train
18904,7,train
23842,8,train
9377,3,train
13305,4,train
14260,5,train
6792,2,train
21978,8,train
25878,9,train
10282,3,train
23416,8,train
6609,2,train
9744,3,train
12646,4,train
9428,3,train
25391,9,train
22136,8,train
21403,7,train
4243,1,train
25286,9,train
22021,8,train
6852,2,train
20957,7,train
7987,2,train
3351,1,train
23003,8,train
11041,3,train
17489,6,train
15703,5,train
1237,0,train
11655,4,train
456,0,train
13315,4,train
2411,0,train
25026,9,train
16672,6,train
15094,5,train
6778,2,train
19788,7,train
14226,5,train
14802,5,train
6125,2,train
24405,9,train
18797,7,train
17087,6,train
10639,3,train
17288,6,train
23342,8,train
13181,4,train
3635,1,train
22227,8,train
2147,0,train
13523,4,train
5260,1,train
16594,6,train
4308,1,train
1544,0,train
13046,4,train
12434,4,train
23105,8,train
23434,8,train
21841,8,train
24030,9,train
6899,2,train
12171,4,train
20668,7,train
1465,0,train
18827,7,train
9642,3,train
2414,0,train
25048,9,train
533,0,train
25908,9,train
10350,3,train
16085,6,train
16033,6,train
7656,2,train
18841,7,train
41,0,train
3548,1,train
10102,3,train
21576,8,train
25474,9,train
22944,8,train
23841,8,train
6504,2,train
17128,6,train
14180,5,train
25339,9,train
26084,9,train
23494,8,train
8078,2,train
19394,7,train
11444,3,train
9153,3,train
5892,1,train
20965,7,train
6270,2,train
3415,1,train
10338,3,train
23475,8,train
21992,8,train
7835,2,train
26984,9,train
836,0,train
3798,1,train
24626,9,train
21948,8,train
18698,7,train
20184,7,train
18191,6,train
25568,9,train
20587,7,train
21944,8,train
24655,9,train
3074,1,train
17611,6,train
14653,5,train
3069,1,train
2799,0,train
25758,9,train
7527,2,train
13162,4,train
5933,1,train
21409,7,train
3570,1,train
3394,1,train
23738,8,train
18646,7,train
14398,5,train
20986,7,train
22090,8,train
13438,4,train
278,0,train
7573,2,train
23799,8,train
24993,9,train
6070,2,train
22283,8,train
612,0,train
22840,8,train
8460,2,train
25650,9,train
19692,7,train
24778,9,train
2230,0,train
21264,7,train
25393,9,train
175,0,train
18057,6,train
17705,6,train
6239,2,train
17251,6,train
3752,1,train
4645,1,train
1624,0,train
7599,2,train
4281,1,train
26045,9,train
5131,1,train
5464,1,train
3749,1,train
22833,8,train
3717,1,train
5615,1,train
20207,7,train
1688,0,train
19558,7,train
19665,7,train
23298,8,train
3431,1,train
10837,3,train
2434,0,train
21906,8,train
5346,1,train
22736,8,train
4794,1,train
1905,0,train
2685,0,train
11795,4,train
7002,2,train
6481,2,train
15802,5,train
23474,8,train
20598,7,train
22147,8,train
7399,2,train
24301,9,train
10539,3,train
15753,5,train
14518,5,train
24504,9,train
23925,8,train
19237,7,train
26329,9,train
16548,6,train
2144,0,train
77,0,train
2208,0,train
11888,4,train
21682,8,train
15691,5,train
12086,4,train
23397,8,train
14720,5,train
19119,7,train
2210,0,train
24857,9,train
2172,0,train
8739,2,train
3116,1,train
6172,2,train
8836,2,train
26613,9,train
18189,6,train
17597,6,train
14911,5,train
18373,6,train
24572,9,train
26077,9,train
17172,6,train
7726,2,train
13597,4,train
19270,7,train
3877,1,train
15118,5,train
3265,1,train
10197,3,train
2880,0,train
6073,2,train
2287,0,train
26681,9,train
21259,7,train
20057,7,train
2242,0,train
1644,0,train
2358,0,train
8966,2,train
19550,7,train
7765,2,train
18685,7,train
16446,6,train
1576,0,train
19627,7,train
26790,9,train
21354,7,train
11927,4,train
927,0,train
23450,8,train
19583,7,train
12810,4,train
5976,1,train
20972,7,train
18817,7,train
14412,5,train
16733,6,train
3402,1,train
18632,7,train
10171,3,train
8635,2,train
10632,3,train
23587,8,train
9063,3,train
10586,3,train
14117,5,train
12789,4,train
21593,8,train
9824,3,train
12460,4,train
14820,5,train
5762,1,train
19256,7,train
9047,3,train
17682,6,train
6285,2,train
5499,1,train
3388,1,train
15834,5,train
11217,3,train
21605,8,train
15981,5,train
12650,4,train
24705,9,train
5264,1,train
6133,2,train
8824,2,train
26657,9,train
13134,4,train
7291,2,train
12000,4,train
10243,3,train
136,0,train
15818,5,train
17729,6,train
20646,7,train
5793,1,train
14002,5,train
12115,4,train
23680,8,train
10329,3,train
21243,7,train
2763,0,train
20330,7,train
12296,4,train
14739,5,train
8470,2,train
16742,6,train
20567,7,train
19321,7,train
1121,0,train
23430,8,train
16198,6,train
14400,5,train
1355,0,train
18755,7,train
1448,0,train
21790,8,train
24094,9,train
14982,5,train
8,0,train
8248,2,train
7389,2,train
11799,4,train
6360,2,train
6588,2,train
10935,3,train
23348,8,train
2596,0,train
7649,2,train
17312,6,train
26978,9,train
26234,9,train
761,0,train
23419,8,train
15271,5,train
8811,2,train
20376,7,train
5139,1,train
21958,8,train
25525,9,train
4168,1,train
24919,9,train
4004,1,train
21544,8,train
15323,5,train
9131,3,train
4169,1,train
8202,2,train
5147,1,train
22681,8,train
16683,6,train
411,0,train
20292,7,train
5553,1,train
26354,9,train
16848,6,train
2478,0,train
5392,1,train
2110,0,train
13820,4,train
16377,6,train
24650,9,train
18726,7,train
10755,3,train
7720,2,train
25422,9,train
9437,3,train
21337,7,train
17897,6,train
6302,2,train
24807,9,train
6793,2,train
16139,6,train
4745,1,train
16337,6,train
9992,3,train
19674,7,train
18431,6,train
7546,2,train
10115,3,train
26918,9,train
6310,2,train
25720,9,train
8309,2,train
13459,4,train
1347,0,train
20803,7,train
22154,8,train
13364,4,train
11952,4,train
4182,1,train
19877,7,train
14730,5,train
18664,7,train
25350,9,train
2437,0,train
19681,7,train
1333,0,train
7111,2,train
5845,1,train
20845,7,train
21921,8,train
2421,0,train
1833,0,train
11563,4,train
7289,2,train
18586,7,train
18226,6,train
17094,6,train
2998,0,train
25431,9,train
3889,1,train
6659,2,train
10307,3,train
4883,1,train
20750,7,train
21425,7,train
23513,8,train
6038,2,train
10114,3,train
4362,1,train
19229,7,train
25109,9,train
22670,8,train
21996,8,train
23835,8,train
26963,9,train
24516,9,train
19234,7,train
18081,6,train
10281,3,train
6612,2,train
14102,5,train
18074,6,train
15904,5,train
7880,2,train
9483,3,train
20043,7,train
6574,2,train
1750,0,train
8621,2,train
7592,2,train
2077,0,train
13106,4,train
9535,3,train
23640,8,train
5451,1,train
25499,9,train
23557,8,train
6744,2,train
11156,3,train
9412,3,train
15228,5,train
3965,1,train
16053,6,train
14170,5,train
16079,6,train
564,0,train
1662,0,train
18018,6,train
21404,7,train
17257,6,train
4664,1,train
12556,4,train
22817,8,train
11134,3,train
4947,1,train
18781,7,train
13304,4,train
3925,1,train
26473,9,train
21120,7,train
6767,2,train
1251,0,train
16202,6,train
1046,0,train
21824,8,train
23235,8,train
19914,7,train
24100,9,train
3060,1,train
14532,5,train
20861,7,train
2999,0,train
628,0,train
2815,0,train
12491,4,train
14853,5,train
508,0,train
1309,0,train
7645,2,train
1647,0,train
9979,3,train
26121,9,train
20942,7,train
19554,7,train
15641,5,train
2988,0,train
21346,7,train
7144,2,train
26893,9,train
11265,3,train
2756,0,train
18987,7,train
1985,0,train
16639,6,train
20093,7,train
19381,7,train
15130,5,train
21735,8,train
24911,9,train
18703,7,train
4433,1,train
19180,7,train
19868,7,train
13621,4,train
12027,4,train
26507,9,train
24967,9,train
11183,3,train
819,0,train
14044,5,train
26156,9,train
19403,7,train
21763,8,train
23204,8,train
16897,6,train
20324,7,train
17875,6,train
25483,9,train
6948,2,train
10160,3,train
20124,7,train
9327,3,train
20288,7,train
15079,5,train
6803,2,train
6788,2,train
8501,2,train
13160,4,train
8630,2,train
7379,2,train
8200,2,train
9114,3,train
15863,5,train
10680,3,train
3122,1,train
182,0,train
11057,3,train
10606,3,train
11766,4,train
4499,1,train
22407,8,train
11321,3,train
7262,2,train
15695,5,train
23818,8,train
16286,6,train
14055,5,train
16681,6,train
5229,1,train
25369,9,train
20973,7,train
12299,4,train
5922,1,train
23734,8,train
15554,5,train
13244,4,train
14456,5,train
23162,8,train
6389,2,train
799,0,train
252,0,train
15576,5,train
3035,1,train
4922,1,train
13548,4,train
3805,1,train
11773,4,train
15354,5,train
5095,1,train
21533,8,train
6320,2,train
18408,6,train
19126,7,train
4160,1,train
17173,6,train
26924,9,train
432,0,train
12193,4,train
3034,1,train
17773,6,train
4007,1,train
18504,7,train
435,0,train
24629,9,train
16450,6,train
10537,3,train
18419,6,train
22704,8,train
24860,9,train
16864,6,train
19101,7,train
17008,6,train
1723,0,train
10633,3,train
24424,9,train
22874,8,train
4571,1,train
23912,8,train
1165,0,train
126,0,train
23865,8,train
1186,0,train
22596,8,train
5465,1,train
22452,8,train
1657,0,train
18829,7,train
17036,6,train
19124,7,train
11247,3,train
3381,1,train
14268,5,train
19864,7,train
7900,2,train
8117,2,train
25159,9,train
522,0,train
20004,7,train
8523,2,train
26372,9,train
13222,4,train
24298,9,train
5363,1,train
1229,0,train
21691,8,train
4370,1,train
13444,4,train
25071,9,train
24920,9,train
6291,2,train
22723,8,train
10069,3,train
11622,4,train
15346,5,train
1575,0,train
26506,9,train
23934,8,train
22233,8,train
6660,2,train
25601,9,train
614,0,train
13498,4,train
2461,0,train
8850,2,train
12576,4,train
16636,6,train
20701,7,train
25305,9,train
15391,5,train
4032,1,train
5298,1,train
17744,6,train
24574,9,train
21674,8,train
24913,9,train
17131,6,train
17765,6,train
9684,3,train
11160,3,train
22040,8,train
21432,7,train
12310,4,train
14205,5,train
10365,3,train
19654,7,train
20334,7,train
19289,7,train
18329,6,train
8268,2,train
26299,9,train
3733,1,train
19375,7,train
23218,8,train
2359,0,train
14599,5,train
13857,4,train
10352,3,train
3001,1,train
575,0,train
15003,5,train
20130,7,train
26957,9,train
6816,2,train
21591,8,train
9701,3,train
13159,4,train
12402,4,train
12510,4,train
20396,7,train
2673,0,train
5205,1,train
4640,1,train
15121,5,train
11817,4,train
23386,8,train
3800,1,train
21164,7,train
8928,2,train
16411,6,train
15345,5,train
5126,1,train
26396,9,train
6501,2,train
23084,8,train
22033,8,train
26672,9,train
6979,2,train
25750,9,train
20730,7,train
14094,5,train
18071,6,train
18936,7,train
52,0,train
7504,2,train
6321,2,train
18801,7,train
9295,3,train
3336,1,train
24332,9,train
8132,2,train
16083,6,train
3077,1,train
26523,9,train
9495,3,train
15244,5,train
26115,9,train
11837,4,train
18860,7,train
6586,2,train
21846,8,train
3321,1,train
4743,1,train
14797,5,train
12608,4,train
14234,5,train
13501,4,train
5579,1,train
5885,1,train
4543,1,train
8197,2,train
5975,1,train
13227,4,train
17811,6,train
14748,5,train
10797,3,train
15238,5,train
13132,4,train
9414,3,train
8158,2,train
4915,1,train
23241,8,train
8719,2,train
20498,7,train
7620,2,train
1310,0,train
6475,2,train
7824,2,train
20825,7,train
12352,4,train
15405,5,train
3549,1,train
26203,9,train
16260,6,train
25413,9,train
16062,6,train
19676,7,train
16781,6,train
26521,9,train
1120,0,train
11949,4,train
23124,8,train
26630,9,train
10803,3,train
16530,6,train
18123,6,train
24538,9,train
12842,4,train
72,0,train
10594,3,train
13000,4,train
3512,1,train
2272,0,train
108,0,train
1538,0,train
7977,2,train
20381,7,train
10635,3,train
10546,3,train
17973,6,train
15161,5,train
4670,1,train
13007,4,train
23616,8,train
25343,9,train
7180,2,train
15957,5,train
20746,7,train
25407,9,train
12092,4,train
3311,1,train
7730,2,train
21024,7,train
3458,1,train
13361,4,train
11079,3,train
26232,9,train
15769,5,train
20896,7,train
15481,5,train
4234,1,train
20870,7,train
24308,9,train
20026,7,train
5397,1,train
16250,6,train
6764,2,train
16321,6,train
997,0,train
19419,7,train
5786,1,train
24780,9,train
7233,2,train
21959,8,train
9682,3,train
2642,0,train
7182,2,train
20034,7,train
11704,4,train
30,0,train
279,0,train
24413,9,train
11754,4,train
6410,2,train
26463,9,train
607,0,train
2447,0,train
3339,1,train
1134,0,train
15030,5,train
12669,4,train
3637,1,train
24733,9,train
26170,9,train
17295,6,train
756,0,train
24893,9,train
2878,0,train
10908,3,train
23854,8,train
943,0,train
4456,1,train
4184,1,train
5849,1,train
25429,9,train
15471,5,train
10010,3,train
15287,5,train
17025,6,train
12913,4,train
4706,1,train
8704,2,train
20639,7,train
10468,3,train
11946,4,train
10740,3,train
8478,2,train
662,0,train
2292,0,train
13195,4,train
24442,9,train
15594,5,train
1708,0,train
3926,1,train
18804,7,train
25252,9,train
18748,7,train
17884,6,train
16622,6,train
4622,1,train
11848,4,train
5304,1,train
9128,3,train
17371,6,train
4260,1,train
25544,9,train
18809,7,train
19328,7,train
12968,4,train
12385,4,train
4493,1,train
8996,2,train
18693,7,train
5551,1,train
9959,3,train
24876,9,train
26432,9,train
20971,7,train
17360,6,train
24759,9,train
3799,1,train
8613,2,train
20817,7,train
26994,9,train
1268,0,train
13257,4,train
24735,9,train
1149,0,train
5058,1,train
7889,2,train
7409,2,train
4777,1,train
11759,4,train
5735,1,train
16836,6,train
1098,0,train
20285,7,train
23200,8,train
21436,7,train
11092,3,train
311,0,train
26338,9,train
1652,0,train
23767,8,train
12007,4,train
21397,7,train
4059,1,train
3626,1,train
19646,7,train
7441,2,train
12428,4,train
19228,7,train
7997,2,train
1712,0,train
25270,9,train
16301,6,train
24333,9,train
19983,7,train
9740,3,train
11736,4,train
26944,9,train
22762,8,train
22047,8,train
5912,1,train
24289,9,train
10005,3,train
25104,9,train
19959,7,train
5249,1,train
17604,6,train
7404,2,train
8600,2,train
187,0,train
13306,4,train
11428,3,train
10902,3,train
25832,9,train
18441,6,train
1284,0,train
2430,0,train
21808,8,train
2668,0,train
7982,2,train
17708,6,train
1278,0,train
11038,3,train
16314,6,train
16481,6,train
6068,2,train
3916,1,train
2725,0,train
2067,0,train
20608,7,train
19849,7,train
9068,3,train
21297,7,train
7304,2,train
10288,3,train
23012,8,train
9072,3,train
15352,5,train
4189,1,train
9175,3,train
5529,1,train
24611,9,train
14058,5,train
20247,7,train
1435,0,train
16550,6,train
7717,2,train
25219,9,train
11712,4,train
1387,0,train
822,0,train
15252,5,train
10758,3,train
10592,3,train
5992,1,train
21750,8,train
2032,0,train
3210,1,train
2467,0,train
14764,5,train
10071,3,train
22509,8,train
10654,3,train
20260,7,train
12817,4,train
10487,3,train
13673,4,train
26841,9,train
7337,2,train
7708,2,train
11457,3,train
18906,7,train
3759,1,train
366,0,train
2643,0,train
18217,6,train
22647,8,train
25762,9,train
25006,9,train
2084,0,train
21536,8,train
149,0,train
19287,7,train
1112,0,train
3675,1,train
26048,9,train
21145,7,train
3508,1,train
8493,2,train
916,0,train
20599,7,train
8817,2,train
13881,4,train
11349,3,train
21905,8,train
19308,7,train
19633,7,train
13228,4,train
14158,5,train
15076,5,train
26112,9,train
13956,4,train
16876,6,train
2727,0,train
21321,7,train
2621,0,train
13972,4,train
3813,1,train
5874,1,train
15155,5,train
10489,3,train
21721,8,train
14450,5,train
17965,6,train
19631,7,train
21603,8,train
21217,7,train
12158,4,train
17851,6,train
24218,9,train
25555,9,train
13358,4,train
9610,3,train
21265,7,train
7022,2,train
3055,1,train
1005,0,train
8771,2,train
8380,2,train
7799,2,train
6427,2,train
20406,7,train
18382,6,train
12864,4,train
24645,9,train
2602,0,train
11587,4,train
5718,1,train
6393,2,train
18905,7,train
21338,7,train
17713,6,train
19711,7,train
482,0,train
362,0,train
22669,8,train
1401,0,train
15681,5,train
12662,4,train
26075,9,train
3101,1,train
7324,2,train
226,0,train
8442,2,train
7197,2,train
15336,5,train
6721,2,train
17580,6,train
24905,9,train
3822,1,train
11967,4,train
5450,1,train
15476,5,train
21619,8,train
14837,5,train
10691,3,train
8665,2,train
13525,4,train
10371,3,train
16027,6,train
7517,2,train
24005,9,train
16195,6,train
23902,8,train
24015,9,train
20090,7,train
19721,7,train
3634,1,train
6338,2,train
2857,0,train
17923,6,train
2335,0,train
25301,9,train
14934,5,train
19610,7,train
14632,5,train
8645,2,train
8499,2,train
9387,3,train
10047,3,train
1083,0,train
11002,3,train
5878,1,train
21357,7,train
4002,1,train
13931,4,train
13603,4,train
1748,0,train
12399,4,train
14603,5,train
5486,1,train
4443,1,train
25900,9,train
22470,8,train
13576,4,train
23744,8,train
7156,2,train
7739,2,train
17633,6,train
7614,2,train
22254,8,train
3143,1,train
8793,2,train
15841,5,train
14441,5,train
22273,8,train
16675,6,train
23289,8,train
14182,5,train
3764,1,train
10559,3,train
9805,3,train
26574,9,train
5119,1,train
26070,9,train
6266,2,train
20064,7,train
15838,5,train
26080,9,train
5977,1,train
11165,3,train
15811,5,train
14713,5,train
24465,9,train
5344,1,train
18633,7,train
22003,8,train
13674,4,train
963,0,train
18724,7,train
18514,7,train
19642,7,train
13907,4,train
1423,0,train
3893,1,train
9398,3,train
12077,4,train
9119,3,train
13703,4,train
17595,6,train
3107,1,train
10516,3,train
5461,1,train
21507,8,train
20115,7,train
26512,9,train
19116,7,train
14971,5,train
5350,1,train
10995,3,train
3463,1,train
6361,2,train
21315,7,train
1301,0,train
8441,2,train
15394,5,train
24183,9,train
11907,4,train
14111,5,train
15349,5,train
12684,4,train
18084,6,train
24155,9,train
25513,9,train
1556,0,train
14987,5,train
22581,8,train
24891,9,train
9335,3,train
16313,6,train
10858,3,train
16775,6,train
7945,2,train
3734,1,train
25453,9,train
24470,9,train
7667,2,train
9094,3,train
12494,4,train
19274,7,train
26614,9,train
13052,4,train
1011,0,train
441,0,train
2970,0,train
4593,1,train
26845,9,train
26042,9,train
2468,0,train
22399,8,train
21329,7,train
2982,0,train
17761,6,train
11232,3,train
10929,3,train
11734,4,train
4039,1,train
23894,8,train
19944,7,train
12579,4,train
21458,7,train
9497,3,train
25920,9,train
3507,1,train
18452,6,train
18210,6,train
23546,8,train
17855,6,train
14873,5,train
16185,6,train
20151,7,train
12990,4,train
19943,7,train
21540,8,train
23069,8,train
3254,1,train
2318,0,train
9279,3,train
25935,9,train
13108,4,train
13246,4,train
20630,7,train
21697,8,train
5716,1,train
1204,0,train
22870,8,train
429,0,train
17605,6,train
14085,5,train
19408,7,train
5619,1,train
26347,9,train
25626,9,train
24794,9,train
4885,1,train
25600,9,train
22850,8,train
20035,7,train
15929,5,train
9155,3,train
26014,9,train
6457,2,train
23814,8,train
4897,1,train
14804,5,train
17453,6,train
15360,5,train
21185,7,train
14489,5,train
18316,6,train
6956,2,train
26942,9,train
18533,7,train
12453,4,train
10678,3,train
15723,5,train
9079,3,train
14983,5,train
21351,7,train
294,0,train
17052,6,train
5402,1,train
4672,1,train
4978,1,train
3466,1,train
1055,0,train
21442,7,train
26221,9,train
15355,5,train
6408,2,train
3676,1,train
26047,9,train
13251,4,train
4318,1,train
14127,5,train
18128,6,train
14485,5,train
20529,7,train
24583,9,train
7260,2,train
21887,8,train
25111,9,train
8076,2,train
19769,7,train
7165,2,train
24786,9,train
16830,6,train
26582,9,train
17201,6,train
10952,3,train
20487,7,train
19189,7,train
10532,3,train
445,0,train
5245,1,train
4570,1,train
21826,8,train
24170,9,train
8674,2,train
15164,5,train
26331,9,train
18344,6,train
11809,4,train
16173,6,train
12023,4,train
3948,1,train
5057,1,train
25918,9,train
20979,7,train
20815,7,train
21000,7,train
18556,7,train
1187,0,train
10082,3,train
386,0,train
8574,2,train
23721,8,train
10922,3,train
21376,7,train
12085,4,train
5782,1,train
24211,9,train
6780,2,train
2585,0,train
12370,4,train
23800,8,train
14871,5,train
12590,4,train
9172,3,train
22687,8,train
16088,6,train
25216,9,train
9555,3,train
13182,4,train
5706,1,train
7988,2,train
7199,2,train
17584,6,train
3744,1,train
2179,0,train
5339,1,train
9852,3,train
12911,4,train
24866,9,train
2624,0,train
10602,3,train
7702,2,train
26549,9,train
9691,3,train
26567,9,train
4292,1,train
21641,8,train
7610,2,train
11432,3,train
23612,8,train
15194,5,train
24703,9,train
11909,4,train
13081,4,train
2946,0,train
24757,9,train
2965,0,train
2549,0,train
16024,6,train
19645,7,train
26696,9,train
11055,3,train
13650,4,train
6745,2,train
14136,5,train
3737,1,train
20223,7,train
14444,5,train
8233,2,train
7589,2,train
26135,9,train
2498,0,train
14959,5,train
588,0,train
15028,5,train
21695,8,train
23267,8,train
3446,1,train
24859,9,train
21703,8,train
16725,6,train
15731,5,train
1858,0,train
20650,7,train
12562,4,train
24768,9,train
11487,3,train
19095,7,train
23631,8,train
1023,0,train
21261,7,train
19790,7,train
11391,3,train
17844,6,train
12648,4,train
3691,1,train
3711,1,train
21976,8,train
9525,3,train
139,0,train
7381,2,train
20178,7,train
11091,3,train
20145,7,train
21688,8,train
26730,9,train
26514,9,train
1800,0,train
17803,6,train
1803,0,train
14919,5,train
4276,1,train
16204,6,train
18429,6,train
9926,3,train
686,0,train
21930,8,train
194,0,train
3852,1,train
147,0,train
7127,2,train
4703,1,train
9670,3,train
10742,3,train
5858,1,train
18389,6,train
6851,2,train
10392,3,train
24257,9,train
3054,1,train
7896,2,train
1052,0,train
18910,7,train
18727,7,train
26806,9,train
19320,7,train
26688,9,train
5728,1,train
9488,3,train
20724,7,train
22658,8,train
22613,8,train
12049,4,train
8065,2,train
21448,7,train
23963,8,train
3246,1,train
20329,7,train
11501,4,train
15457,5,train
5134,1,train
17757,6,train
18653,7,train
12103,4,train
21898,8,train
13660,4,train
17018,6,train
8406,2,train
26969,9,train
2564,0,train
272,0,train
8878,2,train
15120,5,train
15664,5,train
22551,8,train
25447,9,train
13745,4,train
26646,9,train
2153,0,train
2181,0,train
20488,7,train
14194,5,train
4404,1,train
15776,5,train
15222,5,train
18154,6,train
12280,4,train
17517,6,train
24549,9,train
21358,7,train
13794,4,train
3777,1,train
19033,7,train
11764,4,train
6934,2,train
7652,2,train
20678,7,train
20374,7,train
25695,9,train
18802,7,train
21805,8,train
24985,9,train
16879,6,train
23953,8,train
19867,7,train
22639,8,train
24854,9,train
6670,2,train
2269,0,train
4554,1,train
22500,8,train
4747,1,train
24709,9,train
26800,9,train
20586,7,train
22949,8,train
3337,1,train
7463,2,train
14726,5,train
2657,0,train
10706,3,train
19040,7,train
16317,6,train
16651,6,train
26633,9,train
12550,4,train
3142,1,train
16117,6,train
25341,9,train
11822,4,train
15495,5,train
20382,7,train
3755,1,train
23236,8,train
1404,0,train
20612,7,train
26553,9,train
20878,7,train
17924,6,train
26595,9,train
9453,3,train
25314,9,train
10376,3,train
986,0,train
25248,9,train
11860,4,train
1535,0,train
23367,8,train
25233,9,train
1109,0,train
18265,6,train
13093,4,train
7284,2,train
6194,2,train
21288,7,train
3954,1,train
17147,6,train
3677,1,train
6531,2,train
921,0,train
24062,9,train
25457,9,train
20480,7,train
6951,2,train
4268,1,train
18767,7,train
18096,6,train
4547,1,train
21717,8,train
10642,3,train
13141,4,train
12069,4,train
10512,3,train
26012,9,train
14740,5,train
1259,0,train
8122,2,train
4446,1,train
3230,1,train
5883,1,train
16729,6,train
17324,6,train
9950,3,train
10221,3,train
12155,4,train
23935,8,train
10250,3,train
23058,8,train
16935,6,train
6422,2,train
15553,5,train
23347,8,train
3762,1,train
11409,3,train
19872,7,train
13516,4,train
8448,2,train
22479,8,train
26367,9,train
19913,7,train
5153,1,train
12201,4,train
18798,7,train
9176,3,train
9461,3,train
21219,7,train
6461,2,train
10152,3,train
4586,1,train
22088,8,train
14659,5,train
6845,2,train
7456,2,train
20854,7,train
22397,8,train
8740,2,train
26739,9,train
13098,4,train
8726,2,train
5237,1,train
790,0,train
11883,4,train
2560,0,train
23375,8,train
6591,2,train
15877,5,train
20875,7,train
20460,7,train
3026,1,train
16881,6,train
13998,4,train
26855,9,train
21033,7,train
16871,6,train
9157,3,train
19178,7,train
5441,1,train
25605,9,train
13219,4,train
25944,9,train
20995,7,train
20131,7,train
1421,0,train
16212,6,train
4927,1,train
19689,7,train
23919,8,train
16880,6,train
7204,2,train
22216,8,train
13662,4,train
18092,6,train
7162,2,train
15527,5,train
23840,8,train
21088,7,train
20211,7,train
13236,4,train
10178,3,train
15255,5,train
15986,5,train
4392,1,train
25424,9,train
23666,8,train
18739,7,train
11881,4,train
13723,4,train
5431,1,train
11791,4,train
26151,9,train
14935,5,train
13053,4,train
17429,6,train
20050,7,train
16478,6,train
2762,0,train
23702,8,train
3338,1,train
15979,5,train
11317,3,train
10480,3,train
9464,3,train
17741,6,train
8554,2,train
10330,3,val
11852,4,val
24279,9,val
17241,6,val
22970,8,val
15803,5,val
13169,4,val
17986,6,val
7407,2,val
7181,2,val
23523,8,val
6587,2,val
5823,1,val
3392,1,val
2182,0,val
16443,6,val
13234,4,val
9042,3,val
17366,6,val
14499,5,val
22636,8,val
3039,1,val
18432,6,val
9383,3,val
22856,8,val
24463,9,val
18540,7,val
7822,2,val
1433,0,val
7411,2,val
10750,3,val
21480,7,val
14564,5,val
6888,2,val
23556,8,val
23559,8,val
11583,4,val
21528,8,val
8784,2,val
16102,6,val
10374,3,val
15748,5,val
11230,3,val
7917,2,val
10731,3,val
25481,9,val
9148,3,val
499,0,val
18076,6,val
9600,3,val
17090,6,val
17622,6,val
21053,7,val
12062,4,val
25228,9,val
1119,0,val
20969,7,val
19183,7,val
3658,1,val
11146,3,val
25599,9,val
25292,9,val
23527,8,val
21310,7,val
9738,3,val
24224,9,val
7206,2,val
16209,6,val
16551,6,val
395,0,val
25841,9,val
10612,3,val
10395,3,val
26373,9,val
25970,9,val
16533,6,val
5010,1,val
18137,6,val
1757,0,val
1773,0,val
23071,8,val
25776,9,val
6208,2,val
12632,4,val
15051,5,val
14168,5,val
4970,1,val
960,0,val
25028,9,val
14836,5,val
14190,5,val
12871,4,val
2152,0,val
4680,1,val
6300,2,val
3353,1,val
20143,7,val
5658,1,val
19635,7,val
1678,0,val
25430,9,val
224,0,val
2978,0,val
10066,3,val
22575,8,val
10454,3,val
23004,8,val
7926,2,val
7230,2,val
16863,6,val
21246,7,val
24602,9,val
14754,5,val
5280,1,val
4006,1,val
7269,2,val
17176,6,val
23613,8,val
26229,9,val
26547,9,val
13533,4,val
3032,1,val
25596,9,val
24356,9,val
21400,7,val
15795,5,val
14697,5,val
10253,3,val
19099,7,val
20084,7,val
16813,6,val
17330,6,val
21003,7,val
7282,2,val
8060,2,val
16720,6,val
22158,8,val
4999,1,val
13810,4,val
22417,8,val
7627,2,val
2831,0,val
6060,2,val
13965,4,val
16716,6,val
11595,4,val
18022,6,val
4424,1,val
24307,9,val
24488,9,val
12548,4,val
12160,4,val
901,0,val
7189,2,val
12088,4,val
16300,6,val
6667,2,val
14350,5,val
10122,3,val
8881,2,val
21168,7,val
22881,8,val
559,0,val
3276,1,val
2901,0,val
22580,8,val
11077,3,val
3170,1,val
15462,5,val
21889,8,val
26769,9,val
22665,8,val
2357,0,val
504,0,val
26564,9,val
17308,6,val
1571,0,val
2343,0,val
8947,2,val
14337,5,val
4377,1,val
473,0,val
24527,9,val
12323,4,val
1077,0,val
1994,0,val
19236,7,val
4278,1,val
22044,8,val
12149,4,val
1917,0,val
17710,6,val
19397,7,val
14104,5,val
5792,1,val
25842,9,val
5836,1,val
18568,7,val
4316,1,val
4422,1,val
2617,0,val
2687,0,val
17142,6,val
7203,2,val
25437,9,val
3976,1,val
2393,0,val
3515,1,val
3908,1,val
20985,7,val
3264,1,val
24805,9,val
19934,7,val
23005,8,val
26260,9,val
2628,0,val
4185,1,val
22808,8,val
24795,9,val
19958,7,val
20120,7,val
13883,4,val
3835,1,val
21267,7,val
13041,4,val
22979,8,val
5062,1,val
19662,7,val
25036,9,val
1619,0,val
26804,9,val
14903,5,val
369,0,val
9676,3,val
5324,1,val
1540,0,val
24681,9,val
25075,9,val
4946,1,val
2239,0,val
16028,6,val
24991,9,val
4303,1,val
22824,8,val
23355,8,val
9916,3,val
18532,7,val
26933,9,val
12658,4,val
24509,9,val
17724,6,val
15416,5,val
11523,4,val
10202,3,val
22885,8,val
15607,5,val
11745,4,val
17742,6,val
7212,2,val
11996,4,val
12757,4,val
12079,4,val
14389,5,val
12524,4,val
24259,9,val
758,0,val
21392,7,val
4391,1,val
9874,3,val
24599,9,val
24644,9,val
25100,9,val
13658,4,val
16637,6,val
15520,5,val
9252,3,val
9589,3,val
14999,5,val
23433,8,val
17596,6,val
19792,7,val
6596,2,val
23760,8,val
26037,9,val
1489,0,val
8332,2,val
6145,2,val
4146,1,val
12347,4,val
22853,8,val
26882,9,val
384,0,val
19082,7,val
6849,2,val
5686,1,val
12263,4,val
26227,9,val
16585,6,val
16561,6,val
26711,9,val
24157,9,val
16800,6,val
15843,5,val
15083,5,val
14859,5,val
20757,7,val
1015,0,val
17656,6,val
14368,5,val
7985,2,val
1262,0,val
16172,6,val
26808,9,val
25225,9,val
14620,5,val
684,0,val
6134,2,val
22299,8,val
18645,7,val
6078,2,val
12467,4,val
9168,3,val
22326,8,val
15135,5,val
21700,8,val
15425,5,val
26873,9,val
15515,5,val
4843,1,val
14672,5,val
4856,1,val
11685,4,val
18957,7,val
18704,7,val
7566,2,val
16845,6,val
18605,7,val
550,0,val
3305,1,val
17310,6,val
24923,9,val
26071,9,val
26751,9,val
12145,4,val
23382,8,val
16512,6,val
25494,9,val
12005,4,val
3500,1,val
8446,2,val
19147,7,val
14084,5,val
3131,1,val
3600,1,val
23791,8,val
11906,4,val
7172,2,val
8750,2,val
10126,3,val
3667,1,val
8895,2,val
21331,7,val
21105,7,val
2879,0,val
20813,7,val
13076,4,val
6938,2,val
20766,7,val
5169,1,val
15264,5,val
19579,7,val
11526,4,val
6480,2,val
20249,7,val
17816,6,val
24734,9,val
8851,2,val
4461,1,val
15066,5,val
15692,5,val
13383,4,val
21461,7,val
22828,8,val
5798,1,val
14637,5,val
16740,6,val
25272,9,val
11577,4,val
26705,9,val
11070,3,val
19475,7,val
13509,4,val
15932,5,val
4143,1,val
7445,2,val
26059,9,val
1162,0,val
12777,4,val
15851,5,val
1291,0,val
18560,7,val
26543,9,val
21126,7,val
24761,9,val
17540,6,val
24125,9,val
21396,7,val
3082,1,val
5007,1,val
2754,0,val
5882,1,val
18285,6,val
13701,4,val
972,0,val
8896,2,val
1051,0,val
16932,6,val
17747,6,val
9984,3,val
19314,7,val
2133,0,val
21994,8,val
21170,7,val
15831,5,val
7098,2,val
3913,1,val
7537,2,val
23457,8,val
21531,8,val
2803,0,val
9,0,val
6918,2,val
17037,6,val
12153,4,val
9735,3,val
19594,7,val
12977,4,val
16823,6,val
12808,4,val
3136,1,val
110,0,val
22398,8,val
7744,2,val
8595,2,val
25381,9,val
19264,7,val
15676,5,val
11464,3,val
10291,3,val
11850,4,val
13851,4,val
18243,6,val
22232,8,val
14744,5,val
20346,7,val
26649,9,val
9559,3,val
14530,5,val
17926,6,val
1479,0,val
23325,8,val
9381,3,val
14022,5,val
17042,6,val
5998,1,val
18079,6,val
25834,9,val
12998,4,val
18376,6,val
7640,2,val
25376,9,val
19775,7,val
1668,0,val
22145,8,val
7385,2,val
8118,2,val
25698,9,val
26418,9,val
11425,3,val
18294,6,val
24380,9,val
11679,4,val
20445,7,val
25998,9,val
24506,9,val
16148,6,val
12416,4,val
17993,6,val
4492,1,val
725,0,val
5140,1,val
10351,3,val
9307,3,val
3492,1,val
823,0,val
18276,6,val
10840,3,val
24254,9,val
9556,3,val
23167,8,val
775,0,val
24484,9,val
14681,5,val
11302,3,val
18922,7,val
12302,4,val
1205,0,val
11027,3,val
25845,9,val
14844,5,val
11239,3,val
23157,8,val
16686,6,val
4531,1,val
12019,4,val
23821,8,val
23034,8,val
8909,2,val
24247,9,val
21005,7,val
12581,4,val
19424,7,val
24450,9,val
18185,6,val
7341,2,val
1049,0,val
4386,1,val
4697,1,val
11515,4,val
23529,8,val
25127,9,val
19970,7,val
14822,5,val
18980,7,val
172,0,val
470,0,val
14473,5,val
24403,9,val
19794,7,val
3104,1,val
13477,4,val
19834,7,val
1158,0,val
12897,4,val
3152,1,val
7910,2,val
23435,8,val
7590,2,val
4809,1,val
16916,6,val
21946,8,val
11868,4,val
9222,3,val
1541,0,val
14014,5,val
15916,5,val
11090,3,val
11390,3,val
5566,1,val
17964,6,val
15598,5,val
23661,8,val
14554,5,val
1066,0,val
7829,2,val
9797,3,val
25235,9,val
1305,0,val
15659,5,val
26823,9,val
12031,4,val
16999,6,val
9301,3,val
19239,7,val
20781,7,val
23102,8,val
1219,0,val
12964,4,val
7140,2,val
11832,4,val
728,0,val
3708,1,val
4132,1,val
26585,9,val
23973,8,val
1679,0,val
7058,2,val
616,0,val
16073,6,val
19902,7,val
14439,5,val
26193,9,val
5305,1,val
3403,1,val
9350,3,val
8218,2,val
5944,1,val
15321,5,val
19127,7,val
26687,9,val
20534,7,val
24409,9,val
14938,5,val
5070,1,val
8647,2,val
23863,8,val
10605,3,val
18677,7,val
12755,4,val
18702,7,val
15290,5,val
15885,5,val
2511,0,val
20776,7,val
5635,1,val
9060,3,val
26163,9,val
7850,2,val
2958,0,val
13829,4,val
5120,1,val
4563,1,val
2300,0,val
12189,4,val
8705,2,val
13066,4,val
21111,7,val
8376,2,val
1069,0,val
25172,9,val
17688,6,val
24987,9,val
9718,3,val
16182,6,val
14689,5,val
14462,5,val
6191,2,val
9392,3,val
2169,0,val
19037,7,val
14571,5,val
1638,0,val
15611,5,val
15192,5,val
21473,7,val
190,0,val
24203,9,val
22225,8,val
8898,2,val
21885,8,val
9904,3,val
9680,3,val
284,0,val
18518,7,val
10873,3,val
16323,6,val
14794,5,val
16822,6,val
1217,0,val
10185,3,val
26566,9,val
21013,7,val
12230,4,val
19717,7,val
3539,1,val
7146,2,val
4585,1,val
24164,9,val
16545,6,val
3494,1,val
4749,1,val
14068,5,val
6824,2,val
15125,5,val
18284,6,val
12113,4,val
14220,5,val
21874,8,val
12030,4,val
1416,0,val
6295,2,val
21049,7,val
5749,1,val
19869,7,val
20272,7,val
24490,9,val
8517,2,val
12037,4,val
21719,8,val
26327,9,val
22303,8,val
625,0,val
15972,5,val
4842,1,val
13012,4,val
8201,2,val
18244,6,val
4017,1,val
19477,7,val
26114,9,val
17709,6,val
13754,4,val
22078,8,val
1581,0,val
23100,8,val
19543,7,val
15026,5,val
22717,8,val
23271,8,val
20318,7,val
17607,6,val
21085,7,val
9521,3,val
9442,3,val
18882,7,val
24820,9,val
20147,7,val
18572,7,val
6425,2,val
24906,9,val
16012,6,val
14609,5,val
10360,3,val
24715,9,val
8314,2,val
4676,1,val
7019,2,val
14769,5,val
26551,9,val
5331,1,val
333,0,val
455,0,val
6881,2,val
26886,9,val
3873,1,val
14870,5,val
20840,7,val
20144,7,val
20796,7,val
301,0,val
19028,7,val
26453,9,val
6498,2,val
4884,1,val
15845,5,val
5565,1,val
6681,2,val
10398,3,val
25570,9,val
1154,0,val
22937,8,val
245,0,val
2038,0,val
16903,6,val
2863,0,val
18979,7,val
3989,1,val
23277,8,val
19578,7,val
21188,7,val
9864,3,val
21630,8,val
25253,9,val
21291,7,val
14770,5,val
13797,4,val
26962,9,val
1021,0,val
24493,9,val
2485,0,val
1919,0,val
1306,0,val
16847,6,val
13139,4,val
22849,8,val
12655,4,val
6535,2,val
9093,3,val
7927,2,val
8112,2,val
14356,5,val
20188,7,val
22724,8,val
15379,5,val
14384,5,val
7031,2,val
8920,2,val
9593,3,val
25967,9,val
23944,8,val
17543,6,val
11485,3,val
16068,6,val
10947,3,val
17313,6,val
23148,8,val
11465,3,val
6329,2,val
21904,8,val
8941,2,val
11607,4,val
3455,1,val
6426,2,val
1215,0,val
7047,2,val
8646,2,val
8998,2,val
15320,5,val
23202,8,val
16170,6,val
14310,5,val
22441,8,val
22490,8,val
21074,7,val
1570,0,val
8815,2,val
18961,7,val
11256,3,val
2518,0,val
16465,6,val
26430,9,val
17343,6,val
4439,1,val
3860,1,val
10437,3,val
13233,4,val
4264,1,val
23910,8,val
24697,9,val
6662,2,val
397,0,val
19208,7,val
26699,9,val
11671,4,val
16452,6,val
17050,6,val
16341,6,val
235,0,val
24867,9,val
10597,3,val
9987,3,val
26063,9,val
7961,2,val
20270,7,val
16824,6,val
25608,9,val
5911,1,val
23552,8,val
5544,1,val
16793,6,val
117,0,val
7912,2,val
20698,7,val
8230,2,val
12430,4,val
11168,3,val
21431,7,val
23456,8,val
1931,0,val
21193,7,val
9395,3,val
9955,3,val
15138,5,val
10099,3,val
16121,6,val
24336,9,val
19938,7,val
26798,9,val
26148,9,val
6595,2,val
699,0,val
17681,6,val
5136,1,val
3692,1,val
14542,5,val
586,0,val
1673,0,val
10874,3,val
11700,4,val
3882,1,val
21311,7,val
13175,4,val
18616,7,val
19750,7,val
23732,8,val
11175,3,val
26894,9,val
25267,9,val
16214,6,val
23097,8,val
19374,7,val
21459,7,val
8651,2,val
17601,6,val
21345,7,val
9509,3,val
12773,4,val
9786,3,val
20191,7,val
14843,5,val
15445,5,val
8670,2,val
16359,6,val
1408,0,val
11733,4,val
11924,4,val
15937,5,val
15732,5,val
8512,2,val
25737,9,val
20366,7,val
66,0,val
19857,7,val
21,0,val
2450,0,val
13374,4,val
608,0,val
11512,4,val
16064,6,val
20250,7,val
112,0,val
25836,9,val
5184,1,val
13957,4,val
16510,6,val
14048,5,val
19219,7,val
9256,3,val
9276,3,val
15169,5,val
21228,7,val
16627,6,val
8425,2,val
20398,7,val
6397,2,val
10096,3,val
24683,9,val
24318,9,val
16439,6,val
26182,9,val
17552,6,val
16320,6,val
2532,0,val
1895,0,val
10233,3,val
12557,4,val
17954,6,val
11456,3,val
165,0,val
9380,3,val
7657,2,val
26608,9,val
7535,2,val
3404,1,val
15722,5,val
24976,9,val
7434,2,val
6995,2,val
13849,4,val
10125,3,val
20001,7,val
10666,3,val
12025,4,val
8911,2,val
23312,8,val
15423,5,val
7164,2,val
103,0,val
24845,9,val
1495,0,val
15159,5,val
24729,9,val
3386,1,val
18881,7,val
21078,7,val
5530,1,val
18114,6,val
389,0,val
15400,5,val
19442,7,val
14004,5,val
14043,5,val
8589,2,val
4924,1,val
21006,7,val
9669,3,val
22413,8,val
6984,2,val
5261,1,val
9441,3,val
14778,5,val
14230,5,val
25702,9,val
20132,7,val
8156,2,val
18712,7,val
16566,6,val
20392,7,val
15362,5,val
13767,4,val
20258,7,val
10214,3,val
5753,1,val
4134,1,val
3699,1,val
7641,2,val
25368,9,val
12531,4,val
18967,7,val
9942,3,val
2146,0,val
16579,6,val
26907,9,val
16784,6,val
724,0,val
2853,0,val
8437,2,val
9013,3,val
21761,8,val
7074,2,val
5593,1,val
6018,2,val
4123,1,val
25338,9,val
18588,7,val
24530,9,val
12490,4,val
4551,1,val
14931,5,val
1685,0,val
5041,1,val
24408,9,val
11995,4,val
11982,4,val
9310,3,val
22627,8,val
12679,4,val
1986,0,val
20146,7,val
22612,8,val
5241,1,val
2948,0,val
11497,3,val
26384,9,val
20405,7,val
2521,0,val
1774,0,val
22838,8,val
25039,9,val
21908,8,val
17533,6,val
25003,9,val
15943,5,val
11328,3,val
5001,1,val
25719,9,val
15157,5,val
17150,6,val
16752,6,val
26725,9,val
19884,7,val
6985,2,val
5640,1,val
18351,6,val
1981,0,val
12560,4,val
3341,1,val
4301,1,val
14497,5,val
10640,3,val
16378,6,val
9467,3,val
1319,0,val
17693,6,val
11209,3,val
992,0,val
20128,7,val
7878,2,val
3085,1,val
5011,1,val
7898,2,val
5732,1,val
703,0,val
23453,8,val
6859,2,val
26659,9,val
20518,7,val
10561,3,val
12786,4,val
55,0,val
12256,4,val
20647,7,val
6228,2,val
25143,9,val
26317,9,val
10842,3,val
16277,6,val
24952,9,val
9048,3,val
21238,7,val
19684,7,val
5700,1,val
26359,9,val
18499,6,val
17876,6,val
22391,8,val
23659,8,val
4283,1,val
14966,5,val
375,0,val
13722,4,val
24722,9,val
21503,8,val
23824,8,val
18912,7,val
2143,0,val
6490,2,val
1634,0,val
3253,1,val
15694,5,val
24689,9,val
6040,2,val
10164,3,val
8549,2,val
13670,4,val
25962,9,val
25261,9,val
19623,7,val
13936,4,val
17089,6,val
15814,5,val
6800,2,val
14261,5,val
22595,8,val
5855,1,val
248,0,val
9433,3,val
13717,4,val
23395,8,val
26619,9,val
5334,1,val
11820,4,val
18115,6,val
22244,8,val
22908,8,val
24385,9,val
8476,2,val
16256,6,val
4455,1,val
12601,4,val
13697,4,val
25017,9,val
5535,1,val
15432,5,val
1682,0,val
26082,9,val
4952,1,val
4589,1,val
6227,2,val
17238,6,val
9313,3,val
25980,9,val
9857,3,val
17885,6,val
14050,5,val
7710,2,val
9032,3,val
795,0,val
21077,7,val
13317,4,val
18966,7,val
22370,8,val
11018,3,val
24453,9,val
646,0,val
16037,6,val
379,0,val
12745,4,val
5390,1,val
17977,6,val
16640,6,val
24806,9,val
17345,6,val
8795,2,val
4089,1,val
18411,6,val
26954,9,val
40,0,val
6996,2,val
16089,6,val
13782,4,val
9988,3,val
4309,1,val
12318,4,val
20341,7,val
18417,6,val
3461,1,val
7451,2,val
14503,5,val
22822,8,val
1155,0,val
26885,9,val
7503,2,val
12691,4,val
10470,3,val
9661,3,val
22875,8,val
6386,2,val
14266,5,val
10748,3,val
8352,2,val
5438,1,val
1573,0,val
10551,3,val
25262,9,val
17877,6,val
22504,8,val
4523,1,val
14932,5,val
21967,8,val
17012,6,val
2315,0,val
2921,0,val
24009,9,val
9605,3,val
19160,7,val
5428,1,val
16573,6,val
10332,3,val
15270,5,val
18121,6,val
5395,1,val
15854,5,val
7296,2,val
17829,6,val
25595,9,val
6901,2,val
12651,4,val
25855,9,val
2225,0,val
17409,6,val
17085,6,val
12883,4,val
4058,1,val
2855,0,val
13649,4,val
2192,0,val
18549,7,val
10051,3,val
7736,2,val
4658,1,val
16854,6,val
10824,3,val
8166,2,val
25748,9,val
9618,3,val
9410,3,val
13528,4,val
3631,1,val
19433,7,val
14405,5,val
13031,4,val
17938,6,val
1300,0,val
9842,3,val
12832,4,val
7069,2,val
26146,9,val
21614,8,val
6704,2,val
496,0,val
10215,3,val
4751,1,val
17598,6,val
16178,6,val
22652,8,val
4610,1,val
512,0,val
20564,7,val
21817,8,val
23725,8,val
22381,8,val
18911,7,val
5372,1,val
24161,9,val
10186,3,val
12860,4,val
9144,3,val
12050,4,val
1699,0,val
3398,1,val
13725,4,val
2690,0,val
17864,6,val
1026,0,val
23313,8,val
19696,7,val
21122,7,val
18879,7,val
577,0,val
20230,7,val
24792,9,val
9130,3,val
3326,1,val
16977,6,val
23614,8,val
16626,6,val
8759,2,val
25360,9,val
9652,3,val
25476,9,val
2996,0,val
2368,0,val
3299,1,val
17663,6,val
19170,7,val
24684,9,val
8154,2,val
26892,9,val
6459,2,val
17520,6,val
15492,5,val
18541,7,val
3187,1,val
13297,4,val
12151,4,val
4098,1,val
1257,0,val
21789,8,val
22555,8,val
23120,8,val
10310,3,val
17707,6,val
10426,3,val
25592,9,val
23060,8,val
4987,1,val
19824,7,val
10259,3,val
21611,8,val
9745,3,val
7605,2,val
19949,7,val
3562,1,val
6545,2,val
15911,5,val
11991,4,val
4722,1,val
4696,1,val
18405,6,val
12284,4,val
21413,7,val
19967,7,val
13036,4,val
19317,7,val
8007,2,val
15172,5,val
17121,6,val
6272,2,val
6813,2,val
11404,3,val
8457,2,val
8428,2,val
8334,2,val
18773,7,val
17670,6,val
4784,1,val
18965,7,val
26897,9,val
23694,8,val
24038,9,val
16850,6,val
20222,7,val
20848,7,val
5751,1,val
25378,9,val
10320,3,val
2877,0,val
3413,1,val
4960,1,val
18458,6,val
26377,9,val
25790,9,val
22462,8,val
20789,7,val
11756,4,val
4289,1,val
20029,7,val
15573,5,val
21158,7,val
14119,5,val
34,0,val
335,0,val
25315,9,val
14167,5,val
23667,8,val
5293,1,val
25264,9,val
12540,4,val
25813,9,val
14110,5,val
14925,5,val
12360,4,val
10613,3,val
14122,5,val
11412,3,val
25349,9,val
6170,2,val
22123,8,val
2592,0,val
12563,4,val
4896,1,val
14223,5,val
7514,2,val
20548,7,val
22042,8,val
14914,5,val
23037,8,val
10465,3,val
23638,8,val
2427,0,val
5875,1,val
21123,7,val
16833,6,val
21537,8,val
5046,1,val
11556,4,val
19758,7,val
24979,9,val
8223,2,val
13419,4,val
14712,5,val
20524,7,val
15989,5,val
804,0,val
25311,9,val
13322,4,val
26620,9,val
12630,4,val
6731,2,val
3362,1,val
8337,2,val
13221,4,val
25529,9,val
13908,4,val
20456,7,val
11818,4,val
8374,2,val
137,0,val
10571,3,val
2062,0,val
16084,6,val
13207,4,val
25372,9,val
23299,8,val
3278,1,val
26113,9,val
540,0,val
17774,6,val
23508,8,val
3522,1,val
21990,8,val
20690,7,val
15430,5,val
12190,4,val
3648,1,val
4105,1,val
15395,5,val
19988,7,val
21907,8,val
16293,6,val
21449,7,val
26642,9,val
12915,4,val
22763,8,val
17591,6,val
11769,4,val
11631,4,val
25016,9,val
24363,9,val
26557,9,val
21213,7,val
8216,2,val
25184,9,val
5376,1,val
20234,7,val
25083,9,val
24525,9,val
8341,2,val
25395,9,val
14098,5,val
19719,7,val
15202,5,val
5274,1,val
6116,2,val
15935,5,val
11520,4,val
4434,1,val
14611,5,val
25128,9,val
19319,7,val
23354,8,val
13103,4,val
19737,7,val
26365,9,val
26875,9,val
4590,1,val
26796,9,val
7724,2,val
3194,1,val
17702,6,val
7321,2,val
7979,2,val
9323,3,val
8135,2,val
21876,8,val
8273,2,val
5262,1,val
5488,1,val
15542,5,val
24897,9,val
17072,6,val
25565,9,val
7170,2,val
13615,4,val
18793,7,val
9742,3,val
11446,3,val
1092,0,val
13039,4,val
17207,6,val
14487,5,val
22761,8,val
4642,1,val
21499,7,val
23169,8,val
8498,2,val
6740,2,val
796,0,val
22453,8,val
17191,6,val
1836,0,val
19819,7,val
1680,0,val
8231,2,val
23819,8,val
23578,8,val
26209,9,val
919,0,val
10179,3,val
13675,4,val
459,0,val
22729,8,val
20335,7,val
4460,1,val
24551,9,val
21277,7,val
6454,2,val
16437,6,val
8710,2,val
7375,2,val
7104,2,val
24436,9,val
2160,0,val
19511,7,val
19137,7,val
22137,8,val
14652,5,val
25353,9,val
16365,6,val
13126,4,val
4469,1,val
6622,2,val
7842,2,val
11389,3,val
6446,2,val
17930,6,val
2775,0,val
2445,0,val
1875,0,val
20990,7,val
4298,1,val
19779,7,val
23403,8,val
25973,9,val
22075,8,val
2267,0,val
4708,1,val
42,0,val
25958,9,val
1390,0,val
666,0,val
22358,8,val
7714,2,val
20670,7,val
22512,8,val
23851,8,val
35,0,val
25971,9,val
3858,1,val
19479,7,val
15704,5,val
22091,8,val
26903,9,val
2503,0,val
8736,2,val
22480,8,val
23021,8,val
25178,9,val
8391,2,val
24791,9,val
24487,9,val
18775,7,val
12120,4,val
373,0,val
1629,0,val
21194,7,val
10054,3,val
1329,0,val
11695,4,val
20836,7,val
7118,2,val
3942,1,val
6064,2,val
4304,1,val
5455,1,val
24346,9,val
11191,3,val
1478,0,val
18528,7,val
8283,2,val
22657,8,val
17863,6,val
23852,8,val
20196,7,val
10159,3,val
4399,1,val
17265,6,val
10772,3,val
16861,6,val
12061,4,val
12764,4,val
17479,6,val
13690,4,val
21551,8,val
9167,3,val
18622,7,val
7759,2,val
20946,7,val
6752,2,val
7449,2,val
9581,3,val
8773,2,val
20302,7,val
16442,6,val
24907,9,val
2916,0,val
17524,6,val
8181,2,val
12922,4,val
19291,7,val
12708,4,val
7464,2,val
5524,1,val
19491,7,val
3700,1,val
22780,8,val
21775,8,val
26914,9,val
22420,8,val
17694,6,val
6728,2,val
2747,0,val
16988,6,val
3905,1,val
15526,5,val
8841,2,val
13592,4,val
6512,2,val
4904,1,val
2527,0,val
330,0,val
21249,7,val
23603,8,val
13760,4,val
12796,4,val
5130,1,val
20349,7,val
10702,3,val
18396,6,val
2548,0,val
6034,2,val
10014,3,val
638,0,val
6641,2,val
4110,1,val
17856,6,val
20600,7,val
18239,6,val
23558,8,val
22062,8,val
17326,6,val
3554,1,val
9328,3,val
25416,9,val
10106,3,val
11108,3,val
26937,9,val
5048,1,val
15071,5,val
18035,6,val
18403,6,val
16825,6,val
12962,4,val
8357,2,val
17842,6,val
15294,5,val
1768,0,val
13161,4,val
13405,4,val
4866,1,val
9550,3,val
13478,4,val
21139,7,val
25612,9,val
26529,9,val
186,0,val
25729,9,val
10280,3,val
18564,7,val
17350,6,val
2076,0,val
2557,0,val
6989,2,val
4390,1,val
2311,0,val
25603,9,val
9548,3,val
6727,2,val
11363,3,val
6861,2,val
11808,4,val
5578,1,val
22409,8,val
7352,2,val
19315,7,val
2382,0,val
7638,2,val
7541,2,val
18089,6,val
21665,8,val
23542,8,val
12542,4,val
7108,2,val
16668,6,val
3159,1,val
5174,1,val
7117,2,val
3433,1,val
9122,3,val
18106,6,val
750,0,val
13873,4,val
15011,5,val
2125,0,val
21618,8,val
18162,6,val
6492,2,val
863,0,val
8972,2,val
14558,5,val
18687,7,val
89,0,val
3317,1,val
13025,4,val
20871,7,val
5921,1,val
15381,5,val
10037,3,val
3331,1,val
22440,8,val
4179,1,val
1008,0,val
26212,9,val
26689,9,val
19301,7,val
23648,8,val
13735,4,val
5907,1,val
4140,1,val
22964,8,val
4810,1,val
25135,9,val
21792,8,val
15865,5,val
20637,7,val
1810,0,val
17074,6,val
6556,2,val
20452,7,val
1353,0,val
3358,1,val
4998,1,val
12643,4,val
814,0,val
12693,4,val
8550,2,val
6893,2,val
9780,3,val
2431,0,val
10821,3,val
5601,1,val
26264,9,val
8810,2,val
16900,6,val
16586,6,val
6026,2,val
21839,8,val
21716,8,val
9715,3,val
15104,5,val
23008,8,val
4356,1,val
20902,7,val
7511,2,val
6382,2,val
21223,7,val
21602,8,val
25201,9,val
18753,7,val
12488,4,val
24327,9,val
11897,4,val
3018,1,val
18395,6,val
26036,9,val
5504,1,val
10231,3,val
20974,7,val
10903,3,val
14916,5,val
20384,7,val
16756,6,val
19997,7,val
13681,4,val
14993,5,val
946,0,val
11100,3,val
6638,2,val
4877,1,val
18867,7,val
3442,1,val
2199,0,val
740,0,val
3314,1,val
12896,4,val
11067,3,val
24252,9,val
22985,8,val
20633,7,val
12245,4,val
19651,7,val
2406,0,val
26639,9,val
23481,8,val
25106,9,val
21008,7,val
5561,1,val
3816,1,val
18036,6,val
15706,5,val
1555,0,val
6903,2,val
15189,5,val
7644,2,val
9616,3,val
264,0,val
9217,3,val
2724,0,val
12783,4,val
22074,8,val
12091,4,val
17937,6,val
13396,4,val
14442,5,val
1118,0,val
9352,3,val
12538,4,val
22084,8,val
7089,2,val
26785,9,val
18023,6,val
4841,1,val
13901,4,val
26417,9,val
10409,3,val
17104,6,val
24266,9,val
7865,2,val
11257,3,val
10708,3,val
4259,1,val
23288,8,val
600,0,val
16398,6,val
3855,1,val
2455,0,val
9071,3,val
116,0,val
17158,6,val
20172,7,val
3440,1,val
1445,0,val
2048,0,val
14817,5,val
25986,9,val
11596,4,val
7808,2,val
2927,0,val
16535,6,val
4135,1,val
10863,3,val
24010,9,val
18683,7,val
10729,3,val
13966,4,val
21850,8,val
26749,9,val
13531,4,val
1434,0,val
24315,9,val
10077,3,val
13360,4,val
25459,9,val
26122,9,val
26226,9,val
5810,1,val
2237,0,val
12912,4,val
9947,3,val
12391,4,val
20712,7,val
2811,0,val
21554,8,val
9574,3,val
4691,1,val
26606,9,val
5150,1,val
15707,5,val
12838,4,val
5426,1,val
12087,4,val
11170,3,val
9121,3,val
17403,6,val
12689,4,val
6666,2,val
11649,4,val
24871,9,val
8276,2,val
7952,2,val
359,0,val
22293,8,val
5454,1,val
1996,0,val
23220,8,val
9145,3,val
22569,8,val
14434,5,val
2738,0,val
24926,9,val
25133,9,val
24367,9,val
11752,4,val
24610,9,val
13959,4,val
9143,3,val
25500,9,val
25854,9,val
18331,6,val
6998,2,val
12513,4,val
18916,7,val
7461,2,val
26308,9,val
12293,4,val
20215,7,val
20021,7,val
19060,7,val
2547,0,val
12926,4,val
3115,1,val
3266,1,val
1183,0,val
7073,2,val
2939,0,val
13037,4,val
3234,1,val
14040,5,val
23941,8,val
8312,2,val
2888,0,val
21272,7,val
8581,2,val
22482,8,val
6608,2,val
20922,7,val
26020,9,val
9147,3,val
5760,1,val
16492,6,val
26880,9,val
10849,3,val
20558,7,val
10375,3,val
24421,9,val
15131,5,val
130,0,val
10610,3,val
18659,7,val
20278,7,val
12947,4,val
13500,4,val
15134,5,val
20500,7,val
22229,8,val
1758,0,val
9870,3,val
15086,5,val
19580,7,val
23780,8,val
5207,1,val
5015,1,val
15213,5,val
18095,6,val
9146,3,val
25649,9,val
7777,2,val
13380,4,val
25814,9,val
14507,5,val
12716,4,val
26298,9,val
11510,4,val
24567,9,val
10026,3,val
7612,2,val
9620,3,val
24744,9,val
13613,4,val
894,0,val
10949,3,val
4076,1,val
854,0,val
24592,9,val
5663,1,val
15844,5,val
4635,1,val
5946,1,val
18442,6,val
17739,6,val
8758,2,val
20838,7,val
26155,9,val
14316,5,val
14645,5,val
10181,3,val
5814,1,val
24708,9,val
18415,6,val
3475,1,val
10348,3,val
20037,7,val
16518,6,val
14358,5,val
13393,4,val
17348,6,val
15037,5,val
18770,7,val
2327,0,val
20916,7,val
337,0,val
18901,7,val
24145,9,val
9939,3,val
9567,3,val
1944,0,val
22190,8,val
22234,8,val
13706,4,val
23829,8,val
13694,4,val
6626,2,val
24968,9,val
11594,4,val
17549,6,val
2798,0,val
541,0,val
6790,2,val
9966,3,val
20494,7,val
17447,6,val
18310,6,val
10800,3,val
8125,2,val
19407,7,val
7227,2,val
15512,5,val
20039,7,val
11254,3,val
10232,3,val
603,0,val
12020,4,val
13314,4,val
2660,0,val
21556,8,val
22175,8,val
14477,5,val
14717,5,val
18546,7,val
24884,9,val
6537,2,val
24334,9,val
7786,2,val
122,0,val
2859,0,val
21014,7,val
15774,5,val
12551,4,val
23212,8,val
12283,4,val
880,0,val
23048,8,val
15018,5,val
10425,3,val
20748,7,val
13486,4,val
10734,3,val
2231,0,val
23688,8,val
12054,4,val
5692,1,val
6066,2,val
16292,6,val
10162,3,val
10317,3,val
23296,8,val
10009,3,val
9898,3,val
18919,7,val
17854,6,val
7097,2,val
5614,1,val
14693,5,val
25239,9,val
5477,1,val
16677,6,val
26145,9,val
6072,2,val
14174,5,val
9933,3,val
23739,8,val
5485,1,val
5156,1,val
13928,4,val
25171,9,val
23929,8,val
22737,8,val
22363,8,val
11372,3,val
8256,2,val
8226,2,val
17818,6,val
5564,1,val
2479,0,val
21091,7,val
8313,2,val
15951,5,val
13775,4,val
18731,7,val
3083,1,val
26714,9,val
16189,6,val
14045,5,val
6277,2,val
11833,4,val
3488,1,val
26603,9,val
13759,4,val
19596,7,val
16907,6,val
26636,9,val
23216,8,val
23574,8,val
16532,6,val
18413,6,val
3200,1,val
3058,1,val
2544,0,val
17475,6,val
17386,6,val
2885,0,val
23260,8,val
3601,1,val
23786,8,val
3819,1,val
2767,0,val
6051,2,val
7695,2,val
356,0,val
17416,6,val
21675,8,val
24480,9,val
15852,5,val
17949,6,val
23722,8,val
2142,0,val
25415,9,val
13048,4,val
26207,9,val
4296,1,val
18131,6,val
13013,4,val
18557,7,val
12131,4,val
2613,0,val
8317,2,val
26859,9,val
22529,8,val
1516,0,val
11234,3,val
21412,7,val
25919,9,val
3973,1,val
2625,0,val
10596,3,val
8467,2,val
515,0,val
11080,3,val
11559,4,val
12468,4,val
2824,0,val
260,0,val
26752,9,val
20635,7,val
16832,6,val
12121,4,val
26126,9,val
11612,4,val
12282,4,val
17870,6,val
16947,6,val
5038,1,val
26027,9,val
23535,8,val
22734,8,val
17302,6,val
6722,2,val
20321,7,val
18496,6,val
26297,9,val
19277,7,val
8208,2,val
18069,6,val
2612,0,val
11660,4,val
16163,6,val
13585,4,val
17513,6,val
11135,3,val
10687,3,val
25419,9,val
19822,7,val
22250,8,val
15173,5,val
488,0,val
19858,7,val
15344,5,val
26861,9,val
9329,3,val
7274,2,val
25060,9,val
5364,1,val
22128,8,val
20467,7,val
26612,9,val
5176,1,val
4474,1,val
23996,8,val
15289,5,val
14974,5,val
1227,0,val
1785,0,val
6942,2,val
25934,9,val
5224,1,val
11604,4,val
15766,5,val
24589,9,val
127,0,val
7128,2,val
7152,2,val
574,0,val
5764,1,val
6920,2,val
3158,1,val
8542,2,val
24745,9,val
20413,7,val
1693,0,val
17767,6,val
10510,3,val
648,0,val
16427,6,val
22549,8,val
23121,8,val
531,0,val
21196,7,val
1348,0,val
5556,1,val
24957,9,val
20869,7,val
2640,0,val
23808,8,val
7350,2,val
19548,7,val
10088,3,val
7769,2,val
15633,5,val
853,0,val
6798,2,val
21734,8,val
14313,5,val
25161,9,val
1802,0,val
25041,9,val
23187,8,val
13004,4,val
11253,3,val
21373,7,val
20540,7,val
11138,3,val
25938,9,val
2744,0,val
10977,3,val
12487,4,val
3209,1,val
1035,0,val
21361,7,val
11069,3,val
11886,4,val
4522,1,val
10825,3,val
5670,1,val
23401,8,val
21203,7,val
19839,7,val
8368,2,val
26848,9,val
12834,4,val
15881,5,val
6616,2,val
1549,0,val
15609,5,val
25303,9,val
23408,8,val
13971,4,val
25616,9,val
15763,5,val
9023,3,val
20179,7,val
20470,7,val
24649,9,val
14509,5,val
19415,7,val
9896,3,val
3285,1,val
4757,1,val
8298,2,val
11030,3,val
21015,7,val
391,0,val
26539,9,val
13109,4,val
22251,8,val
317,0,val
7272,2,val
7462,2,val
18250,6,val
6562,2,val
15224,5,val
2704,0,val
17505,6,val
1020,0,val
17126,6,val
12664,4,val
14716,5,val
11904,4,val
2679,0,val
4991,1,val
13122,4,val
23884,8,val
19763,7,val
6636,2,val
11723,4,val
15297,5,val
10589,3,val
8387,2,val
8845,2,val
18934,7,val
25586,9,val
25408,9,val
3356,1,val
21834,8,val
7532,2,val
9388,3,val
3519,1,val
21607,8,val
13712,4,val
11316,3,val
6565,2,val
17837,6,val
25663,9,val
23660,8,val
18866,7,val
7940,2,val
22208,8,val
7956,2,val
22757,8,val
20682,7,val
7312,2,val
24935,9,val
8019,2,val
10741,3,val
7999,2,val
14827,5,val
17672,6,val
8092,2,val
4524,1,val
5533,1,val
5508,1,val
21890,8,val
15982,5,val
16271,6,val
14587,5,val
10134,3,val
3067,1,val
1191,0,val
16849,6,val
17929,6,val
19916,7,val
119,0,val
17002,6,val
11686,4,val
15894,5,val
17003,6,val
4403,1,val
22667,8,val
2081,0,val
8123,2,val
18277,6,val
2265,0,val
5931,1,val
833,0,val
14699,5,val
13584,4,val
19467,7,val
1698,0,val
16038,6,val
5019,1,val
8853,2,val
5794,1,val
8925,2,val
14065,5,val
23849,8,val
16691,6,val
11896,4,val
11611,4,val
3674,1,val
9746,3,val
23897,8,val
11368,3,val
3656,1,val
23770,8,val
717,0,val
22360,8,val
18949,7,val
2766,0,val
21140,7,val
11001,3,val
6812,2,val
1129,0,val
11930,4,val
17887,6,val
25144,9,val
19246,7,val
19309,7,val
8653,2,val
16374,6,val
13771,4,val
10644,3,val
2802,0,val
25510,9,val
25397,9,val
23039,8,val
14192,5,val
2945,0,val
21472,7,val
7167,2,val
21631,8,val
1982,0,val
24412,9,val
12829,4,val
18410,6,val
16267,6,val
16556,6,val
6378,2,val
1504,0,val
21414,7,val
17148,6,val
17523,6,val
20801,7,val
6215,2,val
17900,6,val
26313,9,val
26279,9,val
14597,5,val
23394,8,val
4249,1,val
21822,8,val
18795,7,val
3891,1,val
25682,9,val
15842,5,val
4552,1,val
21102,7,val
16307,6,val
12395,4,val
19361,7,val
7677,2,val
21044,7,val
16541,6,val
13480,4,val
12026,4,val
6380,2,val
20895,7,val
2520,0,val
24188,9,val
13102,4,val
17686,6,val
17675,6,val
9576,3,val
25316,9,val
19901,7,val
13279,4,val
7317,2,val
21568,8,val
15530,5,val
18228,6,val
3270,1,val
17420,6,val
16228,6,val
23853,8,val
8266,2,val
11842,4,val
15373,5,val
8567,2,val
23607,8,val
12749,4,val
1209,0,val
4067,1,val
13120,4,val
13301,4,val
18388,6,val
9389,3,val
2785,0,val
22240,8,val
11292,3,val
1439,0,val
17433,6,val
6684,2,val
15632,5,val
22584,8,val
19740,7,val
8212,2,val
18198,6,val
21515,8,val
21835,8,val
12466,4,val
25063,9,val
19187,7,val
7984,2,val
16754,6,val
5546,1,val
16645,6,val
9085,3,val
10545,3,val
15523,5,val
16688,6,val
14648,5,val
7749,2,val
11755,4,val
3022,1,val
9941,3,val
21382,7,val
5021,1,val
4398,1,val
25988,9,val
8783,2,val
10550,3,val
25850,9,val
18678,7,val
24338,9,val
8121,2,val
14560,5,val
17230,6,val
16713,6,val
5436,1,val
21980,8,val
22903,8,val
3483,1,val
14039,5,val
19211,7,val
14605,5,val
13065,4,val
1625,0,val
22740,8,val
19459,7,val
20214,7,val
9734,3,val
3271,1,val
16770,6,val
25844,9,val
19006,7,val
14036,5,val
25332,9,val
16160,6,val
24168,9,val
13440,4,val
6001,2,val
11462,3,val
9036,3,val
21301,7,val
12154,4,val
9416,3,val
15068,5,val
1256,0,val
11152,3,val
25827,9,val
23049,8,val
11550,4,val
22928,8,val
12479,4,val
15180,5,val
7454,2,val
7779,2,val
22107,8,val
20490,7,val
5594,1,val
6598,2,val
18216,6,val
15268,5,val
9767,3,val
11223,3,val
13293,4,val
2158,0,val
13040,4,val
10865,3,val
3871,1,val
18287,6,val
4767,1,val
26540,9,val
16958,6,val
12373,4,val
17835,6,val
6648,2,val
10996,3,val
17866,6,val
11128,3,val
12176,4,val
2600,0,val
11119,3,val
22653,8,val
14561,5,val
16197,6,val
23905,8,val
8234,2,val
2787,0,val
23245,8,val
2934,0,val
6751,2,val
19453,7,val
23309,8,val
19753,7,val
20628,7,val
11351,3,val
14078,5,val
12431,4,val
5384,1,val
23064,8,val
3436,1,val
18913,7,val
18140,6,val
17352,6,val
22374,8,val
4693,1,val
5652,1,val
18890,7,val
25147,9,val
19980,7,val
25169,9,val
25033,9,val
12481,4,val
22267,8,val
22897,8,val
5064,1,val
1722,0,val
11934,4,val
21386,7,val
6694,2,val
10667,3,val
20298,7,val
16855,6,val
16961,6,val
1246,0,val
5050,1,val
14821,5,val
2141,0,val
21462,7,val
4299,1,val
2580,0,val
4823,1,val
26444,9,val
19399,7,val
23154,8,val
1312,0,val
12696,4,val
21659,8,val
2862,0,val
26741,9,val
16953,6,val
3684,1,val
20094,7,val
19207,7,val
12329,4,val
2139,0,val
7092,2,val
13096,4,val
12167,4,val
21118,7,val
9238,3,val
3138,1,val
25495,9,val
13562,4,val
6701,2,val
7273,2,val
17038,6,val
14367,5,val
25477,9,val
20238,7,val
22772,8,val
19502,7,val
17267,6,val
19168,7,val
19173,7,val
11489,3,val
20181,7,val
12592,4,val
732,0,val
8134,2,val
3771,1,val
7755,2,val
10780,3,val
3726,1,val
23352,8,val
2833,0,val
15447,5,val
5443,1,val
17561,6,val
25035,9,val
20913,7,val
652,0,val
6896,2,val
15039,5,val
22423,8,val
24167,9,val
12093,4,val
8296,2,val
14810,5,val
12224,4,val
19387,7,val
5468,1,val
25996,9,val
4107,1,val
8353,2,val
15177,5,val
10155,3,val
6326,2,val
9773,3,val
7871,2,val
21190,7,val
3987,1,val
9298,3,val
7192,2,val
21353,7,val
25644,9,val
20721,7,val
5277,1,val
22865,8,val
23991,8,val
16951,6,val
25374,9,val
7861,2,val
15467,5,val
26490,9,val
10986,3,val
388,0,val
1214,0,val
23239,8,val
26435,9,val
11875,4,val
10040,3,val
7635,2,val
20644,7,val
25701,9,val
14839,5,val
22958,8,val
13114,4,val
17529,6,val
851,0,val
6414,2,val
6787,2,val
3009,1,val
8140,2,val
2198,0,val
15357,5,val
13163,4,val
5704,1,val
22656,8,val
2336,0,val
16619,6,val
23974,8,val
2923,0,val
5231,1,val
22156,8,val
15596,5,val
26228,9,val
21997,8,val
2713,0,val
23756,8,val
200,0,val
18007,6,val
16253,6,val
3552,1,val
18401,6,val
9711,3,val
2680,0,val
22791,8,val
25209,9,val
475,0,val
1630,0,val
12320,4,val
2235,0,val
19086,7,val
20194,7,val
24207,9,val
4548,1,val
26397,9,val
12682,4,val
16205,6,val
3578,1,val
10932,3,val
25108,9,val
10673,3,val
5723,1,val
5898,1,val
12744,4,val
10234,3,val
1493,0,val
17648,6,val
4327,1,val
4890,1,val
13933,4,val
18681,7,val
22784,8,val
25307,9,val
9545,3,val
24314,9,val
21007,7,val
24617,9,val
16933,6,val
14732,5,val
26332,9,val
23777,8,val
5853,1,val
12489,4,val
850,0,val
10587,3,val
5699,1,val
7989,2,val
8993,2,val
2391,0,val
22494,8,val
1470,0,val
7936,2,val
15451,5,val
19080,7,val
26996,9,val
4104,1,val
18264,6,val
9244,3,val
7301,2,val
3153,1,val
9697,3,val
5211,1,val
8598,2,val
9354,3,val
13567,4,val
25886,9,val
5368,1,val
10774,3,val
19653,7,val
17400,6,val
4739,1,val
26655,9,val
9728,3,val
17998,6,val
3785,1,val
3993,1,val
22116,8,val
21776,8,val
18524,7,val
2277,0,val
19780,7,val
20455,7,val
17808,6,val
4988,1,val
25647,9,val
1942,0,val
17847,6,val
17483,6,val
1030,0,val
23276,8,val
24756,9,val
23832,8,val
21029,7,val
10872,3,val
9091,3,val
580,0,val
7567,2,val
23633,8,val
15583,5,val
21240,7,val
2278,0,val
20892,7,val
24228,9,val
24975,9,val
11098,3,val
3661,1,val
18047,6,val
20182,7,val
18688,7,val
11443,3,val
20837,7,val
9990,3,val
24116,9,val
8775,2,val
4829,1,val
26720,9,val
13802,4,val
15848,5,val
25186,9,val
22919,8,val
15371,5,val
17990,6,val
11105,3,val
13511,4,val
18722,7,val
7326,2,val
11121,3,val
21511,8,val
10860,3,val
22214,8,val
26287,9,val
15947,5,val
11719,4,val
3817,1,val
10339,3,val
26584,9,val
17499,6,val
12365,4,val
2742,0,val
1719,0,val
13389,4,val
26509,9,val
24201,9,val
14108,5,val
15249,5,val
14543,5,val
21527,8,val
7177,2,val
22238,8,val
22915,8,val
12751,4,val
4727,1,val
1238,0,val
4137,1,val
11448,3,val
784,0,val
19216,7,val
1031,0,val
21244,7,val
5863,1,val
3348,1,val
13815,4,val
17194,6,val
23438,8,val
10526,3,val
8692,2,val
17989,6,val
26069,9,val
25779,9,val
8662,2,val
6085,2,val
4313,1,val
38,0,val
15634,5,val
977,0,val
17152,6,val
15242,5,val
16367,6,val
201,0,val
24949,9,val
4588,1,val
14183,5,val
26729,9,val
22085,8,val
448,0,val
6477,2,val
21941,8,val
23001,8,val
4900,1,val
5861,1,val
20686,7,val
26479,9,val
25276,9,val
13809,4,val
23675,8,val
24473,9,val
15563,5,val
14086,5,val
773,0,val
14510,5,val
11988,4,val
23823,8,val
19946,7,val
13113,4,val
3186,1,val
1019,0,val
21915,8,val
1314,0,val
6293,2,val
10034,3,val
10354,3,val
16339,6,val
20772,7,val
12175,4,val
14863,5,val
20715,7,val
15310,5,val
5788,1,val
8842,2,val
14338,5,val
26152,9,val
13379,4,val
21642,8,val
15059,5,val
26545,9,val
13454,4,val
225,0,val
26261,9,val
24221,9,val
189,0,val
24661,9,val
17287,6,val
24017,9,val
10663,3,val
12618,4,val
8917,2,val
15671,5,val
17171,6,val
18971,7,val
24495,9,val
22619,8,val
13450,4,val
4920,1,val
3739,1,val
25117,9,val
23443,8,val
18197,6,val
392,0,val
13119,4,val
20733,7,val
23947,8,val
18581,7,val
13818,4,val
3910,1,val
14743,5,val
21569,8,val
22877,8,val
8844,2,val
1906,0,val
14309,5,val
25260,9,val
1063,0,val
22405,8,val
25145,9,val
5648,1,val
2572,0,val
21891,8,val
378,0,val
20970,7,val
10189,3,val
19030,7,val
16989,6,val
23843,8,val
5378,1,val
15545,5,val
7944,2,val
3056,1,val
22887,8,val
16092,6,val
26970,9,val
24358,9,val
9596,3,val
882,0,val
26341,9,val
8584,2,val
7340,2,val
17685,6,val
13423,4,val
640,0,val
16536,6,val
9235,3,val
4935,1,val
10728,3,val
11273,3,val
23881,8,val
18815,7,val
10486,3,val
3504,1,val
15680,5,val
11592,4,val
6126,2,val
17810,6,val
8819,2,val
19268,7,val
653,0,val
5265,1,val
20290,7,val
10794,3,val
8728,2,val
357,0,val
22753,8,val
2317,0,val
18786,7,val
12558,4,val
896,0,val
9837,3,val
13355,4,val
21986,8,val
24231,9,val
23189,8,val
2352,0,val
11829,4,val
14874,5,val
13590,4,val
6342,2,val
17519,6,val
15853,5,val
8905,2,val
20707,7,val
4994,1,val
20894,7,val
6271,2,val
13121,4,val
16384,6,val
7030,2,val
11310,3,val
10190,3,val
4031,1,val
3532,1,val
2604,0,val
10119,3,val
12052,4,val
24497,9,val
3821,1,val
21749,8,val
18367,6,val
15477,5,val
15799,5,val
3997,1,val
16483,6,val
1324,0,val
10451,3,val
2558,0,val
10226,3,val
6894,2,val
779,0,val
24255,9,val
3374,1,val
26213,9,val
762,0,val
1755,0,val
16262,6,val
3540,1,val
24875,9,val
4815,1,val
19960,7,val
16934,6,val
21609,8,val
23646,8,val
7908,2,val
8641,2,val
1438,0,val
7135,2,val
12388,4,val
21953,8,val
9421,3,val
1848,0,val
6273,2,val
5955,1,val
21327,7,val
21557,8,val
24153,9,val
19427,7,val
26415,9,val
19161,7,val
4936,1,val
5928,1,val
19695,7,val
1816,0,val
1704,0,val
17010,6,val
4124,1,val
21401,7,val
15191,5,val
24718,9,val
180,0,val
3180,1,val
11384,3,val
8161,2,val
15930,5,val
2026,0,val
4449,1,val
25400,9,val
26516,9,val
6981,2,val
15918,5,val
2326,0,val
1415,0,val
6652,2,val
9568,3,val
25731,9,val
15285,5,val
26387,9,val
8623,2,val
1663,0,val
10386,3,val
19302,7,val
1976,0,val
19382,7,val
22953,8,val
19707,7,val
9075,3,val
2137,0,val
25811,9,val
19193,7,val
22257,8,val
12657,4,val
19679,7,val
20357,7,val
21152,7,val
9183,3,val
14292,5,val
11758,4,val
25656,9,val
26645,9,val
13922,4,val
19537,7,val
21408,7,val
9560,3,val
12723,4,val
1958,0,val
8894,2,val
815,0,val
20673,7,val
7674,2,val
24437,9,val
23140,8,val
4085,1,val
18365,6,val
2444,0,val
4625,1,val
7102,2,val
26765,9,val
25363,9,val
6152,2,val
1636,0,val
18975,7,val
4677,1,val
4603,1,val
8159,2,val
25156,9,val
6993,2,val
17625,6,val
8809,2,val
12348,4,val
14704,5,val
17373,6,val
25904,9,val
15975,5,val
18800,7,val
19847,7,val
3224,1,val
17984,6,val
12065,4,val
10105,3,val
5964,1,val
15516,5,val
16020,6,val
14445,5,val
14421,5,val
15004,5,val
4270,1,val
24643,9,val
7510,2,val
8989,2,val
19891,7,val
5904,1,val
11632,4,val
17987,6,val
23181,8,val
5671,1,val
400,0,val
1643,0,val
22430,8,val
22112,8,val
1045,0,val
9491,3,val
3361,1,val
22301,8,val
22573,8,val
24700,9,val
22876,8,val
26132,9,val
11751,4,val
18930,7,val
17963,6,val
21758,8,val
9705,3,val
10075,3,val
11333,3,val
418,0,val
11768,4,val
13205,4,val
7633,2,val
12908,4,val
15775,5,val
26668,9,val
5613,1,val
26544,9,val
12147,4,val
10518,3,val
1280,0,val
1631,0,val
12264,4,val
19561,7,val
20826,7,val
1396,0,val
7869,2,val
7173,2,val
9865,3,val
9401,3,val
2268,0,val
15187,5,val
19121,7,val
24432,9,val
9463,3,val
11816,4,val
4159,1,val
1460,0,val
14032,5,val
5587,1,val
7141,2,val
1649,0,val
6442,2,val
8263,2,val
16015,6,val
14569,5,val
769,0,val
25863,9,val
23901,8,val
16319,6,val
17781,6,val
10954,3,val
7669,2,val
18631,7,val
22810,8,val
5908,1,val
22034,8,val
7248,2,val
9197,3,val
12795,4,val
1440,0,val
6100,2,val
16996,6,val
5720,1,val
24607,9,val
6198,2,val
21981,8,val
12935,4,val
24541,9,val
17698,6,val
18539,7,val
10677,3,val
12666,4,val
9186,3,val
4997,1,val
20719,7,val
26108,9,val
9309,3,val
18357,6,val
12279,4,val
21919,8,val
12001,4,val
19796,7,val
20962,7,val
25185,9,val
21250,7,val
4178,1,val
23650,8,val
9595,3,val
8709,2,val
4913,1,val
14585,5,val
18945,7,val
15960,5,val
2145,0,val
9513,3,val
24032,9,val
26827,9,val
24296,9,val
25146,9,val
15036,5,val
22682,8,val
21623,8,val
4712,1,val
23698,8,val
24523,9,val
21856,8,val
17183,6,val
6176,2,val
17406,6,val
14353,5,val
4847,1,val
3164,1,val
12760,4,val
13679,4,val
13370,4,val
16050,6,val
18043,6,val
20271,7,val
5675,1,val
11088,3,val
7163,2,val
5269,1,val
26794,9,val
14491,5,val
223,0,val
25507,9,val
3277,1,val
23937,8,val
12800,4,val
6966,2,val
7959,2,val
8575,2,val
12203,4,val
15629,5,val
1342,0,val
21233,7,val
21367,7,val
23174,8,val
22896,8,val
9973,3,val
26029,9,val
23626,8,val
18838,7,val
10754,3,val
6109,2,val
7433,2,val
16289,6,val
3280,1,val
8694,2,val
15764,5,val
16009,6,val
10315,3,val
12987,4,val
18931,7,val
466,0,val
9440,3,val
26025,9,val
12100,4,val
6478,2,val
20659,7,val
4792,1,val
24931,9,val
14067,5,val
16098,6,val
14979,5,val
9322,3,val
25933,9,val
20122,7,val
17300,6,val
20557,7,val
5841,1,val
20018,7,val
830,0,val
21334,7,val
11398,3,val
3306,1,val
24634,9,val
9009,3,val
1955,0,val
5341,1,val
11788,4,val
5151,1,val
13937,4,val
7201,2,val
25355,9,val
7405,2,val
7579,2,val
3729,1,val
12222,4,val
2109,0,val
24359,9,val
8371,2,val
4106,1,val
7271,2,val
6825,2,val
21892,8,val
1496,0,val
899,0,val
2734,0,val
9358,3,val
20945,7,val
8867,2,val
7133,2,val
10725,3,val
23809,8,val
19648,7,val
25354,9,val
2950,0,val
22695,8,val
7951,2,val
12444,4,val
15042,5,val
3632,1,val
20921,7,val
17325,6,val
23139,8,val
22515,8,val
7487,2,val
11336,3,val
216,0,val
13778,4,val
9481,3,val
19157,7,val
5421,1,val
20118,7,val
10543,3,val
2041,0,val
22355,8,val
19866,7,val
26007,9,val
2401,0,val
14480,5,val
469,0,val
417,0,val
19334,7,val
22785,8,val
13142,4,val
10439,3,val
3382,1,val
25130,9,val
17687,6,val
9012,3,val
6409,2,val
2902,0,val
21622,8,val
2214,0,val
18467,6,val
5739,1,val
8502,2,val
14912,5,val
7703,2,val
23763,8,val
26820,9,val
12536,4,val
6615,2,val
18907,7,val
20963,7,val
15251,5,val
6978,2,val
23967,8,val
14407,5,val
11749,4,val
6607,2,val
7403,2,val
11918,4,val
558,0,val
15096,5,val
17662,6,val
671,0,val
12452,4,val
20141,7,val
13129,4,val
1335,0,val
15969,5,val
23465,8,val
12244,4,val
16111,6,val
11793,4,val
20648,7,val
8731,2,val
4682,1,val
23507,8,val
19786,7,val
22994,8,val
15829,5,val
14791,5,val
11609,4,val
18105,6,val
8593,2,val
22256,8,val
25752,9,val
18427,6,val
3081,1,val
18777,7,val
21738,8,val
26738,9,val
7811,2,val
21068,7,val
1526,0,val
16473,6,val
20436,7,val
15253,5,val
20595,7,val
6988,2,val
8126,2,val
5016,1,val
25604,9,val
8040,2,val
2716,0,val
11576,4,val
11739,4,val
1388,0,val
19329,7,val
3481,1,val
1799,0,val
10359,3,val
6421,2,val
16712,6,val
7229,2,val
20403,7,val
21294,7,val
7105,2,val
26675,9,val
21036,7,val
15952,5,val
13678,4,val
20369,7,val
5088,1,val
12095,4,val
9709,3,val
24253,9,val
7634,2,val
7331,2,val
7158,2,val
5942,1,val
21951,8,val
2881,0,val
13063,4,val
1482,0,val
23565,8,val
9591,3,val
4380,1,val
24969,9,val
11917,4,val
537,0,val
8488,2,val
4478,1,val
25052,9,val
5649,1,val
17472,6,val
4427,1,val
26578,9,val
7187,2,val
1369,0,val
18973,7,val
11449,3,val
11974,4,val
13461,4,val
12644,4,val
8027,2,val
6192,2,val
9204,3,val
23410,8,val
19226,7,val
11699,4,val
16133,6,val
16997,6,val
16887,6,val
9849,3,val
23141,8,val
12653,4,val
14941,5,val
19071,7,val
5697,1,val
17725,6,val
15556,5,val
21369,7,val
14923,5,val
22131,8,val
633,0,val
6515,2,val
79,0,val
6237,2,val
19903,7,val
19981,7,val
25498,9,val
26616,9,val
17143,6,val
8689,2,val
21725,8,val
5943,1,val
21539,8,val
1943,0,val
3383,1,val
21275,7,val
4457,1,val
11744,4,val
1989,0,val
6142,2,val
7455,2,val
23665,8,val
23815,8,val
2981,0,val
23436,8,val
975,0,val
22520,8,val
20342,7,val
4415,1,val
10382,3,val
8518,2,val
25964,9,val
18261,6,val
16122,6,val
9729,3,val
17021,6,val
23015,8,val
17065,6,val
26906,9,val
7873,2,val
5342,1,val
22067,8,val
20816,7,val
4863,1,val
4800,1,val
21069,7,val
14345,5,val
6593,2,val
9972,3,val
4180,1,val
16395,6,val
2598,0,val
21263,7,val
9269,3,val
11639,4,val
5307,1,val
2363,0,val
13951,4,val
15999,5,val
14575,5,val
23392,8,val
13316,4,val
19027,7,val
22377,8,val
1519,0,val
9956,3,val
17056,6,val
18665,7,val
17389,6,val
6241,2,val
17070,6,val
5967,1,val
8659,2,val
12202,4,val
14525,5,val
24747,9,val
15053,5,val
7722,2,val
17825,6,val
4062,1,val
8693,2,val
24624,9,val
20096,7,val
1574,0,val
3355,1,val
3868,1,val
22534,8,val
19889,7,val
7214,2,val
10297,3,val
4628,1,val
7302,2,val
19008,7,val
11295,3,val
22168,8,val
11037,3,val
12045,4,val
5982,1,val
2385,0,val
23940,8,val
23826,8,val
7067,2,val
21138,7,val
1528,0,val
6546,2,val
17612,6,val
9316,3,val
19816,7,val
25023,9,val
2361,0,val
3162,1,val
19735,7,val
18578,7,val
3024,1,val
5598,1,val
25785,9,val
10169,3,val
9645,3,val
23765,8,val
1184,0,val
14371,5,val
14727,5,val
10907,3,val
23605,8,val
25344,9,val
16340,6,val
4723,1,val
18752,7,val
26658,9,val
6296,2,val
10379,3,val
5367,1,val
6004,2,val
452,0,val
6067,2,val
267,0,val
14796,5,val
23194,8,val
15533,5,val
16774,6,val
14680,5,val
22349,8,val
7867,2,val
13391,4,val
1473,0,val
2454,0,val
3933,1,val
11821,4,val
16110,6,val
4573,1,val
24292,9,val
17798,6,val
7844,2,val
22809,8,val
10746,3,val
24601,9,val
4366,1,val
19350,7,val
20760,7,val
2432,0,val
2707,0,val
22245,8,val
403,0,val
10245,3,val
3140,1,val
4681,1,val
7983,2,val
24102,9,val
19643,7,val
10852,3,val
19322,7,val
22860,8,val
23221,8,val
11325,3,val
18606,7,val
22610,8,val
21143,7,val
24720,9,val
9965,3,val
5612,1,val
7820,2,val
10008,3,val
25562,9,val
22747,8,val
12004,4,val
26569,9,val
14669,5,val
3979,1,val
8294,2,val
24464,9,val
5309,1,val
5419,1,val
15075,5,val
9386,3,val
8749,2,val
13351,4,val
13891,4,val
1585,0,val
13617,4,val
17673,6,val
1358,0,val
5497,1,val
16785,6,val
7200,2,val
17490,6,val
7004,2,val
2301,0,val
8576,2,val
25548,9,val
10289,3,val
1899,0,val
1695,0,val
9530,3,val
18579,7,val
21318,7,val
20939,7,val
26867,9,val
6992,2,val
8031,2,val
6555,2,val
21765,8,val
1367,0,val
10895,3,val
16268,6,val
11656,4,val
11115,3,val
26706,9,val
21421,7,val
2539,0,val
7191,2,val
9100,3,val
17374,6,val
1168,0,val
17661,6,val
4701,1,val
2752,0,val
10269,3,val
10862,3,val
835,0,val
5872,1,val
23151,8,val
15592,5,val
9629,3,val
17327,6,val
5777,1,val
22554,8,val
18758,7,val
19799,7,val
23393,8,val
16514,6,val
20201,7,val
14767,5,val
3888,1,val
3912,1,val
8606,2,val
6689,2,val
6687,2,val
1974,0,val
3205,1,val
20243,7,val
3273,1,val
21095,7,val
1542,0,val
10598,3,val
1759,0,val
24755,9,val
11433,3,val
10814,3,val
14962,5,val
4644,1,val
16458,6,val
5523,1,val
8433,2,val
6476,2,val
3951,1,val
6129,2,val
9361,3,val
9622,3,val
8321,2,val
25279,9,val
6351,2,val
11225,3,val
26451,9,val
10889,3,val
5490,1,val
23560,8,val
15286,5,val
13955,4,val
14831,5,val
23615,8,val
12688,4,val
1297,0,val
12815,4,val
13458,4,val
20785,7,val
8318,2,val
7907,2,val
10443,3,val
13414,4,val
5672,1,val
22474,8,val
1180,0,val
3939,1,val
12501,4,val
17411,6,val
16263,6,val
10224,3,val
25224,9,val
16991,6,val
3330,1,val
24492,9,val
10151,3,val
24262,9,val
19447,7,val
18075,6,val
25230,9,val
18063,6,test
25764,9,test
868,0,test
13403,4,test
11484,3,test
10311,3,test
1136,0,test
26222,9,test
22787,8,test
20125,7,test
25468,9,test
3660,1,test
17770,6,test
21464,7,test
9364,3,test
13028,4,test
20634,7,test
11180,3,test
14155,5,test
13144,4,test
1522,0,test
14143,5,test
19448,7,test
4035,1,test
8284,2,test
21875,8,test
13902,4,test
8706,2,test
4475,1,test
4629,1,test
19859,7,test
14803,5,test
10658,3,test
12702,4,test
5559,1,test
10488,3,test
24691,9,test
23190,8,test
22812,8,test
6517,2,test
20865,7,test
15272,5,test
9663,3,test
6027,2,test
7632,2,test
19568,7,test
20212,7,test
6717,2,test
11849,4,test
25297,9,test
17301,6,test
13949,4,test
2611,0,test
19269,7,test
26038,9,test
4088,1,test
202,0,test
9583,3,test
153,0,test
12198,4,test
10294,3,test
12978,4,test
702,0,test
10195,3,test
22814,8,test
4636,1,test
25925,9,test
8495,2,test
24022,9,test
12060,4,test
1617,0,test
2693,0,test
19378,7,test
14301,5,test
8604,2,test
22969,8,test
11616,4,test
21032,7,test
14184,5,test
2936,0,test
24430,9,test
19618,7,test
9910,3,test
25158,9,test
16449,6,test
23206,8,test
1863,0,test
4659,1,test
6057,2,test
10388,3,test
16468,6,test
21802,8,test
12565,4,test
26051,9,test
26407,9,test
25911,9,test
21434,7,test
7552,2,test
1464,0,test
9655,3,test
6231,2,test
19729,7,test
18756,7,test
10577,3,test
19251,7,test
6184,2,test
12449,4,test
18891,7,test
15313,5,test
763,0,test
8830,2,test
21172,7,test
2101,0,test
23774,8,test
14012,5,test
25574,9,test
7964,2,test
21649,8,test
23601,8,test
24208,9,test
12943,4,test
2804,0,test
18608,7,test
12855,4,test
18144,6,test
4490,1,test
22776,8,test
23077,8,test
24895,9,test
2731,0,test
4565,1,test
21523,8,test
7560,2,test
21807,8,test
12518,4,test
6188,2,test
26975,9,test
23160,8,test
12078,4,test
25193,9,test
6548,2,test
1531,0,test
6507,2,test
25199,9,test
25615,9,test
1354,0,test
16581,6,test
21982,8,test
5854,1,test
21268,7,test
4130,1,test
8390,2,test
24788,9,test
12683,4,test
1686,0,test
1126,0,test
7425,2,test
1946,0,test
10885,3,test
19836,7,test
16914,6,test
9228,3,test
18054,6,test
15236,5,test
13765,4,test
12591,4,test
15185,5,test
2565,0,test
15061,5,test
15368,5,test
14166,5,test
14702,5,test
20297,7,test
20833,7,test
12265,4,test
16726,6,test
1903,0,test
19064,7,test
24265,9,test
6691,2,test
24813,9,test
16875,6,test
23985,8,test
21438,7,test
21107,7,test
24150,9,test
1254,0,test
24431,9,test
9432,3,test
25255,9,test
17804,6,test
5582,1,test
21502,8,test
19606,7,test
9978,3,test
2074,0,test
4574,1,test
14894,5,test
13443,4,test
19182,7,test
18744,7,test
19079,7,test
24194,9,test
19845,7,test
13445,4,test
11095,3,test
19616,7,test
1589,0,test
15889,5,test
13529,4,test
13223,4,test
18898,7,test
3902,1,test
7465,2,test
23079,8,test
2968,0,test
2587,0,test
9296,3,test
13969,4,test
22991,8,test
23930,8,test
1856,0,test
8887,2,test
2568,0,test
2052,0,test
26586,9,test
1579,0,test
953,0,test
12902,4,test
20069,7,test
10303,3,test
193,0,test
12300,4,test
8410,2,test
20432,7,test
25139,9,test
18915,7,test
14203,5,test
16176,6,test
12946,4,test
4127,1,test
12932,4,test
15374,5,test
3328,1,test
4811,1,test
13243,4,test
23396,8,test
3832,1,test
10469,3,test
24917,9,test
2573,0,test
16679,6,test
12803,4,test
25817,9,test
5466,1,test
15586,5,test
22132,8,test
11802,4,test
20353,7,test
2464,0,test
11229,3,test
11419,3,test
4367,1,test
1144,0,test
6467,2,test
26949,9,test
13201,4,test
5161,1,test
26617,9,test
7211,2,test
7598,2,test
484,0,test
22307,8,test
10306,3,test
980,0,test
13536,4,test
16149,6,test
19812,7,test
9957,3,test
13010,4,test
8050,2,test
18175,6,test
7622,2,test
9714,3,test
21916,8,test
6723,2,test
18024,6,test
25795,9,test
25756,9,test
21979,8,test
4838,1,test
12357,4,test
9539,3,test
8534,2,test
1761,0,test
4045,1,test
1224,0,test
15914,5,test
1687,0,test
20782,7,test
4556,1,test
15184,5,test
15949,5,test
13147,4,test
5994,1,test
20661,7,test
8837,2,test
5220,1,test
2980,0,test
3866,1,test
6962,2,test
22899,8,test
20355,7,test
21830,8,test
10721,3,test
20763,7,test
21848,8,test
17991,6,test
26943,9,test
2695,0,test
5661,1,test
23400,8,test
16521,6,test
20251,7,test
25726,9,test
15356,5,test
18122,6,test
25058,9,test
98,0,test
22943,8,test
1515,0,test
2806,0,test
19249,7,test
12706,4,test
17107,6,test
3397,1,test
24041,9,test
18896,7,test
13920,4,test
4082,1,test
1275,0,test
18715,7,test
7821,2,test
4011,1,test
8372,2,test
6703,2,test
18345,6,test
4442,1,test
19331,7,test
26591,9,test
10777,3,test
23118,8,test
22081,8,test
11212,3,test
18792,7,test
19396,7,test
2217,0,test
24258,9,test
25952,9,test
828,0,test
16591,6,test
1016,0,test
14833,5,test
4519,1,test
25809,9,test
26538,9,test
26105,9,test
26546,9,test
18003,6,test
12314,4,test
5447,1,test
7706,2,test
16554,6,test
689,0,test
15898,5,test
12172,4,test
10293,3,test
3359,1,test
7905,2,test
7378,2,test
6240,2,test
12612,4,test
9762,3,test
15931,5,test
5248,1,test
3193,1,test
25530,9,test
22912,8,test
11770,4,test
15534,5,test
15667,5,test
17919,6,test
3430,1,test
20906,7,test
19017,7,test
15760,5,test
11763,4,test
16218,6,test
13808,4,test
23251,8,test
15689,5,test
1371,0,test
13573,4,test
23812,8,test
14465,5,test
16130,6,test
23577,8,test
5242,1,test
10299,3,test
2790,0,test
16664,6,test
12397,4,test
20983,7,test
19341,7,test
26049,9,test
13357,4,test
7131,2,test
4497,1,test
2180,0,test
23192,8,test
21163,7,test
24080,9,test
18889,7,test
25385,9,test
19455,7,test
11197,3,test
5315,1,test
18313,6,test
2191,0,test
9132,3,test
17628,6,test
26034,9,test
2205,0,test
2049,0,test
18087,6,test
16128,6,test
18215,6,test
5416,1,test
16372,6,test
17039,6,test
9277,3,test
7549,2,test
26602,9,test
8173,2,test
16422,6,test
8748,2,test
26194,9,test
15637,5,test
6734,2,test
1081,0,test
22193,8,test
24476,9,test
22605,8,test
24269,9,test
8162,2,test
2150,0,test
22769,8,test
15044,5,test
23932,8,test
21768,8,test
19513,7,test
5665,1,test
14998,5,test
9549,3,test
26450,9,test
9838,3,test
8942,2,test
9590,3,test
21405,7,test
3995,1,test
16905,6,test
4502,1,test
25306,9,test
15498,5,test
4241,1,test
12925,4,test
23877,8,test
9630,3,test
19757,7,test
13086,4,test
14077,5,test
8970,2,test
5949,1,test
3244,1,test
19190,7,test
6585,2,test
19499,7,test
12237,4,test
21253,7,test
23377,8,test
25386,9,test
12111,4,test
20220,7,test
10230,3,test
26409,9,test
12089,4,test
7583,2,test
24383,9,test
4746,1,test
7384,2,test
12811,4,test
15382,5,test
16493,6,test
19179,7,test
24335,9,test
3232,1,test
23426,8,test
15005,5,test
8712,2,test
10921,3,test
11112,3,test
17393,6,test
16304,6,test
1959,0,test
24093,9,test
15897,5,test
8969,2,test
9793,3,test
25328,9,test
16440,6,test
7757,2,test
234,0,test
13633,4,test
10358,3,test
16924,6,test
20495,7,test
16812,6,test
1153,0,test
8068,2,test
17398,6,test
8814,2,test
25290,9,test
13640,4,test
15473,5,test
21402,7,test
19782,7,test
6281,2,test
16574,6,test
9923,3,test
2942,0,test
13671,4,test
26044,9,test
22797,8,test
26684,9,test
15917,5,test
16617,6,test
15165,5,test
13497,4,test
24472,9,test
13757,4,test
1782,0,test
26254,9,test
12597,4,test
21588,8,test
6383,2,test
2796,0,test
20881,7,test
19505,7,test
11427,3,test
22382,8,test
2515,0,test
11211,3,test
4822,1,test
22333,8,test
17269,6,test
17809,6,test
7507,2,test
19992,7,test
3557,1,test
1654,0,test
14293,5,test
5838,1,test
20545,7,test
16998,6,test
26763,9,test
21030,7,test
3340,1,test
10629,3,test
15115,5,test
6679,2,test
20508,7,test
19059,7,test
21322,7,test
12146,4,test
26510,9,test
11506,4,test
1458,0,test
17813,6,test
2330,0,test
6839,2,test
12448,4,test
14725,5,test
9185,3,test
336,0,test
22369,8,test
12424,4,test
4538,1,test
2620,0,test
5620,1,test
14269,5,test
25690,9,test
26350,9,test
7853,2,test
21336,7,test
683,0,test
13002,4,test
23106,8,test
713,0,test
21625,8,test
14296,5,test
12994,4,test
26238,9,test
19831,7,test
20077,7,test
13083,4,test
7996,2,test
2394,0,test
3000,1,test
25176,9,test
12535,4,test
20204,7,test
17236,6,test
13019,4,test
24256,9,test
21832,8,test
23282,8,test
5772,1,test
4572,1,test
15277,5,test
7357,2,test
20525,7,test
8884,2,test
18360,6,test
404,0,test
25313,9,test
26534,9,test
15649,5,test
5424,1,test
20934,7,test
23554,8,test
9073,3,test
22384,8,test
15997,5,test
1150,0,test
15209,5,test
20576,7,test
18714,7,test
12758,4,test
5102,1,test
20325,7,test
10278,3,test
20185,7,test
14302,5,test
5633,1,test
20572,7,test
7366,2,test
3928,1,test
20412,7,test
12406,4,test
4381,1,test
11314,3,test
12159,4,test
11315,3,test
13372,4,test
6418,2,test
10607,3,test
2576,0,test
25829,9,test
26241,9,test
18286,6,test
524,0,test
4592,1,test
14792,5,test
18920,7,test
15560,5,test
4447,1,test
12150,4,test
21453,7,test
21381,7,test
20479,7,test
2207,0,test
22600,8,test
25065,9,test
16517,6,test
6853,2,test
9836,3,test
20047,7,test
7215,2,test
19820,7,test
232,0,test
2331,0,test
18648,7,test
23263,8,test
6791,2,test
14801,5,test
7358,2,test
6527,2,test
24546,9,test
18475,6,test
20501,7,test
21130,7,test
18503,7,test
3573,1,test
26889,9,test
26118,9,test
16968,6,test
15998,5,test
17691,6,test
26004,9,test
19878,7,test
18304,6,test
6530,2,test
2085,0,test
13421,4,test
1172,0,test
2487,0,test
8858,2,test
17933,6,test
25957,9,test
15761,5,test
22570,8,test
1218,0,test
6288,2,test
7500,2,test
10012,3,test
635,0,test
20737,7,test
23407,8,test
24215,9,test
23668,8,test
26431,9,test
23427,8,test
23122,8,test
14431,5,test
13848,4,test
22547,8,test
7480,2,test
12173,4,test
2436,0,test
160,0,test
13844,4,test
16995,6,test
21974,8,test
16231,6,test
4417,1,test
17399,6,test
3490,1,test
17293,6,test
8063,2,test
15278,5,test
5790,1,test
16067,6,test
4036,1,test
20528,7,test
957,0,test
14658,5,test
11721,4,test
24478,9,test
22710,8,test
3650,1,test
4624,1,test
18754,7,test
7913,2,test
20154,7,test
16470,6,test
6497,2,test
10080,3,test
19367,7,test
10445,3,test
11543,4,test
8553,2,test
11947,4,test
6698,2,test
16164,6,test
1968,0,test
21732,8,test
9835,3,test
21067,7,test
25696,9,test
14886,5,test
10308,3,test
11110,3,test
22792,8,test
11589,4,test
2842,0,test
26656,9,test
5073,1,test
13518,4,test
19658,7,test
13055,4,test
5501,1,test
13537,4,test
5689,1,test
16959,6,test
6294,2,test
16055,6,test
25675,9,test
16376,6,test
3770,1,test
25803,9,test
5321,1,test
12421,4,test
25915,9,test
26054,9,test
1082,0,test
8934,2,test
24693,9,test
2006,0,test
24743,9,test
8144,2,test
4051,1,test
4431,1,test
26816,9,test
9312,3,test
241,0,test
146,0,test
9496,3,test
797,0,test
14511,5,test
25250,9,test
21497,7,test
20032,7,test
9859,3,test
26683,9,test
17621,6,test
7332,2,test
22276,8,test
26195,9,test
17749,6,test
3580,1,test
12317,4,test
19911,7,test
10154,3,test
7772,2,test
18789,7,test
22524,8,test
539,0,test
16783,6,test
11045,3,test
1240,0,test
20435,7,test
4517,1,test
4846,1,test
23349,8,test
13260,4,test
3880,1,test
22138,8,test
7761,2,test
1548,0,test
1060,0,test
2781,0,test
7279,2,test
1062,0,test
2588,0,test
6328,2,test
17151,6,test
2282,0,test
17458,6,test
12234,4,test
21504,8,test
26754,9,test
18587,7,test
3456,1,test
13561,4,test
8897,2,test
10038,3,test
5037,1,test
546,0,test
22053,8,test
1827,0,test
7990,2,test
25116,9,test
25418,9,test
20857,7,test
6524,2,test
22732,8,test
9267,3,test
24638,9,test
8237,2,test
10722,3,test
20751,7,test
20083,7,test
9109,3,test
20502,7,test
15685,5,test
19076,7,test
6935,2,test
17248,6,test
26334,9,test
23374,8,test
114,0,test
536,0,test
17498,6,test
6438,2,test
7412,2,test
21247,7,test
17283,6,test
26078,9,test
13131,4,test
20812,7,test
20677,7,test
5394,1,test
12480,4,test
11959,4,test
14973,5,test
6122,2,test
6178,2,test
22869,8,test
26023,9,test
2329,0,test
6443,2,test
12364,4,test
4591,1,test
25076,9,test
23735,8,test
23564,8,test
14008,5,test
26439,9,test
17589,6,test
13853,4,test
26091,9,test
10212,3,test
16786,6,test
15832,5,test
12865,4,test
7037,2,test
11889,4,test
1140,0,test
23625,8,test
5382,1,test
10137,3,test
24446,9,test
8362,2,test
3125,1,test
23493,8,test
3141,1,test
20016,7,test
11672,4,test
4736,1,test
2845,0,test
8708,2,test
14270,5,test
14335,5,test
18214,6,test
10773,3,test
13092,4,test
9768,3,test
2869,0,test
24823,9,test
16438,6,test
14365,5,test
22065,8,test
21470,7,test
7359,2,test
9788,3,test
2577,0,test
3161,1,test
2608,0,test
825,0,test
15417,5,test
8797,2,test
10343,3,test
8713,2,test
1492,0,test
3040,1,test
1145,0,test
9538,3,test
21056,7,test
5257,1,test
24109,9,test
19720,7,test
9372,3,test
20300,7,test
12363,4,test
5807,1,test
2386,0,test
24482,9,test
22916,8,test
6486,2,test
6471,2,test
10776,3,test
17617,6,test
10585,3,test
21865,8,test
8232,2,test
11939,4,test
21757,8,test
23230,8,test
11089,3,test
6344,2,test
21110,7,test
18260,6,test
18921,7,test
1923,0,test
13085,4,test
9087,3,test
3792,1,test
25451,9,test
13726,4,test
24568,9,test
9667,3,test
11840,4,test
22947,8,test
7045,2,test
24784,9,test
675,0,test
15452,5,test
5381,1,test
17928,6,test
95,0,test
26066,9,test
16382,6,test
62,0,test
19705,7,test
23644,8,test
16215,6,test
2193,0,test
24716,9,test
19245,7,test
9712,3,test
15424,5,test
206,0,test
12917,4,test
17139,6,test
971,0,test
3025,1,test
24392,9,test
10458,3,test
8443,2,test
5437,1,test
2060,0,test
8605,2,test
2000,0,test
21791,8,test
22707,8,test
19531,7,test
13605,4,test
20323,7,test
23365,8,test
13997,4,test
20754,7,test
26927,9,test
21293,7,test
14595,5,test
7129,2,test
1568,0,test
25312,9,test
15782,5,test
13056,4,test
9288,3,test
18962,7,test
991,0,test
15317,5,test
1751,0,test
11235,3,test
5218,1,test
4534,1,test
13872,4,test
7223,2,test
19894,7,test
10391,3,test
2675,0,test
396,0,test
16967,6,test
11417,3,test
26863,9,test
26131,9,test
8185,2,test
21714,8,test
14738,5,test
21964,8,test
3659,1,test
20877,7,test
4655,1,test
3703,1,test
24834,9,test
1156,0,test
17852,6,test
16282,6,test
12637,4,test
1028,0,test
23755,8,test
20148,7,test
10209,3,test
5201,1,test
3862,1,test
26747,9,test
22779,8,test
19134,7,test
25685,9,test
19346,7,test
2891,0,test
3076,1,test
12951,4,test
2094,0,test
6770,2,test
197,0,test
15617,5,test
23444,8,test
22357,8,test
11872,4,test
10695,3,test
5605,1,test
9853,3,test
1534,0,test
19152,7,test
8153,2,test
15521,5,test
23892,8,test
26224,9,test
8333,2,test
11031,3,test
11960,4,test
10129,3,test
18151,6,test
18669,7,test
12703,4,test
23681,8,test
22806,8,test
2316,0,test
18383,6,test
10304,3,test
4355,1,test
14243,5,test
12010,4,test
16066,6,test
4147,1,test
24290,9,test
26693,9,test
11403,3,test
3647,1,test
9688,3,test
64,0,test
15724,5,test
2935,0,test
16248,6,test
8696,2,test
11603,4,test
25582,9,test
21252,7,test
18008,6,test
24670,9,test
17353,6,test
10217,3,test
17388,6,test
2529,0,test
22294,8,test
1529,0,test
4827,1,test
24793,9,test
19490,7,test
20911,7,test
26455,9,test
22403,8,test
23424,8,test
6842,2,test
16174,6,test
22959,8,test
12040,4,test
22511,8,test
5623,1,test
21362,7,test
18657,7,test
3839,1,test
12545,4,test
5121,1,test
8794,2,test
25897,9,test
26833,9,test
11423,3,test
24710,9,test
4850,1,test
13425,4,test
20434,7,test
2524,0,test
3575,1,test
11385,3,test
12999,4,test
14755,5,test
15248,5,test
3123,1,test
2610,0,test
22553,8,test
6729,2,test
14721,5,test
26784,9,test
8136,2,test
2552,0,test
13607,4,test
21484,7,test
7236,2,test
14027,5,test
24577,9,test
15779,5,test
10312,3,test
21709,8,test
6437,2,test
26993,9,test
9092,3,test
12043,4,test
2197,0,test
17971,6,test
10248,3,test
22793,8,test
563,0,test
1661,0,test
24156,9,test
13250,4,test
3427,1,test
12218,4,test
13750,4,test
21584,8,test
15883,5,test
14549,5,test
10369,3,test
21488,7,test
20360,7,test
15790,5,test
16966,6,test
25691,9,test
22834,8,test
17571,6,test
20824,7,test
20231,7,test
17689,6,test
22606,8,test
12210,4,test
25580,9,test
20924,7,test
13011,4,test
13068,4,test
10094,3,test
7281,2,test
106,0,test
14005,5,test
17570,6,test
1212,0,test
19484,7,test
12410,4,test
4968,1,test
4102,1,test
26666,9,test
20731,7,test
2332,0,test
7743,2,test
50,0,test
25853,9,test
22469,8,test
525,0,test
17270,6,test
2255,0,test
11132,3,test
9294,3,test
9981,3,test
1152,0,test
2070,0,test
24849,9,test
17351,6,test
13366,4,test
11496,3,test
663,0,test
14579,5,test
9623,3,test
22191,8,test
19604,7,test
24016,9,test
26928,9,test
25334,9,test
3342,1,test
1372,0,test
12622,4,test
26314,9,test
5044,1,test
10484,3,test
21870,8,test
19318,7,test
510,0,test
7601,2,test
2055,0,test
23186,8,test
14786,5,test
7489,2,test
13828,4,test
24198,9,test
17138,6,test
15902,5,test
19581,7,test
25067,9,test
20742,7,test
11324,3,test
4207,1,test
19338,7,test
14774,5,test
8260,2,test
13350,4,test
12055,4,test
12137,4,test
4834,1,test
20654,7,test
11819,4,test
10296,3,test
2056,0,test
13492,4,test
7680,2,test
4378,1,test
25461,9,test
4463,1,test
26335,9,test
16477,6,test
10252,3,test
6707,2,test
25926,9,test
967,0,test
26609,9,test
1122,0,test
8698,2,test
5418,1,test
15959,5,test
13406,4,test
19360,7,test
8024,2,test
17379,6,test
16069,6,test
3178,1,test
15517,5,test
10660,3,test
13898,4,test
21457,7,test
8220,2,test
2931,0,test
3111,1,test
1683,0,test
21092,7,test
14552,5,test
8587,2,test
19709,7,test
20814,7,test
20552,7,test
920,0,test
3946,1,test
4787,1,test
14049,5,test
24001,9,test
7870,2,test
2200,0,test
24958,9,test
10904,3,test
11406,3,test
6916,2,test
7307,2,test
7264,2,test
5773,1,test
13463,4,test
6610,2,test
16884,6,test
5607,1,test
18732,7,test
15804,5,test
8490,2,test
18487,6,test
6371,2,test
12478,4,test
26008,9,test
7370,2,test
716,0,test
7545,2,test
7767,2,test
10637,3,test
18209,6,test
5014,1,test
16392,6,test
9627,3,test
5517,1,test
8610,2,test
5036,1,test
895,0,test
15237,5,test
7364,2,test
18350,6,test
10956,3,test
16431,6,test
2072,0,test
2710,0,test
9946,3,test
2830,0,test
6773,2,test
4064,1,test
8120,2,test
25054,9,test
16132,6,test
16459,6,test
1828,0,test
14255,5,test
26024,9,test
1851,0,test
2027,0,test
25371,9,test
19744,7,test
18527,7,test
2156,0,test
18461,6,test
25872,9,test
21133,7,test
24963,9,test
26072,9,test
13821,4,test
24604,9,test
1250,0,test
25747,9,test
21693,8,test
20150,7,test
17116,6,test
22921,8,test
2068,0,test
3556,1,test
6044,2,test
26497,9,test
22431,8,test
2294,0,test
1852,0,test
3935,1,test
15399,5,test
23127,8,test
3,0,test
17369,6,test
23723,8,test
18192,6,test
9584,3,test
22525,8,test
13179,4,test
6756,2,test
12985,4,test
5487,1,test
10813,3,test
18336,6,test
24091,9,test
20853,7,test
24014,9,test
9029,3,test
23452,8,test
17063,6,test
12670,4,test
14285,5,test
4525,1,test
24410,9,test
19562,7,test
8831,2,test
9848,3,test
20289,7,test
23575,8,test
24178,9,test
16184,6,test
20624,7,test
8330,2,test
1781,0,test
26826,9,test
22888,8,test
8261,2,test
9716,3,test
3364,1,test
10490,3,test
24489,9,test
18884,7,test
19694,7,test
15082,5,test
2683,0,test
2777,0,test
9815,3,test
25118,9,test
13015,4,test
23362,8,test
15012,5,test
20831,7,test
22056,8,test
6630,2,test
21756,8,test
2061,0,test
14112,5,test
18893,7,test
6468,2,test
11731,4,test
17339,6,test
3526,1,test
24128,9,test
2305,0,test
13668,4,test
21600,8,test
21391,7,test
22195,8,test
5469,1,test
22454,8,test
6179,2,test
15588,5,test
12021,4,test
12345,4,test
15486,5,test
14197,5,test
14430,5,test
4576,1,test
19756,7,test
9018,3,test
11179,3,test
19590,7,test
20511,7,test
6819,2,test
5101,1,test
11307,3,test
25018,9,test
2201,0,test
24616,9,test
5422,1,test
22932,8,test
22022,8,test
5660,1,test
20696,7,test
9769,3,test
21900,8,test
3801,1,test
639,0,test
9055,3,test
19305,7,test
24908,9,test
8472,2,test
18899,7,test
26999,9,test
26686,9,test
15314,5,test
8338,2,test
24352,9,test
14866,5,test
9637,3,test
3929,1,test
12243,4,test
15878,5,test
26005,9,test
14070,5,test
18118,6,test
26515,9,test
24679,9,test
8860,2,test
25801,9,test
17422,6,test
22281,8,test
4833,1,test
2631,0,test
19089,7,test
7391,2,test
6147,2,test
9826,3,test
7883,2,test
25902,9,test
18542,7,test
26391,9,test
16,0,test
3579,1,test
8172,2,test
19429,7,test
13194,4,test
13786,4,test
11118,3,test
852,0,test
26640,9,test
4116,1,test
25983,9,test
12144,4,test
17969,6,test
10717,3,test
8919,2,test
19325,7,test
14619,5,test
18237,6,test
12217,4,test
25699,9,test
25969,9,test
1823,0,test
17208,6,test
4349,1,test
13339,4,test
14366,5,test
4583,1,test
1824,0,test
4346,1,test
6365,2,test
26237,9,test
10939,3,test
16375,6,test
15741,5,test
9449,3,test
24609,9,test
13054,4,test
11206,3,test
6495,2,test
11781,4,test
15715,5,test
3396,1,test
19313,7,test
21654,8,test
25703,9,test
11035,3,test
23291,8,test
1520,0,test
13094,4,test
24422,9,test
22030,8,test
10519,3,test
10244,3,test
4141,1,test
12375,4,test
21299,7,test
23333,8,test
9280,3,test
8365,2,test
7390,2,test
18459,6,test
1141,0,test
3680,1,test
17546,6,test
837,0,test
492,0,test
13044,4,test
9270,3,test
25942,9,test
10032,3,test
13008,4,test
4325,1,test
11303,3,test
18100,6,test
16666,6,test
15015,5,test
1843,0,test
15219,5,test
16926,6,test
9909,3,test
15122,5,test
9599,3,test
23598,8,test
4776,1,test
25223,9,test
14553,5,test
26448,9,test
3583,1,test
26872,9,test
18719,7,test
26010,9,test
1147,0,test
17918,6,test
5222,1,test
4793,1,test
3220,1,test
4239,1,test
20463,7,test
17425,6,test
11260,3,test
21456,7,test
15101,5,test
1409,0,test
15726,5,test
17184,6,test
624,0,test
20332,7,test
6847,2,test
24883,9,test
14913,5,test
24197,9,test
22167,8,test
18742,7,test
22505,8,test
4627,1,test
11275,3,test
1603,0,test
18939,7,test
6549,2,test
23522,8,test
10855,3,test
9818,3,test
14556,5,test
26138,9,test
14922,5,test
11286,3,test
1327,0,test
10067,3,test
5626,1,test
12827,4,test
16016,6,test
319,0,test
25887,9,test
6479,2,test
15330,5,test
16099,6,test
21684,8,test
2984,0,test
11730,4,test
22035,8,test
17588,6,test
16480,6,test
9872,3,test
24748,9,test
11332,3,test
11738,4,test
23389,8,test
75,0,test
1646,0,test
13861,4,test
22305,8,test
24992,9,test
7082,2,test
22661,8,test
5867,1,test
14141,5,test
8048,2,test
21838,8,test
14897,5,test
5311,1,test
17470,6,test
474,0,test
25932,9,test
13575,4,test
22996,8,test
5597,1,test
7819,2,test
14936,5,test
3619,1,test
22108,8,test
18326,6,test
21813,8,test
19673,7,test
22565,8,test
14440,5,test
5282,1,test
4444,1,test
18051,6,test
6619,2,test
15939,5,test
19444,7,test
26973,9,test
19159,7,test
8148,2,test
16284,6,test
24337,9,test
14718,5,test
12343,4,test
23609,8,test
19232,7,test
10079,3,test
399,0,test
5676,1,test
21855,8,test
25107,9,test
22338,8,test
15750,5,test
16506,6,test
1243,0,test
26180,9,test
21038,7,test
8890,2,test
21880,8,test
27,0,test
22676,8,test
5221,1,test
15880,5,test
16072,6,test
20244,7,test
21283,7,test
3719,1,test
19463,7,test
16885,6,test
20691,7,test
16893,6,test
19979,7,test
26103,9,test
14472,5,test
26483,9,test
6913,2,test
5727,1,test
26214,9,test
11145,3,test
19125,7,test
20819,7,test
8280,2,test
24664,9,test
25930,9,test
17460,6,test
15702,5,test
4943,1,test
6983,2,test
24181,9,test
1881,0,test
8331,2,test
17572,6,test
21632,8,test
15171,5,test
6750,2,test
19947,7,test
11073,3,test
14235,5,test
17204,6,test
6324,2,test
4605,1,test
12472,4,test
17106,6,test
18279,6,test
15849,5,test
24240,9,test
19566,7,test
4812,1,test
7041,2,test
25847,9,test
15613,5,test
14483,5,test
2324,0,test
16829,6,test
13683,4,test
12214,4,test
1635,0,test
13472,4,test
26590,9,test
20067,7,test
8910,2,test
7160,2,test
7916,2,test
302,0,test
645,0,test
2264,0,test
13727,4,test
4479,1,test
10076,3,test
17146,6,test
7091,2,test
204,0,test
12034,4,test
24330,9,test
26233,9,test
25493,9,test
15442,5,test
5972,1,test
26734,9,test
26588,9,test
8823,2,test
15281,5,test
16902,6,test
15246,5,test
26412,9,test
23226,8,test
24647,9,test
7872,2,test
23020,8,test
3615,1,test
10074,3,test
19825,7,test
16254,6,test
17873,6,test
133,0,test
2036,0,test
4889,1,test
6077,2,test
12585,4,test
5941,1,test
18764,7,test
21635,8,test
9339,3,test
14904,5,test
20617,7,test
7437,2,test
13941,4,test
10357,3,test
17716,6,test
13088,4,test
21387,7,test
17045,6,test
19384,7,test
3595,1,test
11440,3,test
1167,0,test
5800,1,test
26386,9,test
20889,7,test
22278,8,test
24280,9,test
14930,5,test
2623,0,test
22593,8,test
18610,7,test
11048,3,test
19072,7,test
6534,2,test
2173,0,test
25165,9,test
20606,7,test
709,0,test
25187,9,test
11760,4,test
959,0,test
8532,2,test
2966,0,test
1485,0,test
13977,4,test
434,0,test
16161,6,test
13932,4,test
24268,9,test
14091,5,test
13368,4,test
26336,9,test
16348,6,test
12779,4,test
25409,9,test
10536,3,test
2465,0,test
22371,8,test
25177,9,test
1890,0,test
22938,8,test
10422,3,test
22165,8,test
21532,8,test
446,0,test
20232,7,test
20465,7,test
19240,7,test
24830,9,test
21883,8,test
22120,8,test
1984,0,test
16529,6,test
7540,2,test
11806,4,test
23244,8,test
1197,0,test
13591,4,test
3197,1,test
10719,3,test
25020,9,test
9179,3,test
20161,7,test
21893,8,test
13431,4,test
562,0,test
11056,3,test
18520,7,test
15874,5,test
5172,1,test
25348,9,test
12008,4,test
5097,1,test
1443,0,test
15259,5,test
3666,1,test
25452,9,test
10090,3,test
5659,1,test
1115,0,test
13906,4,test
14536,5,test
21845,8,test
17972,6,test
5703,1,test
15628,5,test
21113,7,test
26680,9,test
19294,7,test
3818,1,test
6153,2,test
21216,7,test
14850,5,test
19525,7,test
5500,1,test
16105,6,test
16259,6,test
17211,6,test
26956,9,test
23733,8,test
10247,3,test
20759,7,test
8184,2,test
24151,9,test
24056,9,test
10870,3,test
487,0,test
14286,5,test
20180,7,test
4023,1,test
6110,2,test
14852,5,test
747,0,test
7459,2,test
23017,8,test
4,0,test
19605,7,test
9707,3,test
11486,3,test
12057,4,test
13407,4,test
16629,6,test
9106,3,test
12610,4,test
24669,9,test
4314,1,test
20439,7,test
2963,0,test
9117,3,test
17364,6,test
7716,2,test
17280,6,test
25183,9,test
3309,1,test
10098,3,test
606,0,test
19571,7,test
18423,6,test
12781,4,test
5714,1,test
17276,6,test
3048,1,test
22201,8,test
21991,8,test
19760,7,test
20997,7,test
6366,2,test
20078,7,test
17359,6,test
4638,1,test
7738,2,test
8585,2,test
21516,8,test
18460,6,test
14449,5,test
21914,8,test
3761,1,test
8626,2,test
23380,8,test
25411,9,test
11025,3,test
7681,2,test
11308,3,test
26096,9,test
17318,6,test
13170,4,test
14090,5,test
10616,3,test
7798,2,test
36,0,test
23281,8,test
17226,6,test
25192,9,test
6128,2,test
21581,8,test
19551,7,test
8559,2,test
2847,0,test
22134,8,test
15674,5,test
23246,8,test
17762,6,test
7858,2,test
12321,4,test
20253,7,test
15868,5,test
20566,7,test
7506,2,test
15190,5,test
2808,0,test
8658,2,test
16869,6,test
6815,2,test
1819,0,test
7763,2,test
25639,9,test
16588,6,test
7420,2,test
2516,0,test
4050,1,test
20237,7,test
22421,8,test
21132,7,test
14219,5,test
21155,7,test
15309,5,test
24698,9,test
18736,7,test
17600,6,test
23074,8,test
933,0,test
20339,7,test
1794,0,test
26019,9,test
8779,2,test
22666,8,test
26436,9,test
11437,3,test
22984,8,test
19699,7,test
23391,8,test
25689,9,test
13895,4,test
19010,7,test
16193,6,test
23999,8,test
26196,9,test
364,0,test
4226,1,test
18672,7,test
1331,0,test
16454,6,test
6377,2,test
23096,8,test
20830,7,test
12600,4,test
22972,8,test
23870,8,test
6407,2,test
25789,9,test
26876,9,test
21307,7,test
13224,4,test
13948,4,test
12102,4,test
2039,0,test
17375,6,test
2844,0,test
8642,2,test
17828,6,test
1428,0,test
11824,4,test
12059,4,test
22894,8,test
7542,2,test
14889,5,test
1059,0,test
26147,9,test
26773,9,test
16662,6,test
24350,9,test
1707,0,test
23248,8,test
8568,2,test
11271,3,test
15436,5,test
19005,7,test
17982,6,test
20177,7,test
26269,9,test
12262,4,test
17154,6,test
9076,3,test
15561,5,test
25848,9,test
16472,6,test
8177,2,test
19931,7,test
1648,0,test
17717,6,test
6561,2,test
24721,9,test
21661,8,test
7815,2,test
18263,6,test
25439,9,test
11870,4,test
24195,9,test
2561,0,test
228,0,test
627,0,test
14568,5,test
20713,7,test
26685,9,test
10854,3,test
10645,3,test
3682,1,test
23252,8,test
1796,0,test
16982,6,test
23240,8,test
5936,1,test
25462,9,test
26058,9,test
4401,1,test
19739,7,test
2435,0,test
21241,7,test
10405,3,test
6082,2,test
15529,5,test
656,0,test
15168,5,test
8872,2,test
24827,9,test
18878,7,test
18202,6,test
13494,4,test
13761,4,test
2992,0,test
17890,6,test
7609,2,test
18002,6,test
138,0,test
13465,4,test
9465,3,test
5513,1,test
22122,8,test
5970,1,test
16498,6,test
25420,9,test
16992,6,test
7664,2,test
19449,7,test
1500,0,test
21690,8,test
22923,8,test
22816,8,test
2135,0,test
2904,0,test
13256,4,test
6573,2,test
7839,2,test
13026,4,test
13929,4,test
18387,6,test
17210,6,test
4799,1,test
25654,9,test
8580,2,test
15483,5,test
5929,1,test
26183,9,test
10533,3,test
23952,8,test
20068,7,test
6759,2,test
18275,6,test
3006,1,test
249,0,test
7221,2,test
9349,3,test
10368,3,test
6434,2,test
22577,8,test
1705,0,test
20350,7,test
9081,3,test
20927,7,test
20482,7,test
13291,4,test
21934,8,test
1870,0,test
24086,9,test
17277,6,test
4429,1,test
21287,7,test
25387,9,test
17556,6,test
11227,3,test
9924,3,test
3628,1,test
18083,6,test
26021,9,test
82,0,test
18986,7,test
1365,0,test
9105,3,test
19114,7,test
18762,7,test
14835,5,test
9537,3,test
9040,3,test
16841,6,test
5828,1,test
15274,5,test
23585,8,test
1838,0,test
18985,7,test
1855,0,test
17679,6,test
11,0,test
6801,2,test
19241,7,test
22591,8,test
14838,5,test
26199,9,test
6390,2,test
14842,5,test
25359,9,test
25977,9,test
12638,4,test
20163,7,test
3423,1,test
623,0,test
1252,0,test
262,0,test
11554,4,test
18927,7,test
25613,9,test
6973,2,test
15575,5,test
11022,3,test
13249,4,test
22096,8,test
1893,0,test
8453,2,test
18485,6,test
6955,2,test
2220,0,test
26722,9,test
18356,6,test
24646,9,test
26945,9,test
17772,6,test
15046,5,test
16394,6,test
8155,2,test
24517,9,test
18009,6,test
16689,6,test
7586,2,test
11185,3,test
3520,1,test
14942,5,test
20225,7,test
16034,6,test
16112,6,test
14589,5,test
3021,1,test
15625,5,test
4673,1,test
18594,7,test
11898,4,test
22655,8,test
20607,7,test
17548,6,test
18831,7,test
17218,6,test
5629,1,test
9431,3,test
2082,0,test
21580,8,test
2638,0,test
7995,2,test
1853,0,test
14516,5,test
11524,4,test
25838,9,test
19,0,test
22705,8,test
7935,2,test
4348,1,test
20811,7,test
8086,2,test
16993,6,test
2100,0,test
21957,8,test
22237,8,test
8043,2,test
17097,6,test
10918,3,test
24937,9,test
12724,4,test
23961,8,test
19722,7,test
1,0,test
3786,1,test
8776,2,test
25939,9,test
13481,4,test
688,0,test
19686,7,test
1908,0,test
372,0,test
19061,7,test
16913,6,test
9802,3,test
22688,8,test
20060,7,test
5194,1,test
11261,3,test
7184,2,test
9104,3,test
20461,7,test
6953,2,test
19774,7,test
16479,6,test
4875,1,test
4236,1,test
1038,0,test
14598,5,test
13231,4,test
1267,0,test
26568,9,test
8807,2,test
253,0,test
15684,5,test
14929,5,test
9782,3,test
15584,5,test
10377,3,test
12186,4,test
4714,1,test
23168,8,test
9868,3,test
1733,0,test
15225,5,test
11597,4,test
22104,8,test
17368,6,test
13510,4,test
7024,2,test
24328,9,test
26513,9,test
18321,6,test
25112,9,test
10191,3,test
15819,5,test
21274,7,test
739,0,test
6143,2,test
3226,1,test
22243,8,test
10834,3,test
22621,8,test
8179,2,test
7242,2,test
19439,7,test
14422,5,test
10609,3,test
878,0,test
3796,1,test
8394,2,test
13107,4,test
15745,5,test
4450,1,test
18449,6,test
16792,6,test
1169,0,test
17658,6,test
7001,2,test
5580,1,test
3863,1,test
22677,8,test
25940,9,test
753,0,test
12904,4,test
2556,0,test
25086,9,test
24840,9,test
1930,0,test
4113,1,test
7972,2,test
21166,7,test
23131,8,test
11680,4,test
7751,2,test
6171,2,test
9425,3,test
22127,8,test
877,0,test
10158,3,test
15511,5,test
16761,6,test
9470,3,test
15282,5,test
10875,3,test
18171,6,test
14811,5,test
19881,7,test
9873,3,test
18471,6,test
10506,3,test
12812,4,test
6972,2,test
13524,4,test
24321,9,test
5429,1,test
10957,3,test
24320,9,test
26589,9,test
26531,9,test
12492,4,test
18981,7,test
11551,4,test
10261,3,test
4275,1,test
13286,4,test
12312,4,test
1605,0,test
14420,5,test
20322,7,test
15519,5,test
1346,0,test
13255,4,test
15484,5,test
22659,8,test
5079,1,test
7521,2,test
19421,7,test
25822,9,test
24075,9,test
24449,9,test
19310,7,test
25078,9,test
16114,6,test
22815,8,test
3052,1,test
3943,1,test
11741,4,test
2088,0,test
20723,7,test
2355,0,test
8279,2,test
3694,1,test
9672,3,test
16728,6,test
4932,1,test
4111,1,test
4577,1,test
13632,4,test
23972,8,test
9191,3,test
16883,6,test
17538,6,test
6441,2,test
26285,9,test
3885,1,test
15446,5,test
11929,4,test
9753,3,test
22514,8,test
2822,0,test
8240,2,test
7855,2,test
24887,9,test
3117,1,test
2918,0,test
8899,2,test
9808,3,test
1734,0,test
10962,3,test
13051,4,test
10733,3,test
9783,3,test
7831,2,test
16583,6,test
10567,3,test
622,0,test
24396,9,test
5567,1,test
10478,3,test
5158,1,test
4494,1,test
19832,7,test
24763,9,test
17920,6,test
15070,5,test
23845,8,test
21579,8,test
20020,7,test
7039,2,test
8855,2,test
22052,8,test
13003,4,test
9832,3,test
15500,5,test
5230,1,test
17250,6,test
14467,5,test
21023,7,test
3695,1,test
15555,5,test
13105,4,test
16158,6,test
4948,1,test
12383,4,test
17486,6,test
2433,0,test
13806,4,test
280,0,test
7781,2,test
13696,4,test
8295,2,test
23422,8,test
15759,5,test
7178,2,test
16753,6,test
884,0,test
26844,9,test
15879,5,test
12981,4,test
10004,3,test
12073,4,test
13095,4,test
17506,6,test
26009,9,test
5848,1,test
20348,7,test
11539,4,test
1969,0,test
8095,2,test
7727,2,test
2541,0,test
13460,4,test
7137,2,test
143,0,test
23293,8,test
21234,7,test
18929,7,test
15977,5,test
23270,8,test
12074,4,test
20397,7,test
19482,7,test
21727,8,test
10689,3,test
22483,8,test
17315,6,test
5302,1,test
3906,1,test
13340,4,test
18158,6,test
24717,9,test
1892,0,test
18463,6,test
18068,6,test
6322,2,test
19854,7,test
13410,4,test
14719,5,test
6308,2,test
23581,8,test
2105,0,test
6786,2,test
3727,1,test
17372,6,test
11654,4,test
25509,9,test
6737,2,test
19961,7,test
6912,2,test
5482,1,test
16920,6,test
6391,2,test
17853,6,test
154,0,test
22535,8,test
26774,9,test
21624,8,test
18093,6,test
17333,6,test
569,0,test
6225,2,test
681,0,test
26117,9,test
25197,9,test
24313,9,test
11474,3,test
10866,3,test
10309,3,test
14682,5,test
1887,0,test
4546,1,test
26803,9,test
15785,5,test
7329,2,test
6873,2,test
6174,2,test
15927,5,test
10564,3,test
19261,7,test
26263,9,test
4750,1,test
23000,8,test
12459,4,test
11151,3,test
3215,1,test
15402,5,test
3212,1,test
9370,3,test
18309,6,test
23484,8,test
5279,1,test
10603,3,test
4724,1,test
11063,3,test
22322,8,test
15216,5,test
11374,3,test
4228,1,test
1160,0,test
21549,8,test
6193,2,test
11047,3,test
18794,7,test
13574,4,test
4626,1,test
10432,3,test
6919,2,test
16941,6,test
7515,2,test
6138,2,test
26840,9,test
4762,1,test
17568,6,test
19995,7,test
8530,2,test
1633,0,test
12847,4,test
9699,3,test
17967,6,test
22825,8,test
7013,2,test
20233,7,test
25134,9,test
14071,5,test
11600,4,test
21583,8,test
11610,4,test
26454,9,test
20086,7,test
3820,1,test
723,0,test
2075,0,test
3824,1,test
5359,1,test
19685,7,test
21570,8,test
23868,8,test
5678,1,test
11196,3,test
13984,4,test
955,0,test
3883,1,test
9486,3,test
3460,1,test
22179,8,test
11900,4,test
14958,5,test
23920,8,test
10156,3,test
5606,1,test
10292,3,test
18424,6,test
22171,8,test
22311,8,test
16614,6,test
8131,2,test
23907,8,test
19515,7,test
14428,5,test
11884,4,test
1597,0,test
4967,1,test
12036,4,test
5052,1,test
19342,7,test
23022,8,test
5078,1,test
15439,5,test
9980,3,test
8992,2,test
15339,5,test
2065,0,test
16780,6,test
5005,1,test
25257,9,test
26661,9,test
20246,7,test
8449,2,test
22699,8,test
9991,3,test
12374,4,test
22628,8,test
18603,7,test
6091,2,test
12106,4,test
6283,2,test
22348,8,test
8420,2,test
8971,2,test
24899,9,test
17932,6,test
3269,1,test
6642,2,test
12354,4,test
19257,7,test
10263,3,test
8271,2,test
12668,4,test
9345,3,test
2677,0,test
7894,2,test
21026,7,test
2947,0,test
6156,2,test
21669,8,test
6469,2,test
1998,0,test
9203,3,test
14279,5,test
6976,2,test
23387,8,test
13449,4,test
23501,8,test
13006,4,test
21553,8,test
21343,7,test
7255,2,test
26767,9,test
10558,3,test
6826,2,test
26923,9,test
12082,4,test
16757,6,test
2165,0,test
5479,1,test
13447,4,test
22447,8,test
22125,8,test
6084,2,test
1101,0,test
8262,2,test
4091,1,test
10257,3,test
5059,1,test
15197,5,test
20550,7,test
11861,4,test
11304,3,test
22387,8,test
11618,4,test
8378,2,test
8565,2,test
23073,8,test
23528,8,test
8079,2,test
20449,7,test
16904,6,test
24856,9,test
18597,7,test
19406,7,test
14789,5,test
22054,8,test
11493,3,test
760,0,test
19483,7,test
17048,6,test
15231,5,test
6669,2,test
20046,7,test
5146,1,test
14083,5,test
23088,8,test
12438,4,test
22889,8,test
21082,7,test
13210,4,test
22436,8,test
18662,7,test
16952,6,test
23441,8,test
7942,2,test
17910,6,test
23803,8,test
17392,6,test
2224,0,test
12577,4,test
7522,2,test
12261,4,test
25808,9,test
25924,9,test
1363,0,test
12642,4,test
20810,7,test
2253,0,test
24594,9,test
10177,3,test
3546,1,test
16058,6,test
12567,4,test
3593,1,test
22735,8,test
3779,1,test
21202,7,test
25774,9,test
15655,5,test
9375,3,test
25657,9,test
9658,3,test
22442,8,test
22866,8,test
320,0,test
9777,3,test
20033,7,test
7971,2,test
12569,4,test
20980,7,test
11709,4,test
6805,2,test
23177,8,test
16609,6,test
846,0,test
7079,2,test
14328,5,test
26948,9,test
23634,8,test
5498,1,test
16938,6,test
20521,7,test
1384,0,test
16862,6,test
8244,2,test
23193,8,test
20002,7,test
4928,1,test
770,0,test
18349,6,test
19354,7,test
19620,7,test
17177,6,test
5846,1,test
24106,9,test
13311,4,test
4771,1,test
13974,4,test
15226,5,test
20517,7,test
11674,4,test
9411,3,test
9125,3,test
20680,7,test
9544,3,test
996,0,test
16187,6,test
9730,3,test
6213,2,test
19930,7,test
2482,0,test
4986,1,test
13348,4,test
5256,1,test
12575,4,test
21440,7,test
14100,5,test
13672,4,test
16923,6,test
25004,9,test
14818,5,test
13099,4,test
13346,4,test
2773,0,test
19272,7,test
14937,5,test
12097,4,test
17581,6,test
6937,2,test
26643,9,test
2047,0,test
7380,2,test
19357,7,test
10664,3,test
9889,3,test
24815,9,test
2913,0,test
12241,4,test
6151,2,test
26990,9,test
25709,9,test
25556,9,test
11194,3,test
26290,9,test
3872,1,test
19612,7,test
16834,6,test
10503,3,test
13367,4,test
4675,1,test
14278,5,test
26083,9,test
502,0,test
595,0,test
1282,0,test
6633,2,test
23502,8,test
6063,2,test
23531,8,test
23716,8,test
14760,5,test
16366,6,test
2291,0,test
14193,5,test
5712,1,test
8572,2,test
22023,8,test
17061,6,test
11962,4,test
18950,7,test
18097,6,test
17140,6,test
18019,6,test
24965,9,test
7797,2,test
9892,3,test
2408,0,test
7157,2,test
12070,4,test
2489,0,test
12740,4,test
21663,8,test
22456,8,test
26716,9,test
92,0,test
10835,3,test
9851,3,test
20458,7,test
1469,0,test
9810,3,test
5096,1,test
20133,7,test
6024,2,test
11835,4,test
7351,2,test
1787,0,test
11280,3,test
4855,1,test
4759,1,test
22811,8,test
10070,3,test
7207,2,test
11050,3,test
13137,4,test
20042,7,test
2814,0,test
3849,1,test
18772,7,test
5532,1,test
18516,7,test
17927,6,test
18157,6,test
10703,3,test
24391,9,test
9355,3,test
21744,8,test
22475,8,test
15006,5,test
3603,1,test
14807,5,test
25283,9,test
791,0,test
17953,6,test
6719,2,test
15176,5,test
18099,6,test
19015,7,test
2021,0,test
10112,3,test
7469,2,test
3261,1,test
7319,2,test
2491,0,test
1139,0,test
13018,4,test
673,0,test
21360,7,test
2735,0,test
5092,1,test
3182,1,test
9877,3,test
4162,1,test
22634,8,test
24088,9,test
19710,7,test
13939,4,test
1664,0,test
21080,7,test
17028,6,test
13623,4,test
6190,2,test
22008,8,test
2914,0,test
14981,5,test
23882,8,test
268,0,test
17769,6,test
16181,6,test
9809,3,test
15798,5,test
12737,4,test
14524,5,test
25796,9,test
4852,1,test
3493,1,test
293,0,test
16303,6,test
2122,0,test
14042,5,test
10161,3,test
11716,4,test
6665,2,test
10890,3,test
11383,3,test
26393,9,test
11293,3,test
16070,6,test
5923,1,test
6523,2,test
7335,2,test
8355,2,test
22574,8,test
19222,7,test
15370,5,test
6375,2,test
19826,7,test
12195,4,test
8062,2,test
17179,6,test
2872,0,test
26349,9,test
5272,1,test
17593,6,test
1753,0,test
24133,9,test
641,0,test
13476,4,test
26474,9,test
17894,6,test
7857,2,test
20006,7,test
2477,0,test
23655,8,test
17033,6,test
8258,2,test
18134,6,test
13165,4,test
15366,5,test
25679,9,test
3112,1,test
12782,4,test
467,0,test
4054,1,test
25243,9,test
20126,7,test
5719,1,test
928,0,test
9985,3,test
17361,6,test
16542,6,test
12238,4,test
4996,1,test
14608,5,test
47,0,test
19281,7,test
17247,6,test
2449,0,test
13078,4,test
25258,9,test
23275,8,test
13919,4,test
25098,9,test
19044,7,test
5478,1,test
8514,2,test
21020,7,test
26090,9,test
16138,6,test
5003,1,test
22731,8,test
16937,6,test
17715,6,test
9271,3,test
242,0,test
23750,8,test
20387,7,test
14696,5,test
18602,7,test
25754,9,test
6739,2,test
5012,1,test
20622,7,test
24835,9,test
9435,3,test
14709,5,test
7410,2,test
2174,0,test
26281,9,test
17639,6,test
11961,4,test
18053,6,test
21004,7,test
6312,2,test
7033,2,test
10199,3,test
18902,7,test
5442,1,test
8597,2,test
2388,0,test
17564,6,test
3222,1,test
23429,8,test
20389,7,test
26357,9,test
2729,0,test
24131,9,test
3618,1,test
3941,1,test
12067,4,test
18271,6,test
19286,7,test
2325,0,test
15974,5,test
22743,8,test
22906,8,test
5446,1,test
4950,1,test
13894,4,test
16648,6,test
20259,7,test
4972,1,test
26106,9,test
10778,3,test
4307,1,test
4710,1,test
14519,5,test
8489,2,test
4196,1,test
25526,9,test
6121,2,test
22069,8,test
5914,1,test
8545,2,test
3495,1,test
9384,3,test
10318,3,test
15367,5,test
17840,6,test
12275,4,test
2513,0,test
17637,6,test
74,0,test
7505,2,test
12228,4,test
24742,9,test
8524,2,test
14800,5,test
25981,9,test
24547,9,test
6428,2,test
17902,6,test
19115,7,test
13135,4,test
12972,4,test
11453,3,test
5320,1,test
2919,0,test
14846,5,test
10915,3,test
21239,7,test
17044,6,test
6363,2,test
2778,0,test
4216,1,test
23050,8,test
26466,9,test
2017,0,test
1012,0,test
16147,6,test
23805,8,test
23145,8,test
4238,1,test
6055,2,test
24821,9,test
14461,5,test
24263,9,test
24738,9,test
10789,3,test
25014,9,test
7025,2,test
19151,7,test
4819,1,test
15770,5,test
26124,9,test
19203,7,test
13691,4,test
20469,7,test
4251,1,test
3118,1,test
18757,7,test
7526,2,test
20602,7,test
10344,3,test
24582,9,test
3581,1,test
8870,2,test
6870,2,test
5512,1,test
21760,8,test
4995,1,test
25910,9,test
25346,9,test
15547,5,test
20189,7,test
24455,9,test
6264,2,test
24349,9,test
24869,9,test
7958,2,test
9289,3,test
8803,2,test
10527,3,test
1715,0,test
16632,6,test
7427,2,test
16196,6,test
14026,5,test
2571,0,test
21072,7,test
21589,8,test
1527,0,test
14429,5,test
22061,8,test
18021,6,test
9243,3,test
3778,1,test
25753,9,test
11469,3,test
22714,8,test
658,0,test
26967,9,test
19570,7,test
659,0,test
13118,4,test
9792,3,test
26596,9,test
13604,4,test
708,0,test
11344,3,test
19919,7,test
2304,0,test
2254,0,test
15988,5,test
18760,7,test
13744,4,test
22748,8,test
4530,1,test
19810,7,test
19067,7,test
16957,6,test
22031,8,test
6463,2,test
17168,6,test
1296,0,test
19441,7,test
4957,1,test
10648,3,test
16222,6,test
8619,2,test
24818,9,test
872,0,test
23261,8,test
16653,6,test
13158,4,test
9968,3,test
7624,2,test
14344,5,test
23855,8,test
5702,1,test
2354,0,test
8528,2,test
17948,6,test
8381,2,test
7259,2,test
26262,9,test
23223,8,test
21463,7,test
10127,3,test
10833,3,test
12298,4,test
23112,8,test
4227,1,test
17457,6,test
22341,8,test
26494,9,test
6167,2,test
16769,6,test
15078,5,test
4541,1,test
5459,1,test
995,0,test
19875,7,test
46,0,test
7854,2,test
2299,0,test
7882,2,test
5006,1,test
21827,8,test
3007,1,test
23222,8,test
17667,6,test
17728,6,test
9445,3,test
5916,1,test
24660,9,test
10362,3,test
6547,2,test
13392,4,test
14185,5,test
6343,2,test
22775,8,test
16724,6,test
12739,4,test
10019,3,test
17473,6,test
16590,6,test
9725,3,test
60,0,test
14011,5,test
2559,0,test
3909,1,test
20570,7,test
5186,1,test
6124,2,test
10138,3,test
3664,1,test
3551,1,test
25538,9,test
17623,6,test
17822,6,test
24122,9,test
19435,7,test
8543,2,test
13925,4,test
3643,1,test
11411,3,test
4043,1,test
26868,9,test
10441,3,test
5343,1,test
24078,9,test
20603,7,test
954,0,test
17979,6,test
9579,3,test
21718,8,test
5043,1,test
25414,9,test
4237,1,test
22827,8,test
4482,1,test
7563,2,test
22429,8,test
1400,0,test
23795,8,test
16393,6,test
5779,1,test
12784,4,test
11399,3,test
7362,2,test
25114,9,test
1166,0,test
2783,0,test
12084,4,test
6244,2,test
4909,1,test
15666,5,test
20778,7,test
11525,4,test
12660,4,test
4347,1,test
16415,6,test
8104,2,test
5821,1,test
8422,2,test
15022,5,test
11560,4,test
19569,7,test
20304,7,test
10336,3,test
21909,8,test
13428,4,test
16071,6,test
4581,1,test
16507,6,test
1079,0,test
6435,2,test
6494,2,test
3267,1,test
20982,7,test
1696,0,test
8668,2,test
19045,7,test
11249,3,test
13064,4,test
24165,9,test
19708,7,test
1148,0,test
5123,1,test
20556,7,test
6950,2,test
5204,1,test
18855,7,test
8951,2,test
9446,3,test
23025,8,test
13176,4,test
4402,1,test
17743,6,test
924,0,test
14031,5,test
4705,1,test
10879,3,test
18062,6,test
10736,3,test
11753,4,test
1065,0,test
10822,3,test
19105,7,test
11297,3,test
20373,7,test
3972,1,test
9789,3,test
14146,5,test
8787,2,test
23807,8,test
20030,7,test
3665,1,test
3173,1,test
16624,6,test
19144,7,test
4594,1,test
16625,6,test
19295,7,test
18233,6,test
15369,5,test
24461,9,test
11278,3,test
13952,4,test
9010,3,test
8782,2,test
23708,8,test
68,0,test
22720,8,test
3630,1,test
18379,6,test
13846,4,test
11502,4,test
19162,7,test
15719,5,test
4413,1,test
11568,4,test
26674,9,test
8721,2,test
10403,3,test
9337,3,test
5352,1,test
19644,7,test
24375,9,test
22099,8,test
4136,1,test
16660,6,test
26573,9,test
26210,9,test
20852,7,test
1821,0,test
10459,3,test
24885,9,test
523,0,test
14395,5,test
4145,1,test
15743,5,test
9557,3,test
26781,9,test
9002,3,test
7705,2,test
12856,4,test
15466,5,test
5235,1,test
17583,6,test
9331,3,test
22878,8,test
5412,1,test
21050,7,test
14151,5,test
4213,1,test
3474,1,test
24984,9,test
18771,7,test
14723,5,test
21895,8,test
13050,4,test
19136,7,test
7784,2,test
26697,9,test
15789,5,test
3201,1,test
22197,8,test
14885,5,test
11024,3,test
23197,8,test
21592,8,test
5492,1,test
4774,1,test
24961,9,test
25678,9,test
21128,7,test
18330,6,test
25056,9,test
3869,1,test
4515,1,test
6898,2,test
25173,9,test
10175,3,test
22335,8,test
25034,9,test
26828,9,test
23740,8,test
18733,7,test
23336,8,test
15891,5,test
19920,7,test
20137,7,test
21988,8,test
6401,2,test
15333,5,test
16873,6,test
24348,9,test
22291,8,test
14813,5,test
26556,9,test
11015,3,test
8639,2,test
11072,3,test
7554,2,test
19634,7,test
5,0,test
18857,7,test
17836,6,test
5100,1,test
12475,4,test
7887,2,test
5888,1,test
15113,5,test
16939,6,test
11131,3,test
25916,9,test
19084,7,test
161,0,test
6220,2,test
8106,2,test
6056,2,test
24415,9,test
14684,5,test
4849,1,test
13850,4,test
22924,8,test
6069,2,test
19362,7,test
13152,4,test
16500,6,test
16701,6,test
19886,7,test
9141,3,test
4982,1,test
21189,7,test
24429,9,test
6216,2,test
7938,2,test
10588,3,test
7490,2,test
13282,4,test
15643,5,test
24569,9,test
16655,6,test
25434,9,test
18626,7,test
13885,4,test
22351,8,test
20317,7,test
4731,1,test
11111,3,test
21374,7,test
15335,5,test
5558,1,test
2395,0,test
19553,7,test
8061,2,test
25347,9,test
17671,6,test
9794,3,test
12476,4,test
8300,2,test
24950,9,test
2128,0,test
8038,2,test
5122,1,test
14176,5,test
3449,1,test
6373,2,test
26324,9,test
2832,0,test
12013,4,test
9869,3,test
17819,6,test
10529,3,test
9799,3,test
11792,4,test
26750,9,test
18029,6,test
23172,8,test
12114,4,test
11107,3,test
18481,6,test
19224,7,test
7077,2,test
26592,9,test
17868,6,test
3843,1,test
14414,5,test
5188,1,test
4489,1,test
4772,1,test
23072,8,test
125,0,test
21869,8,test
14379,5,test
14793,5,test
5796,1,test
21508,8,test
22931,8,test
7565,2,test
17576,6,test
1076,0,test
5369,1,test
437,0,test
13001,4,test
17159,6,test
13032,4,test
12497,4,test
15971,5,test
20239,7,test
12484,4,test
1604,0,test
9736,3,test
14263,5,test
1806,0,test
24024,9,test
6924,2,test
18086,6,test
15438,5,test
22057,8,test
15383,5,test
8738,2,test
3958,1,test
5653,1,test
23980,8,test
9498,3,test
10124,3,test
6115,2,test
4510,1,test
22468,8,test
4072,1,test
11980,4,test
11624,4,test
20959,7,test
667,0,test
10423,3,test
7299,2,test
412,0,test
5111,1,test
16644,6,test
4053,1,test
13698,4,test
4528,1,test
9603,3,test
6339,2,test
5379,1,test
4384,1,test
20160,7,test
5816,1,test
8016,2,test
9224,3,test
4878,1,test
11830,4,test
13938,4,test
25403,9,test
10515,3,test
18796,7,test
8622,2,test
23839,8,test
13593,4,test
23045,8,test
24556,9,test
21851,8,test
25759,9,test
7016,2,test
24623,9,test
10625,3,test
25059,9,test
6089,2,test
11990,4,test
5467,1,test
19083,7,test
25237,9,test
2389,0,test
19337,7,test
25546,9,test
4587,1,test
10745,3,test
10843,3,test
9801,3,test
13610,4,test
16060,6,test
3419,1,test
956,0,test
18200,6,test
22231,8,test
23476,8,test
10428,3,test
24701,9,test
22782,8,test
13437,4,test
870,0,test
11862,4,test
26144,9,test
1676,0,test
12780,4,test
10775,3,test
8611,2,test
18946,7,test
16616,6,test
23561,8,test
22151,8,test
14565,5,test
23653,8,test
1276,0,test
5804,1,test
15522,5,test
21739,8,test
18642,7,test
6571,2,test
9108,3,test
7342,2,test
14474,5,test
21383,7,test
12778,4,test
7174,2,test
23108,8,test
4830,1,test
15397,5,test
20301,7,test
26878,9,test
25466,9,test
20977,7,test
15686,5,test
12058,4,test
15023,5,test
13893,4,test
16006,6,test
10206,3,test
25611,9,test
90,0,test
7032,2,test
255,0,test
25633,9,test
18769,7,test
20127,7,test
25664,9,test
10936,3,test
698,0,test
24837,9,test
6882,2,test
10372,3,test
23078,8,test
3470,1,test
4003,1,test
22671,8,test
22199,8,test
19496,7,test
6154,2,test
11735,4,test
14633,5,test
11979,4,test
6654,2,test
21179,7,test
15145,5,test
26799,9,test
5217,1,test
17436,6,test
3685,1,test
3990,1,test
23294,8,test
25839,9,test
23215,8,test
11847,4,test
17342,6,test
22558,8,test
19413,7,test
14179,5,test
9520,3,test
23909,8,test
25662,9,test
23753,8,test
25860,9,test
24544,9,test
10806,3,test
12339,4,test
1595,0,test
6865,2,test
517,0,test
4845,1,test
19770,7,test
14095,5,test
7577,2,test
10766,3,test
2551,0,test
1841,0,test
5997,1,test
26854,9,test
15590,5,test
1975,0,test
18149,6,test
10238,3,test
18816,7,test
10276,3,test
5527,1,test
7553,2,test
3678,1,test
24119,9,test
5741,1,test
15581,5,test
918,0,test
6529,2,test
20266,7,test
23678,8,test
20761,7,test
15696,5,test
1884,0,test
17668,6,test
4150,1,test
6458,2,test
3289,1,test
18725,7,test
21220,7,test
21359,7,test
22818,8,test
3405,1,test
16515,6,test
22941,8,test
5903,1,test
9227,3,test
18353,6,test
16474,6,test
22879,8,test
19921,7,test
18635,7,test
16827,6,test
10816,3,test
3714,1,test
5761,1,test
6755,2,test
2924,0,test
17232,6,test
7584,2,test
6520,2,test
24004,9,test
5595,1,test
6253,2,test
2537,0,test
14665,5,test
10886,3,test
876,0,test
4257,1,test
13709,4,test
7551,2,test
7094,2,test
16396,6,test
5827,1,test
4790,1,test
26149,9,test
10646,3,test
10861,3,test
10081,3,test
8676,2,test
4808,1,test
15708,5,test
15778,5,test
12626,4,test
17428,6,test
19986,7,test
23890,8,test
10302,3,test
19113,7,test
23540,8,test
20400,7,test
4648,1,test
1935,0,test
13845,4,test
8929,2,test
22235,8,test
17800,6,test
20365,7,test
4621,1,test
8160,2,test
26704,9,test
9332,3,test
3541,1,test
26315,9,test
14879,5,test
17915,6,test
5495,1,test
8955,2,test
18251,6,test
3998,1,test
6404,2,test
4464,1,test
12119,4,test
19352,7,test
7754,2,test
26976,9,test
3211,1,test
20082,7,test
5733,1,test
24838,9,test
13275,4,test
1484,0,test
21811,8,test
12957,4,test
16243,6,test
1901,0,test
3775,1,test
766,0,test
6491,2,test
23364,8,test
19669,7,test
24174,9,test
24144,9,test
26998,9,test
8464,2,test
14135,5,test
5990,1,test
23338,8,test
17264,6,test
21864,8,test
14015,5,test
12340,4,test
3282,1,test
3614,1,test
19150,7,test
6558,2,test
13386,4,test
3256,1,test
6566,2,test
24260,9,test
22312,8,test
8346,2,test
12415,4,test
3357,1,test
2490,0,test
